rule_id,cwe_id,is_string_concat,is_parameterized_query,has_sanitizer_nearby,in_test_file,is_in_vendor_or_generated_dir,taint_source_distance,function_complexity,code_snippet_length,variable_name_entropy,is_user_input_direct,has_type_validation,is_third_party_lib_call,same_finding_seen_before_count,developer_dismissed_similar_before,file_change_frequency,is_authenticated_endpoint,label
insecure-deserialize,CWE-502,0,0,1,0,0,5,24,72,3.53,0,1,0,1,0,32,0,0
ssrf-request,CWE-918,0,1,0,0,0,9,26,23,3.78,1,1,0,3,1,21,0,0
sqli-concat,CWE-89,1,0,0,0,0,12,20,155,3.92,0,1,0,4,1,39,1,0
ssrf-request,CWE-918,0,0,0,0,0,10,3,139,4.1,1,1,0,5,0,17,0,1
ssrf-request,CWE-918,0,0,0,0,0,9,30,347,3.56,1,0,0,0,1,25,1,1
sqli-concat,CWE-89,0,1,0,0,0,13,29,349,2.88,0,1,0,6,1,25,1,0
xss-unescaped,CWE-79,0,1,0,0,0,4,5,341,1.98,0,1,0,7,0,35,0,0
insecure-deserialize,CWE-502,0,1,1,0,0,14,6,252,1.51,1,0,0,1,1,19,0,0
xss-unescaped,CWE-79,1,0,0,0,0,17,30,20,3.3,0,1,1,4,0,15,0,0
sqli-concat,CWE-89,1,0,0,1,0,18,25,84,1.89,0,1,0,9,0,13,0,0
insecure-deserialize,CWE-502,1,0,1,1,0,12,15,284,2.85,0,1,0,8,0,14,0,0
sqli-concat,CWE-89,0,0,0,1,0,11,3,283,2.21,0,0,0,9,0,15,1,0
path-traversal,CWE-22,0,0,0,0,0,12,14,230,2.9,0,0,0,5,1,6,0,0
xss-unescaped,CWE-79,0,1,0,0,0,9,15,147,4.12,0,0,0,8,1,5,0,0
xss-unescaped,CWE-79,1,0,1,0,0,13,29,50,1.99,1,1,1,7,0,44,1,0
xss-unescaped,CWE-79,0,1,0,1,0,19,24,297,1.68,0,1,0,8,0,32,0,0
xss-unescaped,CWE-79,0,0,0,0,0,19,8,316,3.28,1,1,1,3,0,20,0,0
hardcoded-secret,CWE-798,1,0,0,0,1,10,15,181,4.29,0,1,0,9,1,4,0,0
ssrf-request,CWE-918,1,0,0,1,0,3,29,145,2.61,1,0,0,8,0,42,0,1
xss-unescaped,CWE-79,1,0,0,1,0,18,5,159,2.35,1,0,0,4,0,16,0,0
sqli-concat,CWE-89,1,0,1,0,0,11,25,86,3.41,1,1,0,1,0,44,0,1
ssrf-request,CWE-918,0,1,0,0,0,2,10,206,4.2,0,1,0,3,0,22,1,0
ssrf-request,CWE-918,0,0,0,1,0,6,29,231,1.57,1,1,1,3,0,50,0,0
path-traversal,CWE-22,0,1,0,0,0,15,12,176,3.96,0,0,0,6,0,4,1,0
hardcoded-secret,CWE-798,1,0,1,1,1,4,29,153,2.04,1,0,0,6,0,50,1,0
path-traversal,CWE-22,0,1,0,0,0,14,1,286,4.28,0,1,0,10,1,39,1,0
insecure-deserialize,CWE-502,0,1,1,0,0,11,13,376,2.39,1,1,0,2,0,19,1,0
ssrf-request,CWE-918,0,1,1,0,0,19,20,355,2.47,0,1,1,2,0,18,1,0
sqli-concat,CWE-89,0,1,0,0,0,5,1,43,2.23,0,1,0,10,0,45,1,0
path-traversal,CWE-22,1,0,0,0,0,1,29,74,3.84,1,0,0,1,0,29,1,1
path-traversal,CWE-22,1,0,1,1,0,16,15,152,3.76,1,1,0,4,0,45,1,0
xss-unescaped,CWE-79,1,0,1,0,0,18,3,90,1.95,0,0,0,6,0,29,1,1
sqli-concat,CWE-89,0,1,1,1,0,19,23,30,4.07,1,1,0,5,0,24,1,0
ssrf-request,CWE-918,0,1,0,0,0,16,1,219,2.51,1,0,1,2,1,34,0,0
path-traversal,CWE-22,0,0,1,0,0,15,6,45,2.28,1,1,0,6,0,26,1,0
sqli-concat,CWE-89,1,0,0,0,0,2,12,134,3.45,0,0,1,3,1,39,0,1
xss-unescaped,CWE-79,0,1,0,0,0,7,15,378,2.27,0,0,1,1,0,19,1,0
path-traversal,CWE-22,0,0,0,0,0,10,28,370,3.3,0,1,0,10,0,32,1,0
sqli-concat,CWE-89,1,0,1,0,0,12,21,255,3.62,1,1,0,9,0,15,0,0
hardcoded-secret,CWE-798,1,0,0,0,0,19,20,362,2.64,1,0,0,5,1,21,1,1
ssrf-request,CWE-918,1,0,0,0,0,7,3,143,3.66,0,1,0,7,0,1,0,1
hardcoded-secret,CWE-798,0,1,0,0,0,19,12,262,3.16,1,1,0,4,0,14,0,0
insecure-deserialize,CWE-502,0,1,0,0,0,6,7,130,3.72,1,0,1,4,0,11,1,0
sqli-concat,CWE-89,0,1,0,1,0,18,10,377,4.33,1,0,1,9,0,30,1,0
hardcoded-secret,CWE-798,0,0,1,1,0,16,4,53,2.7,0,0,0,9,1,5,0,0
sqli-concat,CWE-89,1,0,0,0,0,13,15,246,2.39,1,1,0,0,0,47,0,1
xss-unescaped,CWE-79,0,1,0,0,0,6,18,58,1.97,1,1,0,4,1,44,1,0
sqli-concat,CWE-89,0,1,0,0,0,18,8,351,1.95,0,0,0,4,0,36,1,0
path-traversal,CWE-22,0,1,1,0,0,9,17,296,2.98,0,1,0,9,0,5,0,0
insecure-deserialize,CWE-502,0,1,0,0,1,6,16,285,3.45,0,1,0,7,1,30,1,0
path-traversal,CWE-22,1,0,1,0,0,6,11,230,3.58,1,0,0,5,0,7,1,1
ssrf-request,CWE-918,0,1,1,0,0,17,12,338,3.77,0,0,0,2,1,28,1,0
sqli-concat,CWE-89,0,0,0,0,1,1,18,228,1.78,0,1,1,10,1,31,1,0
ssrf-request,CWE-918,1,0,1,0,0,16,8,253,3.15,0,0,0,6,0,50,1,0
sqli-concat,CWE-89,1,0,1,0,0,19,22,270,4.1,1,1,0,8,0,20,0,1
insecure-deserialize,CWE-502,0,1,0,1,0,14,2,182,3.73,1,1,1,10,1,31,0,0
xss-unescaped,CWE-79,1,0,0,1,0,15,4,289,4.23,0,1,1,2,0,50,1,0
hardcoded-secret,CWE-798,1,0,0,1,0,18,13,182,3.38,1,0,0,3,0,18,0,1
insecure-deserialize,CWE-502,0,1,0,0,1,4,15,105,3.58,0,1,1,4,0,27,0,0
xss-unescaped,CWE-79,1,0,0,0,0,3,20,215,3.36,0,0,0,4,0,42,0,1
path-traversal,CWE-22,1,0,0,0,0,12,19,173,3.42,1,1,1,3,1,30,0,1
xss-unescaped,CWE-79,1,0,1,0,0,10,1,357,2.69,0,1,1,4,1,14,1,0
xss-unescaped,CWE-79,0,1,0,0,0,2,10,245,1.6,0,0,1,5,1,11,0,0
xss-unescaped,CWE-79,1,0,1,0,0,9,30,266,4.4,1,0,0,1,0,14,1,1
ssrf-request,CWE-918,1,0,0,0,0,1,9,294,1.87,1,1,1,5,0,14,1,1
sqli-concat,CWE-89,1,0,0,0,0,15,30,378,2.41,0,0,1,4,1,7,0,1
xss-unescaped,CWE-79,0,1,1,0,0,18,14,320,3.73,1,0,1,9,0,17,0,0
insecure-deserialize,CWE-502,1,0,0,0,0,8,28,205,1.8,1,0,0,3,1,29,0,1
insecure-deserialize,CWE-502,0,0,0,0,0,8,5,309,2.12,0,0,1,3,0,9,0,0
hardcoded-secret,CWE-798,0,0,1,0,0,4,22,33,1.9,0,1,0,4,0,47,1,0
ssrf-request,CWE-918,0,0,1,0,0,12,17,323,1.83,0,1,0,0,0,30,1,0
path-traversal,CWE-22,0,1,1,0,0,3,11,331,1.95,1,1,1,8,0,32,1,0
sqli-concat,CWE-89,0,0,1,0,0,8,14,193,3.98,0,1,0,10,0,9,1,0
sqli-concat,CWE-89,0,0,0,0,0,12,26,86,3.17,1,0,0,10,1,27,0,1
hardcoded-secret,CWE-798,1,0,1,0,0,17,7,99,3.47,0,1,1,5,0,17,0,0
path-traversal,CWE-22,0,1,0,0,0,10,30,193,2.55,0,1,0,10,1,5,0,0
path-traversal,CWE-22,1,0,1,0,1,12,10,389,2.47,0,0,0,9,0,5,1,0
path-traversal,CWE-22,1,0,1,0,0,14,9,130,3.76,1,0,0,10,0,33,1,1
sqli-concat,CWE-89,0,1,0,0,0,10,7,90,3.79,0,0,0,6,0,24,0,0
ssrf-request,CWE-918,1,0,0,0,0,2,14,29,2.88,1,1,0,10,0,7,1,1
sqli-concat,CWE-89,1,0,0,0,0,20,15,373,4.26,0,0,0,6,0,25,1,1
insecure-deserialize,CWE-502,1,0,0,0,0,6,3,281,3.4,0,1,0,10,1,15,0,0
xss-unescaped,CWE-79,1,0,0,0,1,5,25,355,1.73,1,1,1,9,0,36,1,1
insecure-deserialize,CWE-502,1,0,0,0,0,16,15,343,2.41,0,1,0,4,0,2,0,0
hardcoded-secret,CWE-798,1,0,0,0,0,3,20,324,3.02,0,1,1,9,0,20,1,0
ssrf-request,CWE-918,0,0,1,0,0,11,23,63,3.01,0,1,1,8,0,10,1,0
hardcoded-secret,CWE-798,1,0,1,0,0,11,22,326,1.66,1,0,0,8,0,18,1,1
insecure-deserialize,CWE-502,0,1,0,0,0,5,30,199,2.43,1,0,0,1,0,24,1,0
xss-unescaped,CWE-79,0,1,1,0,0,10,6,129,2.53,0,0,1,2,0,50,0,0
ssrf-request,CWE-918,0,1,0,0,0,5,6,112,3.99,0,1,0,5,0,15,1,0
ssrf-request,CWE-918,1,0,1,0,0,8,10,260,4.21,1,1,1,6,0,26,0,1
xss-unescaped,CWE-79,0,1,0,0,0,12,18,72,3.63,0,1,0,2,0,32,0,0
path-traversal,CWE-22,0,0,1,1,0,1,14,47,2.69,1,0,0,0,0,6,1,0
xss-unescaped,CWE-79,0,0,1,1,0,16,23,91,3.78,0,0,0,3,1,35,1,0
sqli-concat,CWE-89,1,0,0,0,0,2,8,234,3.42,0,0,1,7,0,1,0,1
insecure-deserialize,CWE-502,0,1,1,0,0,12,8,312,2.75,0,1,0,8,0,50,0,0
path-traversal,CWE-22,1,0,0,0,0,12,9,28,2.57,0,0,1,5,0,22,1,1
insecure-deserialize,CWE-502,0,1,1,0,0,5,3,386,3.83,1,0,0,3,1,20,1,0
ssrf-request,CWE-918,1,0,1,0,0,7,10,202,4.09,1,1,0,5,0,25,1,0
path-traversal,CWE-22,1,0,0,0,0,16,12,285,2.3,1,0,0,2,0,20,0,1
sqli-concat,CWE-89,1,0,1,0,0,20,23,238,2.0,1,0,0,5,0,27,1,1
insecure-deserialize,CWE-502,0,0,1,0,0,6,1,93,4.05,1,0,0,3,1,23,1,0
path-traversal,CWE-22,0,0,1,1,0,12,15,59,3.22,1,1,0,3,1,1,0,0
path-traversal,CWE-22,1,0,0,0,0,9,23,248,2.14,1,0,0,1,0,45,1,1
sqli-concat,CWE-89,1,0,1,0,0,18,18,168,4.17,0,1,0,1,1,50,0,0
xss-unescaped,CWE-79,1,0,0,0,0,19,12,259,3.91,0,0,0,7,0,49,1,1
ssrf-request,CWE-918,0,0,1,0,0,15,15,368,3.05,0,0,0,0,1,33,0,0
hardcoded-secret,CWE-798,0,0,1,1,0,8,12,285,4.18,1,0,0,8,0,40,1,0
ssrf-request,CWE-918,0,0,0,0,1,20,24,329,2.51,0,0,0,10,1,16,0,0
ssrf-request,CWE-918,1,0,0,0,0,18,10,348,4.37,1,1,0,0,0,26,1,1
path-traversal,CWE-22,0,1,0,0,0,11,24,196,4.43,1,0,0,7,0,28,0,0
xss-unescaped,CWE-79,0,0,1,1,1,20,14,147,4.39,1,1,0,2,0,32,1,0
path-traversal,CWE-22,1,0,1,0,0,13,17,254,4.4,1,0,0,7,0,41,1,1
hardcoded-secret,CWE-798,0,0,1,0,0,9,24,207,3.79,1,0,0,3,0,18,0,1
path-traversal,CWE-22,1,0,1,0,1,20,22,332,1.86,1,1,1,5,0,23,0,0
xss-unescaped,CWE-79,1,0,0,0,0,5,23,190,3.91,0,0,0,9,0,25,1,1
ssrf-request,CWE-918,1,0,1,0,0,10,16,28,2.61,1,1,1,10,0,30,1,0
insecure-deserialize,CWE-502,0,0,1,0,0,20,25,214,1.94,0,0,0,7,0,9,1,0
insecure-deserialize,CWE-502,0,1,1,1,0,2,23,90,3.06,1,1,0,2,0,34,1,0
ssrf-request,CWE-918,1,0,1,0,0,7,8,162,3.17,1,1,0,7,0,22,1,1
hardcoded-secret,CWE-798,0,1,1,0,0,5,10,41,2.36,1,1,0,7,0,34,1,0
ssrf-request,CWE-918,1,0,0,0,1,19,8,144,1.65,0,0,0,6,0,30,0,0
insecure-deserialize,CWE-502,0,0,0,0,1,16,16,353,2.1,1,1,0,1,0,14,0,0
xss-unescaped,CWE-79,1,0,0,1,0,2,27,223,3.86,1,0,0,9,0,21,1,1
path-traversal,CWE-22,1,0,0,1,0,15,9,118,3.93,1,1,0,0,1,50,1,0
ssrf-request,CWE-918,0,0,1,0,0,17,11,64,2.7,0,1,0,3,0,24,0,0
path-traversal,CWE-22,1,0,1,0,0,19,1,153,3.46,0,0,0,2,0,32,1,0
insecure-deserialize,CWE-502,0,1,1,0,0,8,5,264,1.96,1,1,0,7,1,42,0,0
xss-unescaped,CWE-79,0,1,1,0,1,19,4,51,3.99,0,0,0,8,0,43,0,0
insecure-deserialize,CWE-502,1,0,0,1,0,15,26,48,2.86,1,0,0,10,1,46,0,0
path-traversal,CWE-22,1,0,0,0,0,19,3,43,2.77,0,0,1,7,0,26,0,0
xss-unescaped,CWE-79,1,0,1,1,0,13,15,213,2.63,0,1,0,8,0,8,0,0
sqli-concat,CWE-89,0,1,1,0,0,18,14,292,2.64,1,1,0,3,1,46,0,0
sqli-concat,CWE-89,1,0,0,0,0,3,4,324,1.6,0,0,0,6,0,34,0,1
sqli-concat,CWE-89,0,1,0,0,0,19,11,315,3.29,1,0,0,2,1,33,0,0
path-traversal,CWE-22,1,0,1,0,0,19,29,396,4.23,1,1,0,5,1,42,1,1
ssrf-request,CWE-918,1,0,1,0,0,10,13,114,3.76,0,1,1,2,1,3,1,0
path-traversal,CWE-22,0,1,0,0,0,11,21,60,4.27,0,0,0,6,0,38,0,0
sqli-concat,CWE-89,0,0,1,0,0,11,10,27,2.14,0,1,1,9,1,25,0,0
ssrf-request,CWE-918,1,0,1,0,0,18,21,203,2.43,1,1,0,7,1,20,0,0
hardcoded-secret,CWE-798,1,0,1,0,0,8,24,94,1.55,1,1,0,5,0,36,0,1
path-traversal,CWE-22,1,0,1,0,0,16,24,348,3.72,1,0,0,8,0,34,0,1
ssrf-request,CWE-918,0,0,0,0,0,14,5,342,2.19,0,0,0,5,0,40,1,0
insecure-deserialize,CWE-502,1,0,0,0,0,18,14,26,1.55,1,0,0,10,0,11,0,1
sqli-concat,CWE-89,0,0,0,0,0,9,27,201,2.3,1,1,0,3,1,14,1,0
insecure-deserialize,CWE-502,0,0,0,0,0,13,18,263,1.67,0,0,0,6,0,21,0,1
ssrf-request,CWE-918,0,0,0,1,0,19,16,158,1.64,1,0,0,5,0,13,0,0
insecure-deserialize,CWE-502,1,0,0,0,0,19,8,310,4.0,1,1,1,2,1,44,0,0
ssrf-request,CWE-918,1,0,0,0,0,8,27,58,2.52,1,1,0,4,1,28,1,1
xss-unescaped,CWE-79,1,0,1,0,0,19,22,214,1.76,0,0,0,2,0,50,0,1
insecure-deserialize,CWE-502,1,0,1,0,0,3,1,177,2.83,0,0,0,6,0,35,1,1
sqli-concat,CWE-89,0,0,1,0,0,20,20,186,4.09,1,1,1,8,1,15,0,0
insecure-deserialize,CWE-502,1,0,0,0,0,10,9,272,1.94,1,1,0,1,0,15,1,1
ssrf-request,CWE-918,0,1,0,0,0,1,13,190,4.02,1,1,0,10,1,8,1,0
hardcoded-secret,CWE-798,0,1,1,0,0,13,11,169,3.7,0,1,0,6,0,36,0,0
ssrf-request,CWE-918,0,0,1,1,0,7,15,169,3.99,1,1,0,4,0,42,0,0
insecure-deserialize,CWE-502,1,0,1,0,0,20,16,318,2.7,1,0,1,5,1,34,0,1
sqli-concat,CWE-89,0,1,0,0,0,2,19,350,3.53,1,1,0,1,0,32,0,1
path-traversal,CWE-22,1,0,1,0,1,19,23,276,1.95,1,0,0,1,0,46,0,1
hardcoded-secret,CWE-798,1,0,1,0,0,7,17,267,2.54,1,1,0,0,1,7,0,1
hardcoded-secret,CWE-798,0,0,0,0,1,18,6,189,3.18,0,1,0,2,0,27,1,0
sqli-concat,CWE-89,0,1,1,0,0,7,7,162,3.76,0,0,1,8,0,20,0,0
path-traversal,CWE-22,0,1,1,0,0,11,20,218,3.33,1,1,1,9,0,43,1,0
ssrf-request,CWE-918,0,0,1,0,0,10,4,113,2.62,1,1,0,9,0,11,1,0
insecure-deserialize,CWE-502,0,0,1,0,0,6,11,250,3.36,0,1,0,6,1,32,1,0
path-traversal,CWE-22,1,0,1,0,0,15,16,105,1.75,0,1,0,3,0,10,1,0
ssrf-request,CWE-918,1,0,0,0,0,9,25,298,3.97,0,1,0,6,0,41,0,1
hardcoded-secret,CWE-798,0,1,1,0,0,3,15,80,3.83,1,1,0,2,1,13,0,0
ssrf-request,CWE-918,1,0,1,0,0,6,11,380,2.38,0,0,1,6,1,17,0,0
insecure-deserialize,CWE-502,0,0,0,0,0,8,25,366,2.68,1,1,0,1,0,49,0,1
path-traversal,CWE-22,1,0,1,0,0,16,11,317,1.51,0,1,0,5,1,50,1,0
xss-unescaped,CWE-79,1,0,0,0,0,11,27,165,2.51,1,1,1,0,0,40,1,1
sqli-concat,CWE-89,0,0,1,0,0,14,7,372,4.23,1,0,1,4,0,23,1,0
sqli-concat,CWE-89,1,0,0,0,0,10,24,378,3.77,0,0,0,7,0,37,0,1
ssrf-request,CWE-918,1,0,0,0,0,11,27,81,4.46,0,1,0,6,0,6,0,1
hardcoded-secret,CWE-798,1,0,1,0,0,5,21,366,1.93,0,0,0,3,0,9,1,0
ssrf-request,CWE-918,1,0,0,0,0,4,5,83,3.27,1,1,1,3,0,5,0,1
ssrf-request,CWE-918,1,0,0,0,0,10,7,285,3.32,1,1,0,3,0,7,0,1
path-traversal,CWE-22,0,0,1,1,0,5,13,311,2.76,0,1,1,1,0,4,0,0
hardcoded-secret,CWE-798,0,0,0,1,0,13,17,166,3.39,1,1,0,1,0,34,0,1
hardcoded-secret,CWE-798,0,1,0,0,0,7,26,99,3.11,0,1,0,3,0,5,1,0
sqli-concat,CWE-89,1,0,0,0,0,6,4,26,3.62,0,1,1,8,0,46,1,0
xss-unescaped,CWE-79,1,0,0,0,0,9,24,80,3.81,1,1,0,4,1,36,0,1
path-traversal,CWE-22,1,0,1,0,0,19,6,208,1.97,0,0,0,0,0,0,0,1
sqli-concat,CWE-89,1,0,1,0,1,5,6,38,3.16,1,0,0,6,1,20,1,0
sqli-concat,CWE-89,1,0,0,0,1,2,6,134,3.91,1,0,1,4,1,19,1,1
sqli-concat,CWE-89,1,0,0,0,0,10,19,175,3.72,1,1,1,3,1,34,0,1
xss-unescaped,CWE-79,0,1,0,0,1,12,21,375,4.13,0,1,1,4,0,33,0,0
path-traversal,CWE-22,1,0,0,1,1,5,23,163,1.78,1,1,0,1,0,32,0,0
insecure-deserialize,CWE-502,1,0,0,0,0,2,14,359,4.39,1,1,1,6,1,47,1,0
hardcoded-secret,CWE-798,1,0,1,0,0,7,5,319,1.83,1,1,0,1,0,49,0,0
path-traversal,CWE-22,1,0,1,0,0,4,3,100,3.92,0,0,1,5,0,45,0,1
hardcoded-secret,CWE-798,1,0,0,0,0,9,27,109,1.59,1,0,0,1,1,8,0,1
sqli-concat,CWE-89,0,0,0,0,0,13,12,371,3.39,1,0,0,1,0,41,1,0
xss-unescaped,CWE-79,0,1,0,0,0,15,2,106,4.27,1,1,0,10,0,22,0,0
xss-unescaped,CWE-79,1,0,1,0,0,5,2,334,3.36,1,1,0,8,0,5,1,0
path-traversal,CWE-22,0,1,0,0,0,17,8,342,4.48,0,1,1,5,0,50,1,0
hardcoded-secret,CWE-798,1,0,1,0,0,1,11,325,2.16,1,0,1,7,0,49,0,1
xss-unescaped,CWE-79,0,0,0,0,1,2,25,132,3.23,1,1,1,2,0,37,1,0
insecure-deserialize,CWE-502,1,0,0,0,1,12,19,308,1.93,1,1,0,0,0,14,0,0
sqli-concat,CWE-89,1,0,0,0,0,20,7,86,2.52,1,0,0,9,1,9,0,1
ssrf-request,CWE-918,1,0,0,0,0,13,19,71,2.51,0,1,1,7,0,11,1,0
xss-unescaped,CWE-79,0,1,1,0,1,10,5,110,3.69,1,0,0,5,1,39,0,0
insecure-deserialize,CWE-502,0,1,0,0,0,3,8,197,4.45,0,1,0,4,0,44,0,0
hardcoded-secret,CWE-798,1,0,0,0,1,2,13,244,3.7,1,1,1,5,0,6,1,0
ssrf-request,CWE-918,0,0,1,0,1,2,10,30,2.46,0,1,0,6,0,4,0,0
hardcoded-secret,CWE-798,1,0,0,0,0,6,20,242,1.97,0,0,0,8,1,46,1,0
insecure-deserialize,CWE-502,1,0,1,0,0,2,13,312,3.15,0,1,0,1,0,42,1,0
xss-unescaped,CWE-79,0,0,0,0,0,10,3,262,4.03,1,1,0,10,0,41,1,0
xss-unescaped,CWE-79,1,0,1,0,0,15,2,154,2.82,1,0,0,10,0,42,1,1
ssrf-request,CWE-918,1,0,0,0,0,13,27,287,2.76,1,0,0,1,0,45,0,1
ssrf-request,CWE-918,0,0,1,0,0,6,7,118,1.88,1,0,1,10,0,38,1,0
hardcoded-secret,CWE-798,0,0,1,0,1,18,11,161,3.06,0,1,0,2,0,37,0,0
sqli-concat,CWE-89,0,1,1,1,0,9,13,355,2.96,0,0,0,2,0,43,1,0
sqli-concat,CWE-89,1,0,1,0,0,2,24,263,4.26,0,1,1,4,0,31,0,0
xss-unescaped,CWE-79,0,1,1,0,0,11,9,393,2.75,0,1,0,6,1,48,1,0
sqli-concat,CWE-89,0,0,1,0,0,13,5,288,4.14,0,0,1,3,0,3,1,0
insecure-deserialize,CWE-502,0,1,1,0,0,17,13,345,4.27,0,1,0,7,0,30,1,0
hardcoded-secret,CWE-798,0,1,0,0,0,13,2,103,4.06,0,0,0,10,0,41,1,0
ssrf-request,CWE-918,0,0,1,1,0,6,20,24,2.17,1,1,0,6,1,29,1,0
xss-unescaped,CWE-79,1,0,1,0,0,20,13,319,1.81,1,1,0,1,0,21,1,1
insecure-deserialize,CWE-502,1,0,1,0,0,10,7,96,3.05,0,1,0,10,0,1,1,0
hardcoded-secret,CWE-798,1,0,1,0,0,2,19,382,4.48,1,0,0,10,1,42,1,1
ssrf-request,CWE-918,1,0,0,0,0,18,6,170,1.79,1,0,1,5,0,14,1,1
xss-unescaped,CWE-79,1,0,1,0,0,11,12,153,3.26,0,1,0,10,0,39,0,0
path-traversal,CWE-22,0,0,1,0,0,14,2,97,1.91,1,1,0,2,1,31,1,0
insecure-deserialize,CWE-502,0,1,0,0,0,9,7,106,3.23,0,0,0,10,0,27,1,0
path-traversal,CWE-22,0,0,0,0,0,1,29,184,3.77,0,0,0,3,0,22,1,0
xss-unescaped,CWE-79,0,1,1,0,0,2,10,168,2.87,1,1,1,2,0,31,1,0
xss-unescaped,CWE-79,0,1,0,0,0,5,7,395,1.57,0,1,0,0,0,40,1,0
ssrf-request,CWE-918,0,0,0,0,0,1,2,373,1.85,0,1,0,2,0,43,0,0
hardcoded-secret,CWE-798,1,0,0,0,0,9,20,330,3.6,0,0,0,1,0,38,0,1
hardcoded-secret,CWE-798,0,1,1,0,0,2,18,274,4.23,1,1,0,0,0,7,1,0
xss-unescaped,CWE-79,0,0,0,1,0,8,15,171,2.29,0,0,1,5,1,20,1,0
insecure-deserialize,CWE-502,0,0,0,0,0,5,22,351,2.01,1,1,1,1,0,21,0,1
sqli-concat,CWE-89,1,0,1,1,0,9,27,217,3.57,1,0,0,0,1,10,0,1
path-traversal,CWE-22,1,0,1,0,0,13,25,203,3.33,0,1,1,1,1,28,0,0
sqli-concat,CWE-89,1,0,1,0,0,17,25,400,3.23,1,0,0,3,0,42,1,1
xss-unescaped,CWE-79,0,0,0,0,0,16,28,273,4.11,1,1,0,4,0,14,1,0
path-traversal,CWE-22,0,0,1,0,0,19,15,65,4.07,0,1,0,0,0,26,0,0
ssrf-request,CWE-918,0,0,1,1,1,18,7,355,3.51,1,0,1,7,0,49,1,0
insecure-deserialize,CWE-502,1,0,1,0,0,8,1,194,2.57,1,1,0,0,1,31,0,1
insecure-deserialize,CWE-502,1,0,0,0,0,7,7,81,4.29,1,0,0,1,1,2,0,1
path-traversal,CWE-22,1,0,0,1,1,1,17,396,1.65,1,0,0,2,1,8,0,1
path-traversal,CWE-22,1,0,1,0,0,20,30,374,3.79,1,1,0,2,0,38,1,0
insecure-deserialize,CWE-502,1,0,0,0,1,20,23,168,3.56,0,0,0,10,0,7,1,0
ssrf-request,CWE-918,1,0,1,0,0,18,10,236,3.92,0,1,0,10,0,17,0,0
hardcoded-secret,CWE-798,1,0,0,0,0,10,7,297,1.6,0,0,0,8,0,32,1,0
insecure-deserialize,CWE-502,0,1,1,0,0,11,18,47,1.54,1,0,1,10,0,37,0,0
insecure-deserialize,CWE-502,0,1,1,0,0,3,6,108,3.71,0,1,0,4,0,37,1,0
sqli-concat,CWE-89,1,0,1,0,0,5,2,98,4.29,1,1,1,8,0,50,1,0
ssrf-request,CWE-918,0,0,0,0,0,6,14,298,3.11,0,0,0,5,0,13,1,0
ssrf-request,CWE-918,0,0,1,0,0,20,30,338,2.23,1,1,1,1,0,34,1,0
sqli-concat,CWE-89,1,0,1,0,0,10,29,353,2.08,0,0,1,8,0,40,0,1
xss-unescaped,CWE-79,0,1,0,0,0,14,21,56,3.74,1,1,0,1,0,50,1,0
ssrf-request,CWE-918,0,0,1,0,0,15,21,227,2.8,0,0,0,9,0,47,0,0
insecure-deserialize,CWE-502,0,1,0,0,1,10,20,64,2.34,1,1,1,0,0,34,0,0
xss-unescaped,CWE-79,1,0,1,1,1,5,10,366,4.16,1,0,0,8,0,2,0,0
ssrf-request,CWE-918,1,0,0,0,0,12,7,231,4.22,0,0,0,9,1,12,0,0
xss-unescaped,CWE-79,0,1,0,0,0,3,9,70,2.09,1,1,0,10,0,18,0,0
xss-unescaped,CWE-79,1,0,1,0,0,20,22,176,3.58,1,1,1,2,0,15,0,0
insecure-deserialize,CWE-502,1,0,1,0,0,5,22,395,2.49,1,1,1,7,0,11,0,1
hardcoded-secret,CWE-798,0,0,1,0,0,3,24,58,4.18,0,1,1,3,1,35,1,0
ssrf-request,CWE-918,1,0,0,0,0,8,29,321,3.7,1,0,0,8,0,15,0,1
ssrf-request,CWE-918,0,1,0,0,0,19,22,94,3.71,1,0,0,7,0,16,1,0
xss-unescaped,CWE-79,0,0,1,0,0,15,29,43,1.62,0,1,1,4,0,36,0,0
path-traversal,CWE-22,1,0,1,0,1,3,17,148,2.63,1,1,1,5,0,30,0,1
ssrf-request,CWE-918,0,1,0,0,0,17,21,163,2.13,1,0,0,6,1,46,0,0
path-traversal,CWE-22,1,0,1,0,0,6,21,230,1.57,0,0,0,0,1,9,0,1
xss-unescaped,CWE-79,1,0,0,0,0,13,20,308,3.41,1,0,0,9,1,30,0,1
xss-unescaped,CWE-79,1,0,0,0,0,6,20,357,3.03,1,1,0,1,0,24,0,1
sqli-concat,CWE-89,0,0,1,0,0,20,4,110,2.93,0,0,0,10,0,38,0,0
insecure-deserialize,CWE-502,1,0,1,0,1,2,23,291,2.79,1,1,0,9,0,8,1,1
path-traversal,CWE-22,0,0,1,0,0,18,14,151,2.07,0,0,0,6,0,44,1,0
path-traversal,CWE-22,1,0,0,0,0,19,9,153,4.06,1,1,1,6,1,26,1,0
xss-unescaped,CWE-79,1,0,1,0,0,10,19,196,3.82,0,0,0,7,1,10,0,0
xss-unescaped,CWE-79,1,0,1,0,0,20,23,370,3.62,0,0,1,7,1,27,0,0
sqli-concat,CWE-89,1,0,0,0,1,20,2,390,2.65,1,0,1,2,0,28,0,1
xss-unescaped,CWE-79,1,0,0,0,0,20,17,284,3.6,0,1,0,0,1,5,1,0
path-traversal,CWE-22,1,0,1,0,0,7,17,27,3.71,0,1,0,8,1,22,1,0
hardcoded-secret,CWE-798,0,0,1,1,0,19,1,153,2.03,0,1,0,1,1,16,1,0
insecure-deserialize,CWE-502,1,0,1,0,0,8,25,193,4.38,1,0,0,4,0,40,0,1
insecure-deserialize,CWE-502,0,1,1,1,0,17,18,24,3.6,1,0,0,5,0,11,1,0
hardcoded-secret,CWE-798,1,0,0,1,0,9,6,369,4.29,0,0,0,4,0,12,0,0
ssrf-request,CWE-918,1,0,0,0,0,4,30,60,3.53,0,0,1,5,0,31,1,1
path-traversal,CWE-22,0,1,1,0,0,19,5,47,3.08,0,1,0,10,1,29,0,0
insecure-deserialize,CWE-502,1,0,1,0,0,1,22,127,2.64,1,1,0,4,0,30,1,1
hardcoded-secret,CWE-798,0,1,1,0,0,12,12,225,2.34,0,0,1,4,1,35,1,0
path-traversal,CWE-22,0,0,0,0,1,1,6,235,3.0,1,1,0,8,1,3,1,0
sqli-concat,CWE-89,0,0,0,0,0,16,27,342,1.79,1,1,0,8,1,16,1,0
sqli-concat,CWE-89,1,0,0,0,0,20,7,315,3.23,0,1,0,10,0,49,1,0
sqli-concat,CWE-89,1,0,1,0,1,5,28,105,3.42,1,1,1,1,0,21,0,0
hardcoded-secret,CWE-798,1,0,1,0,0,20,21,222,2.31,1,1,0,2,1,8,0,0
insecure-deserialize,CWE-502,1,0,0,0,0,13,4,68,1.69,0,0,1,8,1,5,0,0
hardcoded-secret,CWE-798,0,0,1,0,0,8,24,165,2.83,0,0,0,5,1,20,1,0
path-traversal,CWE-22,1,0,1,0,0,18,6,322,3.29,1,1,1,7,0,5,1,0
hardcoded-secret,CWE-798,1,0,1,0,0,10,1,20,3.07,0,1,0,8,0,31,1,0
hardcoded-secret,CWE-798,0,1,1,0,0,1,18,211,2.07,1,1,0,10,0,24,0,0
hardcoded-secret,CWE-798,0,1,0,0,0,20,26,375,3.55,1,1,0,1,0,18,0,0
insecure-deserialize,CWE-502,1,0,1,0,0,20,16,116,2.46,0,0,1,4,0,45,1,0
insecure-deserialize,CWE-502,0,0,0,0,0,16,7,195,2.76,1,1,0,0,0,48,0,0
sqli-concat,CWE-89,1,0,1,0,0,16,6,118,4.19,1,0,0,3,0,28,0,1
insecure-deserialize,CWE-502,0,0,1,0,0,4,17,360,4.45,1,1,0,0,1,35,0,1
hardcoded-secret,CWE-798,1,0,1,0,0,2,28,361,2.15,1,1,0,4,0,25,0,1
sqli-concat,CWE-89,0,1,0,0,0,3,8,100,3.0,1,0,0,10,0,34,0,1
xss-unescaped,CWE-79,1,0,0,0,0,18,26,350,3.77,1,0,0,6,0,8,1,1
sqli-concat,CWE-89,1,0,1,0,0,18,23,270,2.07,1,1,0,4,1,38,0,1
sqli-concat,CWE-89,0,1,1,0,0,18,12,252,1.5,1,0,1,9,1,49,0,0
hardcoded-secret,CWE-798,0,1,0,0,0,16,25,302,1.96,1,1,0,8,0,2,0,0
xss-unescaped,CWE-79,0,0,0,0,0,4,2,312,3.43,1,1,0,3,0,4,0,1
xss-unescaped,CWE-79,1,0,0,0,0,2,12,305,3.73,1,0,1,4,0,46,0,1
hardcoded-secret,CWE-798,0,0,0,0,0,8,18,217,2.07,0,0,0,8,0,6,1,0
insecure-deserialize,CWE-502,1,0,1,1,0,6,26,112,3.15,0,1,1,5,0,20,1,0
path-traversal,CWE-22,1,0,1,0,0,19,18,129,2.63,1,1,1,7,1,0,0,0
hardcoded-secret,CWE-798,0,0,1,0,0,8,7,181,1.57,1,0,0,7,0,8,1,0
hardcoded-secret,CWE-798,0,0,1,0,0,3,19,224,3.21,0,1,1,2,0,44,0,0
ssrf-request,CWE-918,1,0,0,0,1,19,13,60,3.84,1,1,1,6,0,7,0,0
insecure-deserialize,CWE-502,0,1,0,0,0,2,11,296,3.19,0,0,0,6,1,48,0,0
xss-unescaped,CWE-79,1,0,1,0,0,5,5,192,1.75,0,1,0,6,0,49,0,0
xss-unescaped,CWE-79,1,0,0,0,0,19,7,307,3.35,0,0,0,6,0,36,0,1
sqli-concat,CWE-89,1,0,1,0,0,7,11,196,3.28,1,0,1,9,1,28,0,0
path-traversal,CWE-22,0,0,0,0,0,5,25,392,4.06,0,0,1,2,1,18,0,0
hardcoded-secret,CWE-798,0,1,1,0,0,11,7,398,3.11,1,1,0,2,0,42,0,0
path-traversal,CWE-22,0,1,0,0,0,7,26,376,3.35,0,0,0,4,0,42,1,0
sqli-concat,CWE-89,0,1,1,0,0,13,17,383,1.8,0,0,0,7,0,45,0,0
sqli-concat,CWE-89,0,1,1,0,0,6,1,197,3.55,1,0,1,8,0,3,1,0
path-traversal,CWE-22,0,1,0,0,0,13,22,90,1.76,0,1,0,2,0,19,1,0
path-traversal,CWE-22,0,0,0,0,0,7,28,90,2.43,0,1,1,2,0,36,0,0
hardcoded-secret,CWE-798,0,0,0,0,0,5,24,35,3.8,1,1,0,10,1,17,0,0
xss-unescaped,CWE-79,0,0,0,0,0,20,20,156,3.32,0,0,0,5,0,49,1,0
xss-unescaped,CWE-79,1,0,1,0,0,13,16,262,1.91,0,1,1,0,1,26,0,0
insecure-deserialize,CWE-502,0,0,0,0,0,15,28,335,2.97,1,0,0,0,0,24,1,1
path-traversal,CWE-22,0,0,1,0,0,2,29,145,3.06,0,1,0,10,1,12,1,0
path-traversal,CWE-22,1,0,1,0,0,10,15,105,2.77,0,0,0,10,0,46,0,0
xss-unescaped,CWE-79,0,1,1,0,0,1,6,252,3.27,0,1,0,5,0,45,0,0
insecure-deserialize,CWE-502,0,0,0,0,0,12,3,288,3.62,0,1,0,0,1,21,0,0
xss-unescaped,CWE-79,0,0,0,0,0,10,24,248,2.37,0,0,0,4,0,31,1,0
ssrf-request,CWE-918,0,1,0,0,0,16,15,229,2.83,0,0,1,4,0,35,0,0
sqli-concat,CWE-89,0,0,0,0,0,2,5,36,3.5,1,1,1,0,0,11,0,1
insecure-deserialize,CWE-502,1,0,0,1,0,19,12,38,1.78,1,1,1,6,1,4,1,0
path-traversal,CWE-22,0,0,1,0,0,14,17,127,3.59,0,0,0,9,1,45,1,0
path-traversal,CWE-22,1,0,1,0,0,20,12,86,3.34,1,1,1,9,0,18,0,0
sqli-concat,CWE-89,0,0,1,0,1,4,24,126,3.9,1,0,0,8,1,13,0,0
insecure-deserialize,CWE-502,0,1,1,0,0,10,10,279,3.15,0,1,0,9,0,1,0,0
xss-unescaped,CWE-79,1,0,1,1,0,16,30,262,3.89,1,0,0,8,1,29,1,0
insecure-deserialize,CWE-502,0,1,1,0,0,1,7,315,3.56,1,0,1,4,1,21,1,0
insecure-deserialize,CWE-502,0,1,0,0,0,10,23,181,3.63,0,1,1,5,0,19,0,0
ssrf-request,CWE-918,1,0,0,0,0,2,25,123,4.24,0,1,1,2,0,30,1,0
hardcoded-secret,CWE-798,0,0,0,0,0,2,15,218,3.64,0,1,1,10,1,5,1,0
path-traversal,CWE-22,0,0,1,0,0,10,21,127,2.46,1,1,1,10,0,9,0,0
hardcoded-secret,CWE-798,0,0,0,0,1,12,18,183,2.31,1,0,0,4,0,21,1,0
sqli-concat,CWE-89,0,0,1,1,0,2,4,216,1.66,0,1,0,4,0,12,0,0
path-traversal,CWE-22,0,0,1,0,0,10,22,349,3.63,0,0,0,9,0,23,1,0
xss-unescaped,CWE-79,1,0,1,0,0,1,3,263,1.84,0,1,1,9,0,32,0,0
path-traversal,CWE-22,0,1,0,0,0,18,15,225,3.27,0,0,1,6,0,13,1,0
path-traversal,CWE-22,1,0,0,0,0,3,24,384,3.22,1,1,0,7,0,25,0,1
ssrf-request,CWE-918,0,1,1,0,0,2,3,131,3.95,0,0,0,7,0,24,1,0
xss-unescaped,CWE-79,0,1,1,0,1,10,30,242,3.65,0,0,0,8,0,8,1,0
sqli-concat,CWE-89,1,0,0,0,0,18,27,203,1.83,0,0,0,9,0,20,1,1
path-traversal,CWE-22,1,0,1,0,0,6,16,91,2.06,1,1,0,10,0,0,0,1
insecure-deserialize,CWE-502,0,0,1,0,0,5,3,90,3.43,1,1,0,7,0,35,1,0
path-traversal,CWE-22,1,0,0,0,0,20,1,315,2.99,1,1,1,9,0,2,1,1
insecure-deserialize,CWE-502,1,0,0,0,1,3,5,393,3.69,1,1,0,8,1,5,0,0
path-traversal,CWE-22,0,1,0,1,0,18,25,25,2.91,1,1,0,4,0,2,1,0
insecure-deserialize,CWE-502,1,0,0,0,1,19,6,313,1.65,0,1,0,2,0,50,1,0
hardcoded-secret,CWE-798,0,1,1,1,1,1,24,77,3.31,0,1,0,2,0,44,0,0
path-traversal,CWE-22,0,0,1,1,0,5,20,98,4.01,1,1,0,7,1,10,0,0
ssrf-request,CWE-918,1,0,0,0,0,4,2,105,2.89,1,0,0,6,0,9,1,1
sqli-concat,CWE-89,1,0,1,0,0,11,17,369,4.37,1,1,0,10,1,21,1,0
hardcoded-secret,CWE-798,0,1,1,0,0,8,24,364,3.27,1,0,0,0,0,4,0,0
path-traversal,CWE-22,0,0,1,0,0,10,9,118,1.6,0,0,1,10,0,7,0,0
ssrf-request,CWE-918,0,1,0,1,1,6,9,170,2.9,1,1,1,10,1,20,1,0
xss-unescaped,CWE-79,0,1,0,0,0,11,2,152,4.37,1,0,0,3,0,11,1,0
sqli-concat,CWE-89,0,1,0,0,0,4,30,246,3.65,0,0,0,4,1,1,1,0
xss-unescaped,CWE-79,0,0,1,0,0,11,29,220,3.22,1,1,0,1,0,0,1,0
insecure-deserialize,CWE-502,1,0,0,0,0,12,11,369,2.41,0,1,0,5,0,29,1,0
insecure-deserialize,CWE-502,0,0,0,1,0,7,10,376,2.67,1,1,0,10,0,12,0,0
sqli-concat,CWE-89,0,0,0,0,0,3,26,296,3.43,1,0,0,0,0,46,0,1
path-traversal,CWE-22,0,0,1,1,1,18,5,399,3.24,0,0,0,0,0,39,0,0
xss-unescaped,CWE-79,0,0,0,0,0,10,27,69,2.87,0,0,0,9,1,14,0,0
xss-unescaped,CWE-79,1,0,1,0,0,13,11,81,4.43,0,1,1,3,1,37,0,0
hardcoded-secret,CWE-798,0,0,1,0,0,14,6,376,2.61,0,0,0,10,0,49,0,0
sqli-concat,CWE-89,1,0,0,0,0,6,30,65,3.62,1,1,0,7,0,13,0,1
insecure-deserialize,CWE-502,1,0,1,0,0,6,20,374,1.61,1,0,0,4,0,0,0,1
xss-unescaped,CWE-79,0,0,1,1,0,18,17,132,2.89,0,1,0,1,1,43,1,0
path-traversal,CWE-22,0,0,0,0,0,12,10,127,2.8,1,0,0,0,1,11,0,1
sqli-concat,CWE-89,1,0,0,0,0,8,24,247,3.28,0,1,0,1,0,6,0,1
insecure-deserialize,CWE-502,1,0,0,0,0,8,3,261,3.26,1,0,0,9,0,24,1,1
xss-unescaped,CWE-79,1,0,0,0,0,9,7,191,1.88,0,1,0,7,0,10,1,0
xss-unescaped,CWE-79,1,0,0,0,0,20,29,107,3.23,0,0,0,8,0,13,1,1
path-traversal,CWE-22,1,0,0,0,0,8,8,187,2.8,0,0,0,0,0,30,0,1
path-traversal,CWE-22,1,0,1,0,0,4,15,273,2.22,0,1,1,2,0,15,0,0
sqli-concat,CWE-89,1,0,1,0,0,15,28,312,3.74,1,1,1,6,0,23,1,0
insecure-deserialize,CWE-502,0,0,1,1,0,11,17,36,2.39,0,0,0,5,1,3,1,0
sqli-concat,CWE-89,0,1,1,0,0,2,12,207,2.03,0,0,0,5,0,7,1,0
insecure-deserialize,CWE-502,0,0,1,0,0,9,17,368,2.77,1,1,0,8,0,7,1,0
insecure-deserialize,CWE-502,1,0,1,0,0,3,7,254,1.76,0,1,1,1,0,17,0,0
insecure-deserialize,CWE-502,0,1,0,1,1,17,21,31,2.38,0,1,0,7,1,1,1,0
xss-unescaped,CWE-79,0,0,0,0,0,17,21,191,2.74,1,1,0,8,1,28,1,0
hardcoded-secret,CWE-798,0,1,0,0,0,8,16,210,4.41,0,0,0,7,1,39,0,0
insecure-deserialize,CWE-502,1,0,0,1,1,5,6,141,1.85,0,1,0,2,0,45,0,0
insecure-deserialize,CWE-502,1,0,1,0,0,15,18,103,3.1,0,1,1,2,1,20,0,0
sqli-concat,CWE-89,1,0,1,0,0,10,25,313,3.5,1,1,0,7,1,8,0,0
hardcoded-secret,CWE-798,0,1,0,0,0,3,11,48,3.32,0,1,0,1,0,28,0,0
ssrf-request,CWE-918,1,0,0,0,1,20,20,281,4.33,1,1,0,6,0,23,0,1
hardcoded-secret,CWE-798,1,0,1,0,0,15,28,307,1.76,1,1,1,4,0,46,1,0
insecure-deserialize,CWE-502,1,0,0,0,0,20,3,93,2.12,1,0,1,9,1,5,0,1
path-traversal,CWE-22,1,0,1,0,0,15,23,310,3.77,0,1,0,7,0,19,1,0
path-traversal,CWE-22,1,0,0,0,0,1,5,154,2.4,1,0,0,4,0,31,0,1
sqli-concat,CWE-89,0,1,1,1,0,3,20,205,3.24,1,1,1,1,0,46,0,0
hardcoded-secret,CWE-798,0,0,0,0,0,5,12,103,1.66,1,0,0,8,0,4,0,1
insecure-deserialize,CWE-502,0,0,0,0,0,11,27,370,3.9,1,0,0,5,1,0,0,1
ssrf-request,CWE-918,1,0,1,0,0,14,11,103,1.81,0,0,1,8,0,33,0,0
path-traversal,CWE-22,1,0,0,0,0,5,30,28,2.94,1,0,1,9,0,21,0,1
insecure-deserialize,CWE-502,1,0,0,0,0,4,8,85,4.07,0,1,0,2,1,27,0,1
sqli-concat,CWE-89,0,1,1,0,0,4,2,357,3.04,0,1,0,4,0,48,0,0
sqli-concat,CWE-89,0,0,0,0,1,1,3,94,4.04,1,1,0,8,1,39,0,0
ssrf-request,CWE-918,0,0,0,0,0,7,10,107,4.2,0,0,1,7,0,37,0,0
path-traversal,CWE-22,0,0,1,1,0,14,7,283,2.18,1,0,0,8,0,48,1,0
insecure-deserialize,CWE-502,1,0,0,0,0,16,4,217,2.35,1,1,0,6,0,27,0,1
sqli-concat,CWE-89,1,0,1,0,0,16,22,73,2.69,0,0,0,6,0,6,0,1
sqli-concat,CWE-89,1,0,0,0,0,20,28,226,1.87,1,1,1,9,0,48,1,1
hardcoded-secret,CWE-798,1,0,1,1,0,17,9,95,3.8,1,1,0,10,1,1,0,0
insecure-deserialize,CWE-502,0,0,1,0,0,6,13,329,3.54,0,0,0,8,1,50,1,0
xss-unescaped,CWE-79,1,0,1,0,0,9,18,195,3.93,0,0,1,1,0,20,1,0
path-traversal,CWE-22,1,0,0,0,0,18,22,175,4.15,1,0,0,6,0,7,1,1
insecure-deserialize,CWE-502,1,0,1,0,0,6,17,48,2.67,1,1,1,4,0,1,0,0
xss-unescaped,CWE-79,1,0,1,0,0,19,1,340,2.52,1,1,0,0,0,15,0,1
insecure-deserialize,CWE-502,1,0,0,1,0,3,28,176,1.84,1,0,0,6,0,26,1,1
sqli-concat,CWE-89,1,0,0,1,0,13,19,219,2.47,1,0,0,3,0,32,1,0
xss-unescaped,CWE-79,1,0,1,1,0,7,16,345,4.04,0,1,0,4,1,25,0,0
ssrf-request,CWE-918,0,0,1,0,0,19,26,291,2.93,0,1,0,4,0,34,1,0
xss-unescaped,CWE-79,1,0,1,0,0,17,15,363,3.79,0,0,0,3,0,47,1,0
hardcoded-secret,CWE-798,1,0,0,0,0,12,15,95,2.22,1,1,0,1,0,26,1,1
hardcoded-secret,CWE-798,0,1,0,0,0,4,5,118,1.58,1,1,0,6,0,2,0,0
xss-unescaped,CWE-79,1,0,0,0,0,9,22,301,2.03,1,0,0,1,0,19,0,1
path-traversal,CWE-22,1,0,0,0,0,5,8,77,3.21,0,1,0,1,0,7,1,0
hardcoded-secret,CWE-798,1,0,0,1,1,7,5,74,2.03,1,1,0,9,0,34,1,0
insecure-deserialize,CWE-502,0,1,1,0,0,8,9,94,2.59,1,0,0,9,0,47,0,0
insecure-deserialize,CWE-502,0,1,1,0,0,12,29,370,1.87,1,1,0,6,1,16,1,0
sqli-concat,CWE-89,0,1,0,1,0,6,30,244,3.39,1,0,0,1,1,31,1,0
insecure-deserialize,CWE-502,1,0,1,0,0,4,27,102,3.6,1,1,0,8,1,29,0,1
sqli-concat,CWE-89,0,1,0,0,0,7,21,176,2.44,0,0,0,10,1,38,1,0
hardcoded-secret,CWE-798,1,0,1,1,0,5,9,108,3.56,1,0,0,5,0,24,0,0
sqli-concat,CWE-89,0,0,0,1,0,7,9,379,4.06,1,1,0,5,0,36,0,0
sqli-concat,CWE-89,1,0,1,0,0,16,4,134,3.64,1,1,0,6,0,13,0,1
hardcoded-secret,CWE-798,0,1,0,0,0,5,1,168,4.43,1,0,0,10,0,5,0,1
path-traversal,CWE-22,0,1,1,0,0,13,23,236,3.71,0,0,0,3,0,22,0,0
sqli-concat,CWE-89,1,0,1,0,0,13,22,209,1.9,0,0,0,8,0,21,1,0
xss-unescaped,CWE-79,0,1,1,0,0,4,11,42,4.44,1,1,1,4,1,16,1,0
ssrf-request,CWE-918,1,0,1,1,0,11,24,271,3.79,1,0,0,0,0,2,1,0
hardcoded-secret,CWE-798,0,1,1,0,0,16,2,246,2.57,1,1,0,2,0,5,0,0
hardcoded-secret,CWE-798,0,0,1,0,0,19,7,318,4.49,0,1,1,3,1,43,0,0
hardcoded-secret,CWE-798,0,1,0,0,0,19,30,74,4.01,0,1,1,10,0,40,1,0
ssrf-request,CWE-918,0,1,0,0,1,15,11,394,4.5,0,0,1,10,0,3,0,0
ssrf-request,CWE-918,1,0,0,0,0,6,8,224,1.77,0,1,1,4,0,41,0,0
sqli-concat,CWE-89,1,0,1,0,0,10,29,370,3.31,0,1,0,7,0,24,1,0
hardcoded-secret,CWE-798,1,0,0,0,0,12,20,115,2.8,0,1,1,10,0,43,0,0
path-traversal,CWE-22,0,1,1,0,0,16,10,96,4.45,1,0,0,4,0,35,0,0
sqli-concat,CWE-89,0,1,1,0,0,19,27,149,2.57,0,0,0,7,0,11,1,0
sqli-concat,CWE-89,0,1,1,0,0,15,25,363,2.85,1,0,0,1,1,38,1,0
insecure-deserialize,CWE-502,0,1,0,0,0,4,1,107,3.47,1,1,0,9,0,43,1,0
hardcoded-secret,CWE-798,0,0,0,0,0,4,27,28,3.59,0,0,0,2,0,27,0,1
sqli-concat,CWE-89,1,0,1,0,0,14,1,79,2.0,1,1,0,7,0,12,1,0
ssrf-request,CWE-918,1,0,0,0,0,4,21,385,2.8,1,1,0,6,0,37,1,1
xss-unescaped,CWE-79,0,0,1,0,0,18,3,157,4.18,1,0,0,10,0,44,1,0
sqli-concat,CWE-89,0,1,0,0,1,15,8,279,2.16,1,1,0,4,1,24,1,0
insecure-deserialize,CWE-502,1,0,1,0,0,6,20,126,2.35,1,0,0,2,0,6,1,1
path-traversal,CWE-22,1,0,0,0,0,2,1,203,4.14,0,0,1,8,0,4,1,1
path-traversal,CWE-22,0,0,0,0,0,16,9,194,3.85,1,0,1,8,0,6,0,1
path-traversal,CWE-22,1,0,0,1,0,20,20,72,3.97,0,0,0,3,1,10,1,0
insecure-deserialize,CWE-502,1,0,1,0,0,4,5,351,2.59,0,0,0,6,1,0,0,0
path-traversal,CWE-22,1,0,1,0,0,3,9,210,3.65,0,0,1,8,0,14,0,0
path-traversal,CWE-22,1,0,1,1,0,17,26,369,2.59,0,0,0,8,1,5,1,0
hardcoded-secret,CWE-798,1,0,0,0,0,13,25,38,3.48,0,1,0,10,1,19,1,0
hardcoded-secret,CWE-798,0,1,0,0,0,15,21,125,4.16,1,1,1,10,0,12,1,0
sqli-concat,CWE-89,0,1,1,0,0,5,17,296,2.35,1,1,1,2,0,50,1,0
xss-unescaped,CWE-79,1,0,1,1,0,4,24,50,4.02,1,0,0,10,1,28,1,0
ssrf-request,CWE-918,0,1,1,1,0,19,19,385,4.18,0,1,0,10,1,45,0,0
insecure-deserialize,CWE-502,1,0,0,0,0,17,19,118,3.97,0,0,0,6,0,3,1,1
xss-unescaped,CWE-79,1,0,0,0,0,12,22,289,2.71,1,1,0,10,0,28,1,1
insecure-deserialize,CWE-502,1,0,0,0,1,5,16,384,2.87,0,0,0,0,1,35,1,0
sqli-concat,CWE-89,1,0,0,0,0,19,10,40,3.07,1,1,0,7,0,9,0,1
ssrf-request,CWE-918,1,0,0,1,0,10,29,165,2.15,1,0,0,5,0,2,1,1
path-traversal,CWE-22,1,0,1,1,0,13,16,388,4.0,0,1,1,10,0,46,1,0
sqli-concat,CWE-89,1,0,1,0,0,13,11,296,1.64,1,1,0,2,1,36,1,0
ssrf-request,CWE-918,0,0,0,1,0,18,19,47,4.37,1,0,0,8,0,1,1,0
xss-unescaped,CWE-79,0,1,0,0,0,20,11,225,3.27,0,1,0,6,0,33,1,0
path-traversal,CWE-22,1,0,0,0,0,4,18,106,2.36,0,0,0,6,0,3,1,1
xss-unescaped,CWE-79,0,0,1,0,0,11,5,231,4.18,0,0,0,9,0,31,1,0
sqli-concat,CWE-89,1,0,0,0,0,18,14,53,2.95,0,0,0,9,0,15,0,1
hardcoded-secret,CWE-798,1,0,1,0,1,17,7,92,2.62,0,1,1,8,0,0,1,0
ssrf-request,CWE-918,1,0,0,0,0,16,9,326,2.25,1,0,0,8,0,10,0,1
hardcoded-secret,CWE-798,0,1,0,0,0,18,9,241,2.13,1,1,0,7,0,42,1,0
hardcoded-secret,CWE-798,0,1,1,0,0,5,21,21,3.33,0,0,0,7,1,34,0,0
insecure-deserialize,CWE-502,0,0,1,0,0,12,27,212,3.98,0,0,0,5,1,28,0,0
xss-unescaped,CWE-79,0,1,1,0,0,20,21,175,3.93,1,1,0,7,1,45,0,0
sqli-concat,CWE-89,0,1,0,1,0,19,17,272,2.01,0,0,0,1,0,36,0,0
ssrf-request,CWE-918,1,0,0,0,0,1,23,367,3.1,1,0,1,10,0,41,0,1
hardcoded-secret,CWE-798,1,0,1,0,0,17,15,273,2.58,0,0,0,6,0,20,0,0
path-traversal,CWE-22,0,1,0,1,0,1,24,135,4.43,0,0,0,5,0,40,0,0
sqli-concat,CWE-89,1,0,1,0,0,19,26,340,4.31,0,0,0,5,1,21,0,1
sqli-concat,CWE-89,1,0,0,0,1,19,4,63,4.42,1,1,1,1,1,3,1,0
sqli-concat,CWE-89,1,0,1,0,0,2,18,46,2.38,0,1,0,9,1,39,0,0
path-traversal,CWE-22,1,0,1,0,1,20,20,71,2.52,0,1,0,9,0,6,0,0
ssrf-request,CWE-918,0,0,0,0,0,9,12,235,2.94,0,0,0,0,0,19,1,0
ssrf-request,CWE-918,1,0,1,0,0,18,25,94,1.94,1,1,0,0,0,42,0,1
sqli-concat,CWE-89,0,0,1,0,0,7,21,123,3.86,1,1,0,5,1,36,1,0
ssrf-request,CWE-918,1,0,1,0,1,4,15,41,2.99,0,0,0,3,0,47,1,0
insecure-deserialize,CWE-502,1,0,0,0,0,1,12,25,1.72,0,0,0,3,0,48,1,1
sqli-concat,CWE-89,0,0,0,0,0,8,29,154,3.66,0,0,0,2,1,6,0,0
insecure-deserialize,CWE-502,0,1,0,0,0,7,10,253,2.22,0,1,1,1,0,8,0,0
xss-unescaped,CWE-79,1,0,1,0,0,14,21,145,4.26,0,1,1,5,0,40,1,0
xss-unescaped,CWE-79,1,0,0,0,0,16,26,359,3.34,1,1,0,7,0,45,1,1
ssrf-request,CWE-918,1,0,1,0,0,19,13,346,4.26,0,0,0,3,0,15,1,0
xss-unescaped,CWE-79,1,0,1,1,0,19,6,211,2.26,0,1,0,5,0,2,1,0
ssrf-request,CWE-918,1,0,1,0,0,14,14,208,3.91,1,0,0,3,0,4,1,1
sqli-concat,CWE-89,1,0,0,0,0,8,4,80,1.71,0,1,0,5,0,47,1,0
xss-unescaped,CWE-79,0,1,0,0,0,10,27,197,3.85,1,0,0,8,1,9,1,0
xss-unescaped,CWE-79,0,0,1,0,0,19,26,302,3.77,1,1,1,5,1,27,1,0
xss-unescaped,CWE-79,1,0,1,1,0,1,12,91,3.23,0,1,1,5,0,26,1,0
insecure-deserialize,CWE-502,1,0,1,0,0,1,19,36,4.27,1,1,1,3,1,4,1,1
xss-unescaped,CWE-79,1,0,0,0,0,15,21,175,1.78,0,0,1,9,0,11,0,1
sqli-concat,CWE-89,1,0,1,0,0,10,22,288,1.71,0,0,0,6,0,7,0,1
ssrf-request,CWE-918,1,0,1,0,0,13,29,125,1.89,1,1,0,9,1,37,0,0
ssrf-request,CWE-918,1,0,1,0,0,5,15,52,3.97,0,1,1,7,0,36,0,0
insecure-deserialize,CWE-502,0,1,1,0,0,10,13,333,3.97,1,0,0,9,1,29,1,0
insecure-deserialize,CWE-502,0,0,1,0,0,2,8,100,2.32,1,0,0,3,1,26,0,1
hardcoded-secret,CWE-798,0,0,1,0,0,6,9,126,3.02,0,1,0,6,1,25,0,0
sqli-concat,CWE-89,1,0,0,0,0,5,11,363,3.75,0,0,0,3,1,28,0,1
path-traversal,CWE-22,1,0,0,0,0,1,20,71,2.03,1,0,0,0,0,9,1,1
hardcoded-secret,CWE-798,0,0,0,1,0,18,7,246,3.59,0,1,0,7,0,0,0,0
path-traversal,CWE-22,0,0,1,1,1,7,3,28,2.77,1,0,0,1,0,6,0,0
insecure-deserialize,CWE-502,0,0,1,0,0,11,11,307,3.38,1,1,0,3,0,20,0,0
sqli-concat,CWE-89,1,0,1,0,0,7,15,132,1.7,1,0,0,3,0,49,1,1
sqli-concat,CWE-89,0,1,0,0,0,13,22,375,1.9,1,1,0,0,0,37,1,0
path-traversal,CWE-22,0,0,0,0,0,4,10,141,3.71,0,0,0,7,0,9,1,0
xss-unescaped,CWE-79,0,0,1,0,0,11,5,162,2.45,0,1,0,4,1,14,1,0
hardcoded-secret,CWE-798,0,0,0,1,0,8,26,371,3.59,1,1,0,10,0,31,0,0
xss-unescaped,CWE-79,0,0,0,0,1,6,19,301,3.99,0,0,0,7,0,46,0,0
xss-unescaped,CWE-79,1,0,0,0,0,10,10,315,2.84,1,1,0,5,0,10,1,1
path-traversal,CWE-22,1,0,1,0,0,16,1,215,2.78,1,0,0,2,0,29,1,1
path-traversal,CWE-22,1,0,1,0,0,16,3,190,1.91,0,0,0,8,1,23,1,0
path-traversal,CWE-22,1,0,1,1,1,12,13,270,2.42,0,1,1,1,0,36,0,0
xss-unescaped,CWE-79,1,0,1,0,0,12,17,383,2.97,0,1,1,3,0,2,1,0
insecure-deserialize,CWE-502,0,0,1,0,1,5,9,146,3.31,0,0,0,1,0,24,1,0
insecure-deserialize,CWE-502,0,0,1,0,1,14,9,374,2.41,1,1,0,1,0,36,1,0
xss-unescaped,CWE-79,1,0,0,1,0,13,23,177,1.52,1,0,0,6,0,41,1,1
insecure-deserialize,CWE-502,1,0,0,0,0,6,23,88,2.09,0,1,0,3,0,3,0,1
xss-unescaped,CWE-79,1,0,1,0,0,20,4,345,2.0,1,0,0,5,0,15,1,1
path-traversal,CWE-22,0,0,0,0,0,1,22,318,3.87,0,0,0,8,1,48,1,0
path-traversal,CWE-22,1,0,1,0,1,11,12,369,4.17,0,1,0,6,0,22,1,0
sqli-concat,CWE-89,0,1,1,0,0,5,1,328,1.87,0,1,0,10,0,30,1,0
insecure-deserialize,CWE-502,0,0,1,0,0,12,28,43,4.41,1,0,0,6,1,50,0,1
hardcoded-secret,CWE-798,1,0,1,1,0,4,24,217,2.38,0,0,0,1,0,43,1,0
xss-unescaped,CWE-79,1,0,0,0,0,18,8,144,2.13,0,0,0,0,0,20,1,1
hardcoded-secret,CWE-798,0,1,1,1,0,4,22,89,4.27,1,0,1,5,1,36,0,0
insecure-deserialize,CWE-502,1,0,1,1,1,13,21,348,3.86,1,0,0,1,0,7,0,0
hardcoded-secret,CWE-798,0,0,1,0,0,11,13,315,3.71,0,1,1,5,1,43,0,0
ssrf-request,CWE-918,0,0,1,0,0,15,11,94,3.95,0,1,0,2,0,9,0,0
ssrf-request,CWE-918,1,0,1,0,0,4,9,381,3.22,0,1,0,6,0,21,0,1
insecure-deserialize,CWE-502,0,0,0,1,0,6,28,269,3.68,0,0,0,5,0,30,1,0
path-traversal,CWE-22,1,0,0,0,0,10,10,376,4.27,1,0,0,9,1,3,1,1
path-traversal,CWE-22,0,0,1,0,0,10,29,94,2.13,0,0,0,9,0,50,0,0
path-traversal,CWE-22,1,0,0,1,0,4,12,262,2.04,1,1,1,10,1,15,0,0
sqli-concat,CWE-89,0,1,1,0,0,20,6,354,3.74,0,1,1,10,0,40,1,0
hardcoded-secret,CWE-798,0,0,0,0,0,16,21,362,4.23,1,1,0,1,1,11,1,0
path-traversal,CWE-22,1,0,1,0,0,4,11,52,3.64,0,1,1,0,0,34,1,0
sqli-concat,CWE-89,0,0,0,0,0,20,23,112,1.52,1,0,0,9,0,10,0,1
ssrf-request,CWE-918,1,0,0,0,0,4,17,172,2.59,1,0,0,0,1,33,1,1
insecure-deserialize,CWE-502,1,0,0,0,0,11,17,200,3.32,0,0,0,3,0,13,0,1
ssrf-request,CWE-918,0,1,1,0,0,20,14,58,3.15,0,1,0,4,0,44,0,0
ssrf-request,CWE-918,0,0,1,1,0,7,23,210,3.19,0,1,1,5,1,27,1,0
sqli-concat,CWE-89,0,0,1,0,0,4,22,300,2.72,0,1,1,4,0,14,1,0
sqli-concat,CWE-89,0,1,0,0,0,4,26,83,2.03,1,1,0,5,1,18,1,0
ssrf-request,CWE-918,0,0,0,0,0,13,6,196,3.92,1,1,0,4,0,32,0,0
insecure-deserialize,CWE-502,0,0,1,0,0,9,2,391,3.42,0,1,0,2,0,22,1,0
ssrf-request,CWE-918,1,0,1,1,0,17,23,137,2.42,1,1,1,1,0,4,0,0
sqli-concat,CWE-89,0,0,0,0,0,18,30,272,3.93,1,0,0,8,0,43,0,1
path-traversal,CWE-22,0,0,0,0,0,18,24,196,2.23,0,1,1,10,1,48,0,0
xss-unescaped,CWE-79,0,1,0,0,0,2,14,273,2.64,0,1,1,3,1,49,0,0
hardcoded-secret,CWE-798,1,0,1,0,0,7,1,397,3.39,1,0,1,9,1,3,1,0
sqli-concat,CWE-89,1,0,1,0,0,4,1,199,4.17,1,0,0,7,0,33,0,1
path-traversal,CWE-22,0,1,0,0,0,9,8,260,2.69,1,0,0,4,0,28,1,1
xss-unescaped,CWE-79,0,1,1,0,0,7,4,117,2.35,1,1,1,2,0,30,1,0
sqli-concat,CWE-89,1,0,1,0,1,5,11,224,3.01,1,0,0,1,1,8,0,0
hardcoded-secret,CWE-798,0,0,0,0,0,11,14,325,3.71,1,1,0,6,0,9,0,0
xss-unescaped,CWE-79,1,0,0,1,0,8,22,239,2.1,0,0,0,9,0,9,0,0
sqli-concat,CWE-89,0,1,0,0,0,7,30,94,2.78,0,0,0,8,0,40,0,0
xss-unescaped,CWE-79,1,0,1,0,0,17,14,349,1.65,1,1,1,6,0,3,0,0
sqli-concat,CWE-89,0,0,1,0,0,16,9,330,1.8,1,1,0,1,0,0,0,0
hardcoded-secret,CWE-798,1,0,1,0,0,19,17,329,2.61,0,1,0,1,0,47,0,0
sqli-concat,CWE-89,0,0,1,1,0,3,18,336,2.53,0,0,0,3,0,45,1,0
ssrf-request,CWE-918,1,0,1,0,0,4,30,243,1.7,0,0,0,2,0,36,0,1
insecure-deserialize,CWE-502,0,1,1,0,0,17,3,104,2.81,1,1,0,3,0,10,0,0
ssrf-request,CWE-918,0,1,1,0,0,8,10,382,2.31,0,0,0,4,0,9,1,0
xss-unescaped,CWE-79,1,0,0,0,0,8,27,127,3.1,1,1,0,8,0,8,1,1
ssrf-request,CWE-918,1,0,1,1,1,1,27,202,2.16,0,1,1,8,0,49,0,0
insecure-deserialize,CWE-502,1,0,1,1,0,20,18,125,3.95,1,0,0,6,0,14,1,0
hardcoded-secret,CWE-798,0,1,0,0,0,15,6,110,2.07,0,1,0,2,1,25,0,0
sqli-concat,CWE-89,0,0,1,0,0,13,4,390,3.08,0,0,0,0,0,0,0,0
xss-unescaped,CWE-79,0,0,1,0,0,20,1,24,4.37,1,0,0,7,1,28,0,0
hardcoded-secret,CWE-798,1,0,1,0,0,2,18,374,2.3,0,0,0,4,0,26,0,1
sqli-concat,CWE-89,0,0,0,0,1,5,12,355,2.36,1,0,0,1,0,18,1,0
sqli-concat,CWE-89,1,0,0,0,0,3,29,42,3.31,1,0,0,2,1,43,1,1
ssrf-request,CWE-918,1,0,1,1,1,9,30,275,3.49,0,0,1,2,1,9,1,0
xss-unescaped,CWE-79,1,0,1,0,0,16,27,54,1.84,1,0,0,2,0,24,1,1
hardcoded-secret,CWE-798,1,0,1,0,0,14,20,345,2.5,0,1,0,7,0,31,0,0
path-traversal,CWE-22,0,1,0,0,0,8,12,21,2.11,1,1,1,1,0,22,1,0
xss-unescaped,CWE-79,1,0,1,0,0,18,30,235,2.23,0,0,0,2,0,1,1,1
hardcoded-secret,CWE-798,0,0,0,0,0,20,28,100,1.59,0,0,0,9,1,26,0,0
xss-unescaped,CWE-79,1,0,0,0,0,10,16,230,3.67,0,1,0,0,1,2,0,1
ssrf-request,CWE-918,0,0,1,0,1,15,18,384,3.99,1,0,0,2,0,5,1,0
xss-unescaped,CWE-79,0,1,0,0,0,6,27,306,3.32,1,1,0,10,0,24,0,0
sqli-concat,CWE-89,1,0,1,0,0,4,4,59,2.59,1,0,0,2,0,4,0,1
ssrf-request,CWE-918,0,1,0,0,0,2,8,157,1.76,0,1,0,5,0,19,0,0
hardcoded-secret,CWE-798,1,0,1,0,1,11,25,220,3.68,0,1,0,8,0,49,0,0
sqli-concat,CWE-89,1,0,1,0,0,2,10,102,1.95,0,0,1,10,0,49,0,1
ssrf-request,CWE-918,1,0,1,0,1,11,10,204,3.37,0,1,0,9,0,9,1,0
sqli-concat,CWE-89,0,0,1,0,0,3,16,68,2.86,1,0,0,9,0,5,0,1
xss-unescaped,CWE-79,1,0,1,1,0,9,25,246,3.45,0,1,0,4,0,39,0,0
path-traversal,CWE-22,1,0,1,0,0,14,17,250,2.29,0,0,0,3,0,35,0,1
xss-unescaped,CWE-79,0,1,1,0,0,13,28,57,2.17,0,1,0,10,0,29,0,0
sqli-concat,CWE-89,0,0,1,0,0,7,13,188,1.69,1,0,0,7,0,29,0,1
ssrf-request,CWE-918,0,1,0,0,0,11,19,36,4.46,0,1,1,7,0,13,0,0
insecure-deserialize,CWE-502,1,0,1,0,0,6,3,92,1.71,1,1,1,8,0,16,0,0
sqli-concat,CWE-89,0,1,1,1,0,10,6,121,2.55,1,0,1,6,0,44,1,0
sqli-concat,CWE-89,0,0,0,0,1,11,1,97,4.19,1,1,0,10,0,33,0,0
path-traversal,CWE-22,0,1,0,0,0,7,14,376,3.14,1,0,0,3,1,36,0,0
hardcoded-secret,CWE-798,1,0,0,0,0,10,17,83,3.6,1,1,0,5,1,27,1,1
sqli-concat,CWE-89,0,1,1,0,0,18,20,103,3.13,1,1,0,1,1,6,0,0
insecure-deserialize,CWE-502,0,1,0,0,0,20,30,298,1.8,0,1,1,3,0,29,1,0
sqli-concat,CWE-89,0,1,0,0,0,15,14,350,3.61,0,1,1,8,0,42,1,0
hardcoded-secret,CWE-798,1,0,0,0,0,14,2,27,1.58,1,1,0,9,1,15,1,0
xss-unescaped,CWE-79,1,0,0,0,0,19,14,85,4.32,0,1,1,8,0,14,0,0
insecure-deserialize,CWE-502,0,0,1,0,0,9,27,303,1.98,0,0,0,0,0,37,0,0
sqli-concat,CWE-89,0,1,0,0,0,5,15,344,3.39,0,0,0,8,1,46,1,0
hardcoded-secret,CWE-798,0,1,0,1,0,1,21,316,4.1,0,0,0,4,1,5,0,0
path-traversal,CWE-22,1,0,0,0,0,16,26,31,2.74,0,0,0,6,1,40,1,0
xss-unescaped,CWE-79,0,1,0,1,0,19,21,330,4.06,1,1,0,9,0,0,0,0
ssrf-request,CWE-918,1,0,0,0,0,1,18,31,3.05,0,1,0,3,0,8,0,1
sqli-concat,CWE-89,0,1,1,0,0,3,12,382,3.15,1,1,0,6,1,16,0,0
xss-unescaped,CWE-79,1,0,1,0,1,19,10,104,3.88,1,1,1,6,0,17,1,0
ssrf-request,CWE-918,0,1,1,0,0,12,12,343,3.96,0,1,0,4,0,41,1,0
path-traversal,CWE-22,0,0,0,0,0,14,26,115,2.57,1,1,0,5,0,20,0,1
insecure-deserialize,CWE-502,1,0,0,0,0,11,29,139,3.18,0,0,0,4,1,42,0,1
ssrf-request,CWE-918,1,0,1,0,0,11,7,120,1.65,0,1,0,1,0,38,1,0
ssrf-request,CWE-918,1,0,0,0,0,10,1,349,3.85,0,1,0,6,0,34,0,0
hardcoded-secret,CWE-798,0,0,1,0,0,14,24,174,2.32,1,0,0,5,0,3,1,0
hardcoded-secret,CWE-798,1,0,1,0,0,4,27,211,4.31,0,0,1,2,0,20,1,1
xss-unescaped,CWE-79,0,0,0,0,1,12,27,295,4.47,0,1,1,0,0,19,0,0
hardcoded-secret,CWE-798,1,0,1,0,0,6,30,90,3.25,1,0,1,6,0,42,0,1
ssrf-request,CWE-918,0,1,1,1,0,11,25,394,2.95,1,0,0,3,0,47,0,0
insecure-deserialize,CWE-502,0,0,1,0,0,1,22,130,2.9,1,0,0,9,1,32,1,0
hardcoded-secret,CWE-798,1,0,0,0,0,4,30,86,2.16,1,0,1,3,0,27,0,1
insecure-deserialize,CWE-502,1,0,0,0,0,4,24,76,2.22,0,1,0,10,0,22,1,1
sqli-concat,CWE-89,0,1,1,0,0,13,17,240,3.02,1,1,0,10,0,27,0,0
hardcoded-secret,CWE-798,0,1,0,0,0,17,20,272,3.06,0,0,1,3,0,2,1,0
xss-unescaped,CWE-79,0,0,1,0,0,20,23,386,2.71,0,1,0,2,1,22,1,0
insecure-deserialize,CWE-502,1,0,0,0,0,17,30,378,3.37,0,0,0,1,0,21,1,1
xss-unescaped,CWE-79,0,1,1,0,0,6,9,59,2.01,0,1,1,9,0,15,1,0
sqli-concat,CWE-89,0,0,1,0,0,17,17,105,3.76,0,1,1,5,0,47,1,0
ssrf-request,CWE-918,1,0,1,0,0,15,1,200,2.4,1,0,0,8,1,1,0,1
path-traversal,CWE-22,0,0,1,0,0,8,19,399,3.59,0,0,0,6,0,17,1,0
ssrf-request,CWE-918,0,1,1,1,0,13,19,233,4.34,0,0,0,5,1,7,1,0
path-traversal,CWE-22,1,0,1,0,0,1,16,370,1.94,1,0,0,4,0,18,0,1
path-traversal,CWE-22,0,0,1,0,0,4,2,270,2.42,0,0,0,5,1,50,0,0
sqli-concat,CWE-89,1,0,0,1,0,7,14,319,4.25,0,1,1,3,1,40,1,0
path-traversal,CWE-22,1,0,0,1,0,10,20,179,2.02,1,0,0,3,0,26,0,0
hardcoded-secret,CWE-798,1,0,0,0,0,15,18,113,2.63,1,0,0,7,0,32,1,1
path-traversal,CWE-22,1,0,1,0,0,14,15,34,4.24,1,0,1,9,1,50,0,1
ssrf-request,CWE-918,1,0,0,0,0,19,29,170,1.66,0,1,0,7,1,33,1,0
sqli-concat,CWE-89,0,0,1,0,0,4,11,324,1.79,1,1,1,1,1,43,0,0
insecure-deserialize,CWE-502,0,0,1,0,1,5,10,341,2.43,0,1,0,3,0,0,0,0
ssrf-request,CWE-918,0,0,0,0,0,16,1,278,2.83,0,1,0,2,1,34,1,0
ssrf-request,CWE-918,1,0,0,0,0,1,6,92,3.96,0,0,0,4,0,6,1,1
hardcoded-secret,CWE-798,1,0,1,0,0,4,15,233,3.94,1,1,0,6,0,19,0,1
insecure-deserialize,CWE-502,1,0,0,1,0,12,5,259,4.15,0,0,0,8,0,45,1,0
ssrf-request,CWE-918,0,0,0,0,0,19,11,255,3.65,1,1,1,1,1,41,1,0
path-traversal,CWE-22,1,0,0,0,0,17,25,357,3.08,1,1,0,6,0,1,0,1
xss-unescaped,CWE-79,0,0,1,1,0,16,11,138,4.44,0,0,1,2,1,24,1,0
sqli-concat,CWE-89,0,1,0,0,0,3,15,211,3.32,0,1,0,7,0,40,0,0
xss-unescaped,CWE-79,1,0,1,0,0,10,8,123,3.73,0,0,0,10,1,6,0,0
sqli-concat,CWE-89,0,0,1,0,0,19,18,56,2.52,1,0,1,9,1,32,1,0
hardcoded-secret,CWE-798,0,0,1,0,0,13,28,56,3.21,1,0,0,3,0,34,1,0
sqli-concat,CWE-89,0,1,1,0,0,12,3,100,4.4,0,1,0,0,0,7,1,0
hardcoded-secret,CWE-798,0,0,1,0,0,7,11,50,1.92,1,0,0,1,1,36,0,0
hardcoded-secret,CWE-798,0,1,0,1,0,16,5,158,3.67,1,0,0,6,0,50,0,0
sqli-concat,CWE-89,0,0,0,0,0,13,22,370,3.71,0,1,1,2,0,27,0,0
sqli-concat,CWE-89,1,0,0,1,1,12,12,119,2.53,0,0,0,0,0,47,0,0
sqli-concat,CWE-89,0,0,0,0,0,15,6,164,1.63,0,1,0,6,0,7,0,0
sqli-concat,CWE-89,1,0,0,0,0,12,29,132,2.83,1,1,1,3,0,17,1,1
insecure-deserialize,CWE-502,0,0,1,1,1,20,16,163,1.74,0,1,0,3,0,46,0,0
sqli-concat,CWE-89,0,1,1,1,0,1,16,37,2.31,1,0,0,9,0,1,1,0
path-traversal,CWE-22,1,0,0,0,0,13,6,357,2.79,1,0,0,5,1,38,1,1
hardcoded-secret,CWE-798,0,0,1,0,1,20,14,238,3.85,0,0,0,10,0,34,1,0
path-traversal,CWE-22,1,0,0,1,0,15,24,141,1.9,1,0,1,8,0,36,1,1
sqli-concat,CWE-89,1,0,1,0,0,9,26,354,3.93,0,1,0,5,1,11,1,0
path-traversal,CWE-22,0,1,0,0,0,12,16,346,4.03,0,0,0,9,0,4,1,0
xss-unescaped,CWE-79,1,0,1,0,0,16,5,136,3.39,0,0,0,0,0,32,1,0
ssrf-request,CWE-918,1,0,0,0,1,8,2,385,4.48,0,1,0,0,0,22,0,0
sqli-concat,CWE-89,1,0,0,0,0,8,7,186,3.21,1,0,0,4,0,20,1,1
hardcoded-secret,CWE-798,1,0,1,0,0,10,20,35,1.98,0,0,0,3,1,32,1,0
xss-unescaped,CWE-79,1,0,0,0,0,5,13,352,1.74,0,1,0,1,1,33,0,0
ssrf-request,CWE-918,1,0,1,0,0,7,27,314,2.38,0,1,0,5,1,7,0,0
path-traversal,CWE-22,1,0,1,0,0,18,17,59,4.24,0,1,1,3,0,8,0,0
path-traversal,CWE-22,0,1,1,0,1,4,3,229,2.76,1,0,1,7,0,7,1,0
hardcoded-secret,CWE-798,1,0,0,0,0,2,27,240,1.57,0,0,0,8,1,27,1,1
xss-unescaped,CWE-79,1,0,0,0,0,4,11,192,3.27,0,0,0,5,1,26,1,0
insecure-deserialize,CWE-502,1,0,1,0,0,5,24,113,3.67,0,0,1,9,0,43,1,1
path-traversal,CWE-22,1,0,1,0,0,19,9,69,2.2,0,1,0,6,0,11,0,0
sqli-concat,CWE-89,0,1,1,0,0,20,11,70,2.54,1,1,0,3,1,18,1,0
ssrf-request,CWE-918,0,0,1,0,0,7,18,280,3.76,0,0,0,0,0,18,1,0
insecure-deserialize,CWE-502,1,0,0,0,1,10,30,76,3.65,0,1,1,7,0,8,1,0
insecure-deserialize,CWE-502,0,1,0,0,0,8,24,58,2.48,1,1,0,8,0,4,1,0
sqli-concat,CWE-89,1,0,0,1,0,17,11,117,4.02,0,0,0,9,0,14,0,0
hardcoded-secret,CWE-798,1,0,0,0,0,6,24,274,2.35,0,0,0,1,0,39,0,1
insecure-deserialize,CWE-502,0,0,1,0,0,20,13,343,3.25,1,0,1,3,1,42,1,0
path-traversal,CWE-22,1,0,1,0,0,10,4,132,1.84,1,1,1,5,0,27,0,0
xss-unescaped,CWE-79,1,0,1,0,0,12,23,223,3.61,1,1,0,10,0,18,1,0
ssrf-request,CWE-918,0,1,0,0,0,11,9,365,2.45,1,1,0,0,0,46,0,0
hardcoded-secret,CWE-798,0,1,1,0,0,19,29,105,3.11,0,1,0,8,0,46,0,0
path-traversal,CWE-22,0,1,1,0,0,18,3,355,1.65,0,0,1,6,1,14,1,0
xss-unescaped,CWE-79,1,0,1,0,0,18,24,147,4.32,0,0,0,7,0,18,1,1
sqli-concat,CWE-89,0,0,0,0,0,4,27,213,3.47,1,0,0,8,1,48,1,1
sqli-concat,CWE-89,0,0,0,0,0,13,7,330,4.08,1,0,0,7,0,16,1,1
path-traversal,CWE-22,1,0,1,0,1,14,18,162,2.95,0,1,0,7,1,23,0,0
path-traversal,CWE-22,0,0,1,0,0,15,12,264,3.19,1,0,1,1,0,10,0,0
path-traversal,CWE-22,0,0,0,0,0,16,17,390,4.02,0,1,0,4,1,9,0,0
hardcoded-secret,CWE-798,1,0,0,0,0,7,25,307,3.88,1,0,0,7,0,47,0,1
sqli-concat,CWE-89,1,0,0,0,0,1,6,286,3.74,1,0,0,6,0,40,1,1
xss-unescaped,CWE-79,1,0,1,0,0,4,14,170,3.66,1,1,0,5,0,10,0,1
hardcoded-secret,CWE-798,0,1,1,0,0,7,30,189,4.28,0,0,0,7,0,26,0,0
xss-unescaped,CWE-79,1,0,0,1,0,1,10,379,2.06,1,1,0,9,0,10,0,0
hardcoded-secret,CWE-798,0,1,0,1,0,9,10,238,3.25,1,1,0,10,0,4,0,0
sqli-concat,CWE-89,0,1,0,0,0,4,5,287,3.26,1,1,1,9,0,30,0,0
xss-unescaped,CWE-79,0,0,0,0,0,20,5,93,1.99,1,0,1,0,0,28,1,1
insecure-deserialize,CWE-502,1,0,1,0,0,4,8,306,2.68,1,1,0,8,0,5,0,1
xss-unescaped,CWE-79,1,0,0,0,0,18,15,270,3.59,0,1,0,2,0,23,1,1
insecure-deserialize,CWE-502,1,0,1,0,0,18,29,117,2.65,0,0,0,8,0,37,1,1
hardcoded-secret,CWE-798,0,1,1,0,0,1,20,159,1.6,1,1,0,4,0,3,0,0
insecure-deserialize,CWE-502,1,0,1,0,0,16,24,351,3.75,0,1,0,2,1,11,0,0
sqli-concat,CWE-89,1,0,0,0,0,2,11,69,4.07,0,0,0,10,1,20,0,1
ssrf-request,CWE-918,1,0,0,1,0,13,14,361,3.51,0,1,0,7,0,38,0,0
insecure-deserialize,CWE-502,1,0,0,0,0,1,10,160,3.18,1,0,0,7,0,5,0,1
insecure-deserialize,CWE-502,0,0,1,0,0,1,25,106,3.87,1,1,0,3,0,43,0,1
insecure-deserialize,CWE-502,0,1,0,0,0,10,6,162,1.92,0,0,0,3,0,18,1,0
insecure-deserialize,CWE-502,1,0,1,0,0,12,19,206,2.55,1,0,0,9,0,34,0,1
insecure-deserialize,CWE-502,1,0,1,0,0,10,7,195,3.6,1,0,0,3,0,29,1,1
sqli-concat,CWE-89,0,0,1,0,0,19,11,210,3.19,0,1,0,10,0,0,0,0
path-traversal,CWE-22,1,0,1,0,0,4,6,203,2.42,0,0,0,9,0,36,1,0
insecure-deserialize,CWE-502,1,0,1,0,0,9,24,211,3.3,1,1,0,3,1,32,0,0
path-traversal,CWE-22,1,0,1,1,0,13,19,34,1.99,1,0,1,9,1,8,1,0
sqli-concat,CWE-89,0,1,0,0,0,15,13,104,2.88,0,0,0,1,0,13,1,0
sqli-concat,CWE-89,0,0,1,0,0,6,12,71,2.91,0,1,0,7,1,48,0,0
path-traversal,CWE-22,0,1,0,0,0,11,29,164,3.96,1,1,0,5,0,47,0,1
xss-unescaped,CWE-79,0,0,1,0,0,17,27,20,3.33,0,0,0,3,0,19,1,0
sqli-concat,CWE-89,1,0,1,0,0,14,5,165,2.43,1,0,0,6,0,25,0,1
path-traversal,CWE-22,0,1,0,0,0,13,26,26,1.98,1,1,0,10,1,25,1,0
sqli-concat,CWE-89,1,0,1,0,0,4,20,250,3.01,1,1,0,2,1,34,1,1
insecure-deserialize,CWE-502,0,0,0,0,0,19,9,121,3.04,1,1,0,4,0,31,1,0
hardcoded-secret,CWE-798,0,1,1,0,0,10,25,32,3.13,1,1,0,5,0,2,0,0
hardcoded-secret,CWE-798,0,1,0,0,0,18,4,84,3.68,1,1,0,7,0,15,1,0
sqli-concat,CWE-89,0,1,1,0,0,20,24,346,3.94,0,1,1,4,0,1,0,0
insecure-deserialize,CWE-502,1,0,0,0,1,14,4,118,3.21,0,0,0,7,0,27,1,0
insecure-deserialize,CWE-502,0,1,0,0,0,6,22,165,2.32,0,1,0,4,0,38,1,0
sqli-concat,CWE-89,0,0,0,0,0,8,3,333,2.36,1,1,0,5,0,30,0,0
hardcoded-secret,CWE-798,1,0,1,0,0,15,5,256,4.06,0,1,0,0,0,36,0,1
insecure-deserialize,CWE-502,1,0,1,0,0,17,12,175,2.38,1,0,0,9,0,22,1,1
path-traversal,CWE-22,0,1,1,1,0,13,30,295,1.9,0,0,0,3,1,36,1,0
xss-unescaped,CWE-79,0,1,1,0,0,7,14,326,2.34,0,1,0,8,0,25,1,0
path-traversal,CWE-22,1,0,1,0,0,6,13,167,1.51,1,0,0,1,0,41,1,1
path-traversal,CWE-22,1,0,0,0,0,20,8,90,3.33,0,1,1,5,0,10,1,0
insecure-deserialize,CWE-502,0,1,0,0,0,13,18,281,4.09,0,1,0,3,0,45,0,0
hardcoded-secret,CWE-798,0,1,0,1,0,7,19,256,2.88,1,0,1,7,0,7,1,0
xss-unescaped,CWE-79,0,1,0,0,0,2,22,366,2.72,1,1,0,6,1,45,0,0
insecure-deserialize,CWE-502,0,1,1,0,0,2,10,223,3.98,0,1,0,8,0,28,1,0
sqli-concat,CWE-89,0,0,1,0,0,19,25,77,3.67,1,0,1,7,0,6,1,0
insecure-deserialize,CWE-502,0,1,1,0,0,9,11,171,3.57,1,1,0,9,0,8,0,0
ssrf-request,CWE-918,1,0,0,0,0,12,19,205,3.64,0,1,0,7,0,9,0,1
xss-unescaped,CWE-79,1,0,1,0,0,8,1,128,3.25,0,1,0,8,1,33,1,0
path-traversal,CWE-22,0,1,0,0,0,17,11,287,2.62,1,0,1,7,0,24,0,0
insecure-deserialize,CWE-502,0,1,0,0,0,8,5,162,3.33,0,0,0,7,0,40,0,0
insecure-deserialize,CWE-502,0,0,1,0,0,13,21,70,4.36,1,0,1,0,0,33,0,1
xss-unescaped,CWE-79,1,0,0,0,0,8,8,373,3.65,1,1,0,3,1,4,0,1
ssrf-request,CWE-918,1,0,0,0,0,8,19,317,2.93,0,1,1,1,0,7,1,0
sqli-concat,CWE-89,1,0,0,0,0,19,7,326,2.96,1,0,0,7,1,12,1,1
sqli-concat,CWE-89,1,0,1,0,0,16,21,110,2.49,1,1,0,8,0,17,1,1
insecure-deserialize,CWE-502,1,0,0,1,1,6,16,23,2.46,1,1,0,1,1,43,1,0
sqli-concat,CWE-89,1,0,1,0,0,18,27,113,2.08,0,0,0,4,0,33,1,0
sqli-concat,CWE-89,1,0,0,0,0,5,11,100,2.08,0,0,0,2,0,33,1,1
insecure-deserialize,CWE-502,1,0,1,0,0,9,16,175,2.61,1,1,0,6,0,48,1,1
sqli-concat,CWE-89,1,0,0,1,0,12,21,91,4.42,0,0,0,4,0,23,0,0
hardcoded-secret,CWE-798,1,0,1,0,0,18,24,122,3.89,1,1,0,3,0,46,1,0
insecure-deserialize,CWE-502,1,0,0,0,0,13,23,381,2.96,1,0,0,10,0,34,1,1
path-traversal,CWE-22,1,0,0,0,0,3,11,395,2.74,0,1,0,8,0,15,1,1
ssrf-request,CWE-918,1,0,1,0,0,5,25,54,4.11,1,1,1,7,1,13,0,0
hardcoded-secret,CWE-798,1,0,0,0,0,11,7,366,4.41,0,0,0,6,0,31,0,1
ssrf-request,CWE-918,0,1,0,0,0,2,17,187,3.87,1,0,0,9,0,35,0,1
ssrf-request,CWE-918,0,0,1,0,0,7,25,57,3.8,1,1,0,2,0,4,0,0
insecure-deserialize,CWE-502,1,0,1,0,0,14,29,30,2.7,1,0,0,5,0,16,0,1
ssrf-request,CWE-918,1,0,1,0,0,7,25,314,4.28,0,0,1,3,0,6,0,0
ssrf-request,CWE-918,0,0,1,1,0,11,28,181,4.29,0,1,0,4,0,13,1,0
sqli-concat,CWE-89,0,1,0,0,0,13,1,247,4.1,0,1,0,7,0,13,1,0
ssrf-request,CWE-918,0,0,0,0,0,19,24,284,1.87,0,1,0,5,1,20,1,0
xss-unescaped,CWE-79,0,0,1,0,0,17,4,253,1.55,1,1,1,1,0,19,0,0
path-traversal,CWE-22,1,0,0,1,0,3,21,349,3.93,0,1,0,5,0,15,0,0
ssrf-request,CWE-918,0,0,0,0,0,16,25,39,1.68,1,1,0,2,0,11,0,0
insecure-deserialize,CWE-502,0,1,0,0,0,1,16,124,2.42,1,1,0,0,0,30,0,1
insecure-deserialize,CWE-502,0,1,0,0,0,20,24,288,2.01,1,0,0,1,0,30,1,0
path-traversal,CWE-22,1,0,0,1,1,1,10,263,2.91,0,1,0,5,1,42,0,0
path-traversal,CWE-22,1,0,0,0,0,17,5,93,2.18,0,1,0,9,0,14,1,0
xss-unescaped,CWE-79,1,0,1,0,0,15,22,322,3.06,1,0,0,5,0,37,0,1
insecure-deserialize,CWE-502,1,0,0,0,0,6,1,93,3.4,0,0,0,0,0,30,1,1
xss-unescaped,CWE-79,1,0,1,1,0,15,20,154,3.14,1,1,0,2,0,31,1,0
insecure-deserialize,CWE-502,0,1,1,0,0,12,14,348,1.58,0,0,1,1,0,45,1,0
xss-unescaped,CWE-79,1,0,1,0,0,18,3,278,2.05,0,0,1,3,1,12,1,0
ssrf-request,CWE-918,0,0,1,0,0,17,6,211,1.98,0,0,0,9,0,12,1,0
sqli-concat,CWE-89,1,0,1,0,0,17,14,263,2.9,1,0,0,8,0,13,0,1
sqli-concat,CWE-89,1,0,0,0,0,6,25,144,2.67,1,1,0,3,1,4,0,1
hardcoded-secret,CWE-798,0,1,0,0,0,19,22,97,2.12,1,1,0,1,0,33,0,0
insecure-deserialize,CWE-502,1,0,0,0,0,10,27,83,3.12,0,0,1,5,1,2,1,1
hardcoded-secret,CWE-798,0,1,1,0,0,16,25,169,2.17,1,0,1,10,0,44,1,0
path-traversal,CWE-22,0,0,1,0,0,9,29,148,3.42,1,1,0,1,1,31,0,0
ssrf-request,CWE-918,1,0,0,0,0,9,4,382,2.96,1,1,0,1,0,50,0,1
ssrf-request,CWE-918,0,0,0,0,0,20,14,221,3.65,1,1,0,8,0,25,1,1
insecure-deserialize,CWE-502,0,0,0,0,0,11,4,169,4.26,1,1,0,10,0,15,1,0
path-traversal,CWE-22,0,1,1,0,0,9,25,102,2.13,1,1,1,2,1,5,1,0
hardcoded-secret,CWE-798,0,1,1,0,0,3,21,227,2.44,0,1,0,7,0,28,1,0
xss-unescaped,CWE-79,0,1,0,0,0,19,10,279,3.6,0,1,0,1,0,5,1,0
hardcoded-secret,CWE-798,0,1,1,0,0,13,4,396,3.94,1,0,0,3,0,2,0,0
ssrf-request,CWE-918,0,1,0,0,0,8,8,135,2.82,0,0,0,0,1,30,1,0
path-traversal,CWE-22,0,1,0,0,1,19,13,341,3.23,1,1,0,5,1,16,1,0
hardcoded-secret,CWE-798,1,0,0,0,0,12,3,374,1.9,0,0,0,8,1,34,1,0
sqli-concat,CWE-89,0,1,0,0,0,19,27,47,2.88,1,0,1,2,0,28,0,0
hardcoded-secret,CWE-798,1,0,0,0,0,12,3,388,2.33,0,1,0,2,1,13,1,0
hardcoded-secret,CWE-798,1,0,1,0,1,17,14,93,3.8,1,0,1,0,1,22,0,1
sqli-concat,CWE-89,0,1,0,0,0,8,20,111,4.01,1,0,0,1,1,36,1,0
path-traversal,CWE-22,1,0,1,0,0,11,6,69,2.43,1,1,0,2,0,12,0,1
hardcoded-secret,CWE-798,0,1,1,0,0,17,9,30,4.14,0,1,0,0,1,33,0,0
sqli-concat,CWE-89,1,0,1,0,1,19,19,211,4.08,0,1,0,3,1,6,0,0
ssrf-request,CWE-918,1,0,0,1,0,6,17,96,3.94,0,0,1,4,1,6,1,0
insecure-deserialize,CWE-502,0,0,0,0,1,20,5,333,4.26,1,1,1,10,0,21,0,0
hardcoded-secret,CWE-798,0,0,1,0,1,13,2,203,1.68,1,0,1,1,0,20,1,0
ssrf-request,CWE-918,0,1,1,0,0,7,10,340,2.78,0,1,0,1,0,30,1,0
hardcoded-secret,CWE-798,1,0,1,0,0,2,17,41,2.06,0,1,0,8,0,19,1,0
xss-unescaped,CWE-79,1,0,0,0,0,14,24,280,3.07,1,0,1,1,0,11,0,1
insecure-deserialize,CWE-502,1,0,0,0,0,16,7,312,3.42,1,0,1,1,1,0,0,1
insecure-deserialize,CWE-502,1,0,0,1,0,8,12,225,1.63,0,1,1,6,0,45,1,0
xss-unescaped,CWE-79,1,0,1,0,0,14,27,231,2.63,0,1,0,0,0,25,0,0
insecure-deserialize,CWE-502,1,0,0,0,0,8,3,346,1.84,1,0,0,5,0,47,1,1
insecure-deserialize,CWE-502,1,0,1,0,0,10,28,311,2.28,1,0,1,8,1,12,0,0
ssrf-request,CWE-918,0,1,1,0,0,8,2,218,2.05,0,0,0,5,0,9,1,0
ssrf-request,CWE-918,0,0,0,0,0,2,19,27,4.35,1,0,0,3,1,3,1,1
path-traversal,CWE-22,0,1,0,0,0,7,11,356,3.66,1,0,1,9,0,35,0,1
xss-unescaped,CWE-79,1,0,0,0,0,3,14,285,3.1,0,1,0,2,1,43,0,1
sqli-concat,CWE-89,1,0,0,0,0,13,25,310,1.86,0,0,0,7,1,41,1,0
hardcoded-secret,CWE-798,1,0,1,1,0,8,22,271,3.34,1,1,1,2,0,23,0,0
xss-unescaped,CWE-79,1,0,0,1,0,13,9,102,2.6,1,0,0,6,1,34,0,0
path-traversal,CWE-22,0,1,0,1,0,14,29,233,2.88,1,1,0,5,0,8,0,0
xss-unescaped,CWE-79,0,0,0,1,0,20,12,257,3.14,1,1,0,3,0,30,0,0
ssrf-request,CWE-918,1,0,1,1,0,20,14,46,2.1,0,1,1,6,0,28,0,0
insecure-deserialize,CWE-502,0,1,0,0,0,19,25,99,3.42,0,0,0,7,0,47,0,0
path-traversal,CWE-22,1,0,0,0,0,3,3,30,1.53,0,1,1,5,1,22,0,1
insecure-deserialize,CWE-502,0,0,1,0,0,12,20,181,3.25,1,1,0,4,0,35,0,0
xss-unescaped,CWE-79,0,1,0,0,0,20,14,101,3.18,1,0,1,10,1,28,0,0
sqli-concat,CWE-89,0,1,1,0,1,6,25,30,3.26,1,1,0,2,0,1,1,0
insecure-deserialize,CWE-502,1,0,1,1,0,12,3,110,1.9,1,0,0,10,0,40,1,0
hardcoded-secret,CWE-798,0,1,1,0,0,19,14,106,2.6,1,0,0,2,0,15,1,0
hardcoded-secret,CWE-798,1,0,1,0,0,9,24,356,2.87,0,0,1,9,0,36,0,1
hardcoded-secret,CWE-798,1,0,0,1,0,13,13,38,3.59,1,1,0,8,1,50,1,0
path-traversal,CWE-22,1,0,0,1,0,9,18,118,2.97,1,0,1,5,1,7,0,0
xss-unescaped,CWE-79,0,0,0,0,0,3,5,312,3.9,0,0,0,5,1,39,0,0
xss-unescaped,CWE-79,1,0,1,0,0,4,20,82,1.67,0,0,0,1,0,50,0,1
xss-unescaped,CWE-79,0,0,1,0,0,17,7,263,3.95,1,0,0,10,0,3,1,0
xss-unescaped,CWE-79,0,0,0,1,0,9,5,297,3.23,0,0,0,5,1,14,0,0
path-traversal,CWE-22,1,0,1,0,0,10,7,238,2.25,0,0,0,10,0,48,0,0
sqli-concat,CWE-89,0,0,1,0,0,2,20,240,1.74,1,0,1,10,0,37,1,1
insecure-deserialize,CWE-502,0,1,1,0,0,16,12,275,2.4,0,0,0,0,0,26,1,0
path-traversal,CWE-22,1,0,1,0,0,15,15,98,1.93,1,0,1,5,0,40,0,1
path-traversal,CWE-22,1,0,0,0,0,6,5,323,4.34,0,1,0,4,0,1,1,1
path-traversal,CWE-22,0,1,1,0,0,16,20,390,3.0,0,1,1,0,0,6,0,0
hardcoded-secret,CWE-798,1,0,1,0,0,17,16,130,2.75,1,0,0,4,0,27,0,1
ssrf-request,CWE-918,0,1,1,0,0,5,12,309,4.41,1,1,0,3,1,44,0,0
hardcoded-secret,CWE-798,1,0,1,0,1,19,26,189,3.59,1,0,0,9,0,15,1,1
ssrf-request,CWE-918,1,0,0,0,0,4,13,95,3.37,1,1,0,4,0,24,0,1
hardcoded-secret,CWE-798,0,1,0,0,0,8,21,21,2.48,1,0,1,5,0,20,0,0
insecure-deserialize,CWE-502,0,0,1,0,0,7,17,278,2.35,1,0,0,3,0,1,0,1
insecure-deserialize,CWE-502,1,0,0,0,0,5,15,340,2.65,1,1,0,4,0,12,1,1
hardcoded-secret,CWE-798,0,0,1,1,0,4,2,187,3.16,1,1,0,10,0,20,1,0
xss-unescaped,CWE-79,1,0,0,0,0,11,19,311,1.62,0,1,0,1,0,6,0,1
insecure-deserialize,CWE-502,0,0,1,1,0,11,3,231,2.53,1,0,0,10,1,44,0,0
ssrf-request,CWE-918,0,0,1,0,0,9,8,142,1.67,0,0,0,3,0,2,0,0
xss-unescaped,CWE-79,0,0,1,0,0,13,1,281,3.8,1,0,0,9,0,14,1,0
sqli-concat,CWE-89,1,0,0,0,0,12,17,104,2.69,0,1,0,5,0,10,0,1
ssrf-request,CWE-918,1,0,1,0,0,9,13,81,3.45,1,1,0,1,0,6,0,1
xss-unescaped,CWE-79,1,0,0,1,0,10,12,257,1.66,1,0,0,4,0,11,1,0
xss-unescaped,CWE-79,1,0,1,0,1,15,13,328,3.76,1,1,1,10,1,15,0,0
ssrf-request,CWE-918,0,0,0,0,0,1,9,20,2.41,0,0,0,3,0,27,1,1
sqli-concat,CWE-89,1,0,1,0,0,10,25,37,4.2,1,1,1,3,0,40,0,1
path-traversal,CWE-22,0,0,0,0,0,8,15,316,3.58,0,1,0,2,0,25,1,0
sqli-concat,CWE-89,0,1,1,0,0,14,6,26,3.23,0,1,0,7,0,17,0,0
insecure-deserialize,CWE-502,1,0,0,0,0,15,26,20,4.49,1,1,1,0,0,5,1,1
path-traversal,CWE-22,1,0,0,0,0,12,24,302,3.12,1,1,0,6,0,22,1,1
xss-unescaped,CWE-79,1,0,1,0,0,14,3,328,2.26,1,1,0,8,1,10,0,0
hardcoded-secret,CWE-798,0,1,0,1,0,19,5,125,3.97,1,0,1,8,0,6,0,0
hardcoded-secret,CWE-798,0,0,1,0,0,11,24,211,3.15,1,0,0,6,0,6,0,0
insecure-deserialize,CWE-502,1,0,0,0,1,7,23,20,4.18,0,1,0,1,0,19,0,0
path-traversal,CWE-22,1,0,0,0,0,4,27,117,1.57,0,0,0,10,0,16,1,1
sqli-concat,CWE-89,1,0,1,0,0,1,23,325,2.4,0,1,0,9,1,40,0,1
insecure-deserialize,CWE-502,1,0,0,0,0,12,1,150,3.6,1,0,0,9,0,22,1,1
sqli-concat,CWE-89,1,0,0,1,0,3,16,149,3.13,0,1,0,5,0,30,0,0
hardcoded-secret,CWE-798,1,0,1,0,0,14,4,25,3.55,0,1,0,2,0,44,1,0
ssrf-request,CWE-918,0,1,0,0,0,16,6,251,2.38,1,1,0,10,0,4,0,0
path-traversal,CWE-22,1,0,0,0,0,6,25,212,1.63,1,1,0,7,1,7,0,1
xss-unescaped,CWE-79,0,0,0,0,0,12,26,377,2.79,1,0,0,0,0,35,1,1
sqli-concat,CWE-89,0,0,1,1,0,12,16,225,3.02,0,0,0,1,0,42,0,0
path-traversal,CWE-22,1,0,1,0,0,6,19,231,1.85,0,0,0,6,0,3,0,1
sqli-concat,CWE-89,1,0,0,0,0,5,11,144,4.08,0,1,0,3,0,24,0,0
xss-unescaped,CWE-79,0,0,0,0,0,3,19,104,2.24,1,0,1,6,0,27,0,1
hardcoded-secret,CWE-798,1,0,0,0,0,12,13,250,3.32,0,1,0,8,1,41,0,0
xss-unescaped,CWE-79,1,0,1,0,0,14,20,35,2.75,0,0,0,6,0,41,1,0
hardcoded-secret,CWE-798,1,0,1,1,0,16,17,269,2.66,0,1,0,7,1,34,0,0
hardcoded-secret,CWE-798,1,0,1,1,1,20,17,136,2.44,0,0,0,4,0,21,1,0
hardcoded-secret,CWE-798,1,0,1,0,0,7,25,333,4.17,1,0,0,5,1,35,1,1
xss-unescaped,CWE-79,1,0,0,0,0,10,21,146,2.12,1,0,1,7,0,25,1,1
insecure-deserialize,CWE-502,1,0,1,0,0,5,9,330,1.72,1,1,0,3,1,16,1,0
path-traversal,CWE-22,1,0,1,0,0,2,14,341,4.45,1,1,0,1,0,7,1,1
sqli-concat,CWE-89,0,0,1,0,1,18,9,85,3.85,1,0,0,10,0,0,0,0
hardcoded-secret,CWE-798,1,0,1,0,0,8,8,336,3.31,1,0,0,8,0,48,0,1
xss-unescaped,CWE-79,1,0,0,0,0,1,6,66,3.21,1,1,0,3,1,14,0,1
path-traversal,CWE-22,0,0,0,0,0,1,8,363,2.43,1,1,0,1,1,26,1,1
path-traversal,CWE-22,0,1,1,0,0,9,7,364,2.97,1,1,0,8,0,28,0,0
hardcoded-secret,CWE-798,0,0,1,0,0,13,7,131,2.44,0,1,1,6,0,30,0,0
insecure-deserialize,CWE-502,0,0,1,0,0,1,13,312,2.54,1,1,0,6,0,16,1,0
xss-unescaped,CWE-79,1,0,1,1,0,9,16,100,2.01,0,0,1,5,0,14,0,0
insecure-deserialize,CWE-502,0,0,0,0,0,17,30,150,2.86,1,1,1,2,0,19,0,0
ssrf-request,CWE-918,0,0,0,0,0,19,21,399,2.03,1,0,0,3,0,4,0,1
sqli-concat,CWE-89,1,0,0,0,0,15,18,208,3.67,0,0,1,5,1,49,1,0
ssrf-request,CWE-918,0,0,1,0,0,2,16,99,4.04,1,1,0,7,0,7,0,0
xss-unescaped,CWE-79,0,0,1,0,0,10,15,290,3.9,1,1,1,7,1,33,1,0
ssrf-request,CWE-918,1,0,1,0,0,14,6,277,4.07,0,0,0,5,1,7,1,0
path-traversal,CWE-22,1,0,1,0,0,11,16,121,3.75,0,1,1,2,0,19,1,0
xss-unescaped,CWE-79,0,0,0,1,0,9,16,224,2.9,0,1,0,0,0,9,0,0
hardcoded-secret,CWE-798,1,0,0,0,0,13,29,354,4.12,1,1,1,8,0,30,0,1
hardcoded-secret,CWE-798,1,0,0,0,0,17,6,25,4.48,1,0,0,3,0,23,0,1
path-traversal,CWE-22,1,0,1,0,0,15,12,338,2.48,0,1,1,6,1,2,0,0
xss-unescaped,CWE-79,1,0,1,0,0,15,24,389,3.41,0,0,0,4,0,2,0,1
hardcoded-secret,CWE-798,0,0,0,0,0,7,14,97,2.78,0,0,1,2,1,16,1,0
sqli-concat,CWE-89,0,1,0,1,0,16,4,60,3.51,1,1,1,4,0,35,1,0
insecure-deserialize,CWE-502,1,0,0,0,0,19,17,369,2.34,0,0,1,6,0,21,1,1
path-traversal,CWE-22,1,0,0,1,0,10,26,151,1.82,0,0,1,3,0,9,0,0
insecure-deserialize,CWE-502,1,0,1,0,0,14,19,189,2.4,1,0,1,0,0,27,0,1
path-traversal,CWE-22,1,0,0,0,0,12,4,177,2.21,1,1,0,6,0,15,1,1
xss-unescaped,CWE-79,0,1,0,0,0,19,13,62,1.8,0,0,0,7,1,50,0,0
sqli-concat,CWE-89,0,1,0,0,1,10,27,207,3.54,1,0,0,4,0,2,0,0
sqli-concat,CWE-89,0,0,0,1,0,16,4,156,3.28,0,1,0,7,0,16,0,0
insecure-deserialize,CWE-502,0,1,0,0,0,2,13,193,3.5,1,1,1,4,0,45,1,0
path-traversal,CWE-22,0,1,1,0,0,15,5,380,1.97,0,0,0,7,0,46,0,0
hardcoded-secret,CWE-798,1,0,1,0,0,16,14,229,1.87,1,0,1,10,0,10,1,0
xss-unescaped,CWE-79,1,0,0,0,0,9,13,115,3.94,1,1,0,5,1,45,1,1
insecure-deserialize,CWE-502,1,0,0,0,0,6,9,232,1.78,1,0,0,2,0,38,1,1
hardcoded-secret,CWE-798,0,0,1,0,0,1,21,204,3.63,1,1,0,7,1,32,0,0
xss-unescaped,CWE-79,0,1,1,0,0,17,19,333,4.28,0,1,1,9,0,34,1,0
sqli-concat,CWE-89,1,0,1,0,0,19,21,52,2.92,1,0,1,9,0,16,1,1
insecure-deserialize,CWE-502,0,0,1,0,1,1,17,137,1.62,1,0,0,6,0,4,1,1
ssrf-request,CWE-918,1,0,0,0,0,10,25,327,3.49,0,1,1,3,1,24,1,0
xss-unescaped,CWE-79,0,0,1,0,1,8,16,30,1.8,1,0,0,10,0,10,1,0
xss-unescaped,CWE-79,0,1,0,0,0,10,10,297,3.57,0,0,1,0,1,4,1,0
xss-unescaped,CWE-79,0,1,1,0,0,18,15,281,1.87,1,0,0,1,0,24,0,0
ssrf-request,CWE-918,1,0,0,1,0,20,26,64,4.48,1,0,0,8,0,48,1,1
sqli-concat,CWE-89,1,0,1,0,0,14,4,282,3.83,0,0,0,7,1,47,0,0
insecure-deserialize,CWE-502,0,1,1,0,0,12,7,41,1.61,1,0,1,5,0,26,0,0
hardcoded-secret,CWE-798,1,0,0,0,0,4,20,286,3.18,0,1,0,8,1,21,0,0
ssrf-request,CWE-918,0,1,0,0,0,14,10,39,4.08,1,0,0,6,1,17,1,0
path-traversal,CWE-22,0,1,0,0,0,10,14,31,1.58,0,0,1,8,0,6,1,0
sqli-concat,CWE-89,0,1,1,0,0,4,6,315,2.14,0,0,0,8,1,5,1,0
ssrf-request,CWE-918,1,0,0,1,0,2,10,235,1.78,0,0,0,9,0,30,0,0
path-traversal,CWE-22,1,0,1,0,0,9,6,322,4.32,0,0,0,2,0,36,0,0
insecure-deserialize,CWE-502,0,1,0,0,0,5,6,397,4.37,0,1,0,8,1,36,0,0
path-traversal,CWE-22,0,0,1,0,0,13,7,290,2.38,1,1,0,9,1,7,1,0
hardcoded-secret,CWE-798,1,0,0,1,0,13,19,117,3.74,0,0,1,3,0,2,0,0
xss-unescaped,CWE-79,0,0,1,0,0,7,9,77,3.22,0,0,0,5,0,9,0,0
insecure-deserialize,CWE-502,0,1,1,1,0,13,22,285,3.54,0,0,0,5,0,42,0,0
path-traversal,CWE-22,1,0,1,0,0,9,1,241,2.89,0,1,0,3,0,18,0,0
hardcoded-secret,CWE-798,1,0,0,0,0,1,16,291,1.7,1,0,0,4,1,24,1,1
xss-unescaped,CWE-79,1,0,0,0,0,5,1,140,3.44,0,0,0,5,0,44,0,1
hardcoded-secret,CWE-798,1,0,1,0,0,19,29,74,2.22,0,0,0,8,0,1,1,0
insecure-deserialize,CWE-502,1,0,1,0,0,7,6,75,3.7,1,1,0,4,0,40,1,0
insecure-deserialize,CWE-502,1,0,0,0,0,20,7,145,2.47,1,1,1,8,0,14,1,1
ssrf-request,CWE-918,0,0,0,0,0,5,8,230,4.1,1,0,0,8,0,8,0,1
insecure-deserialize,CWE-502,0,0,1,0,1,9,1,320,2.73,1,0,0,3,0,5,1,0
ssrf-request,CWE-918,0,0,1,0,0,18,6,356,3.77,1,0,1,5,0,32,0,0
ssrf-request,CWE-918,1,0,0,0,0,12,30,202,3.76,0,0,0,10,0,42,1,1
xss-unescaped,CWE-79,0,0,0,0,0,6,7,127,2.09,0,1,0,2,0,46,0,0
hardcoded-secret,CWE-798,1,0,1,0,0,3,27,101,2.92,1,0,0,10,1,26,0,1
sqli-concat,CWE-89,0,0,0,0,0,4,14,137,3.6,1,1,0,9,0,36,0,1
path-traversal,CWE-22,1,0,0,0,0,15,9,181,2.28,0,0,0,6,1,29,0,1
ssrf-request,CWE-918,0,0,0,0,0,18,28,77,3.18,0,0,0,8,1,8,0,0
sqli-concat,CWE-89,0,0,0,0,0,18,3,152,2.28,0,0,0,3,0,50,0,1
insecure-deserialize,CWE-502,0,0,1,0,0,18,3,397,3.78,1,1,0,0,1,49,0,0
insecure-deserialize,CWE-502,0,0,1,0,0,19,3,62,3.56,0,1,1,8,0,3,0,0
insecure-deserialize,CWE-502,0,1,1,0,0,4,26,278,3.44,1,0,0,2,0,36,1,0
hardcoded-secret,CWE-798,1,0,0,0,0,10,17,338,3.86,1,0,0,7,0,38,0,1
sqli-concat,CWE-89,1,0,0,0,0,11,3,205,3.67,0,1,0,1,0,9,1,0
ssrf-request,CWE-918,0,1,1,0,0,12,10,107,3.86,0,0,0,0,0,15,1,0
ssrf-request,CWE-918,1,0,1,0,1,1,25,339,3.84,0,0,0,4,1,7,1,0
hardcoded-secret,CWE-798,0,0,1,0,1,9,28,349,2.03,1,0,0,6,1,12,0,0
path-traversal,CWE-22,1,0,0,0,0,3,5,376,2.7,0,1,0,2,0,26,0,1
hardcoded-secret,CWE-798,1,0,0,0,0,9,3,256,4.12,1,1,0,5,1,2,0,1
path-traversal,CWE-22,0,1,1,0,1,6,10,118,4.38,0,0,0,4,0,17,1,0
ssrf-request,CWE-918,0,0,0,0,0,18,23,276,3.06,1,1,0,2,0,44,0,1
insecure-deserialize,CWE-502,1,0,0,0,1,2,28,169,2.22,0,1,0,8,0,20,0,1
path-traversal,CWE-22,0,0,0,0,0,20,15,289,2.9,0,0,0,3,0,5,0,0
path-traversal,CWE-22,0,0,1,0,0,8,2,228,4.06,0,1,1,5,1,6,1,0
ssrf-request,CWE-918,1,0,0,0,0,6,7,33,4.49,0,1,1,1,0,38,0,0
xss-unescaped,CWE-79,1,0,1,0,1,16,9,393,2.35,0,1,1,9,0,25,1,0
ssrf-request,CWE-918,1,0,0,1,0,3,10,329,1.71,1,0,0,3,0,33,1,1
hardcoded-secret,CWE-798,0,0,1,0,0,6,7,330,3.31,0,1,0,5,0,5,1,0
sqli-concat,CWE-89,1,0,0,0,0,14,24,41,3.99,1,0,0,6,0,50,0,1
ssrf-request,CWE-918,0,0,0,0,0,1,2,118,4.12,0,1,0,9,0,48,0,0
path-traversal,CWE-22,0,1,0,0,0,7,4,109,3.8,1,1,0,6,0,11,1,0
ssrf-request,CWE-918,0,1,1,0,1,18,21,93,3.36,1,1,0,0,0,19,0,0
ssrf-request,CWE-918,1,0,0,0,0,8,16,361,4.24,0,1,0,3,0,39,0,1
sqli-concat,CWE-89,0,1,1,0,1,1,20,44,3.02,0,1,0,2,1,45,1,0
hardcoded-secret,CWE-798,0,1,1,0,0,19,26,212,4.11,1,0,1,4,0,50,1,0
ssrf-request,CWE-918,1,0,0,0,0,19,4,170,1.56,1,0,1,3,0,49,0,1
hardcoded-secret,CWE-798,0,1,1,0,1,2,14,338,3.6,1,0,0,1,0,26,0,0
insecure-deserialize,CWE-502,1,0,0,0,0,10,18,390,2.18,1,1,0,8,0,35,0,1
hardcoded-secret,CWE-798,0,1,1,1,0,4,5,375,3.2,0,0,0,5,0,9,1,0
insecure-deserialize,CWE-502,1,0,0,0,0,13,19,213,2.53,0,0,0,6,0,43,0,1
xss-unescaped,CWE-79,1,0,1,1,0,4,9,118,3.83,0,0,0,4,1,17,0,0
sqli-concat,CWE-89,0,1,0,0,0,17,14,327,2.67,0,0,0,6,0,4,0,0
insecure-deserialize,CWE-502,0,1,0,0,0,3,13,290,1.67,0,1,0,1,1,20,0,0
path-traversal,CWE-22,1,0,0,1,0,17,7,318,4.35,0,0,0,3,0,17,0,0
path-traversal,CWE-22,1,0,1,0,0,13,6,49,3.64,0,1,1,6,0,38,0,0
hardcoded-secret,CWE-798,0,0,1,0,1,16,30,216,4.27,0,1,0,8,0,16,0,0
xss-unescaped,CWE-79,0,0,1,0,1,5,30,180,2.57,0,1,1,6,0,34,0,0
path-traversal,CWE-22,0,0,0,0,0,3,20,103,1.5,1,0,1,10,0,29,1,1
ssrf-request,CWE-918,1,0,1,0,0,7,15,58,4.17,1,1,0,2,1,20,0,1
xss-unescaped,CWE-79,1,0,1,0,0,4,14,161,2.35,1,0,0,1,0,34,0,1
xss-unescaped,CWE-79,1,0,1,0,0,6,30,115,1.73,0,1,1,9,0,11,0,0
insecure-deserialize,CWE-502,0,1,1,0,0,18,11,396,3.99,1,0,1,3,1,34,0,0
sqli-concat,CWE-89,0,1,1,0,0,8,19,250,4.38,1,1,0,1,0,44,0,0
path-traversal,CWE-22,1,0,0,1,0,17,25,95,4.08,0,1,0,1,0,10,0,0
xss-unescaped,CWE-79,1,0,1,0,0,3,13,367,4.12,1,1,1,10,0,36,0,1
insecure-deserialize,CWE-502,0,0,0,1,0,5,11,310,2.69,0,1,0,9,0,18,0,0
xss-unescaped,CWE-79,0,0,1,0,0,20,23,393,2.19,1,1,0,4,0,19,1,0
insecure-deserialize,CWE-502,0,0,1,0,0,18,17,254,4.39,0,1,0,2,0,34,1,0
path-traversal,CWE-22,1,0,1,0,0,6,1,335,2.86,0,0,0,10,1,31,1,0
path-traversal,CWE-22,0,1,1,0,0,5,27,86,2.46,1,0,1,8,0,33,0,0
path-traversal,CWE-22,0,0,1,0,0,9,29,35,3.49,1,1,0,5,0,36,0,0
sqli-concat,CWE-89,0,0,1,1,0,6,25,195,4.06,0,1,0,6,0,22,1,0
xss-unescaped,CWE-79,0,0,1,0,1,8,28,119,3.14,0,1,0,4,0,43,1,0
xss-unescaped,CWE-79,1,0,1,0,0,11,13,105,4.41,0,0,0,9,1,23,0,0
xss-unescaped,CWE-79,0,1,1,0,1,16,17,154,4.37,1,0,0,7,1,18,1,0
xss-unescaped,CWE-79,0,0,1,0,0,4,29,365,4.18,0,0,1,9,0,3,0,0
ssrf-request,CWE-918,1,0,0,0,0,2,3,206,2.13,1,1,0,5,1,12,0,1
xss-unescaped,CWE-79,0,1,0,0,0,16,24,288,1.79,1,1,0,9,0,9,0,0
hardcoded-secret,CWE-798,0,0,1,0,0,13,20,290,4.34,1,0,0,2,1,0,1,0
hardcoded-secret,CWE-798,0,0,1,0,1,5,30,189,3.17,1,1,0,5,1,37,1,0
path-traversal,CWE-22,1,0,1,0,0,6,5,272,3.62,1,1,0,6,1,50,1,0
insecure-deserialize,CWE-502,1,0,0,0,0,10,20,80,4.4,1,1,0,0,1,2,0,1
hardcoded-secret,CWE-798,1,0,0,0,0,8,3,141,1.89,0,1,1,1,0,20,1,0
path-traversal,CWE-22,0,0,1,0,0,6,22,71,2.35,1,1,0,7,0,44,0,0
path-traversal,CWE-22,1,0,1,0,0,10,21,231,1.95,1,0,1,4,0,4,0,1
xss-unescaped,CWE-79,0,0,0,0,0,5,7,330,1.93,0,1,0,0,0,0,0,0
ssrf-request,CWE-918,0,1,1,0,0,7,23,303,2.89,0,1,0,1,0,11,0,0
hardcoded-secret,CWE-798,1,0,1,0,0,12,18,341,2.3,0,0,0,9,0,49,1,0
path-traversal,CWE-22,0,0,1,0,0,6,23,245,4.38,0,0,0,3,0,50,0,0
ssrf-request,CWE-918,0,0,1,0,0,5,19,310,4.23,1,0,1,6,1,42,0,0
insecure-deserialize,CWE-502,1,0,0,0,0,5,8,105,2.48,0,0,0,4,0,7,1,1
insecure-deserialize,CWE-502,1,0,1,0,0,13,10,146,4.33,1,1,0,7,0,46,0,1
xss-unescaped,CWE-79,1,0,1,0,0,19,6,245,1.71,0,1,1,7,1,13,1,0
insecure-deserialize,CWE-502,1,0,0,0,0,18,30,285,2.23,0,0,1,6,1,46,0,1
ssrf-request,CWE-918,0,0,0,1,0,9,25,303,2.97,1,1,0,3,0,46,1,0
insecure-deserialize,CWE-502,1,0,0,0,1,18,13,51,3.9,0,0,0,4,0,24,0,0
ssrf-request,CWE-918,1,0,0,0,0,12,27,103,4.36,0,0,1,10,0,49,1,1
insecure-deserialize,CWE-502,0,0,1,0,0,9,21,396,3.03,0,0,0,7,0,43,1,0
sqli-concat,CWE-89,0,0,1,0,0,5,24,97,1.85,1,1,0,10,0,7,0,0
sqli-concat,CWE-89,0,1,1,0,0,6,2,81,3.35,0,1,0,8,1,15,0,0
ssrf-request,CWE-918,0,0,1,0,0,14,13,192,2.13,0,1,0,10,1,49,0,0
xss-unescaped,CWE-79,1,0,0,0,0,10,1,305,3.55,0,1,1,9,0,8,0,0
ssrf-request,CWE-918,1,0,1,0,1,19,7,378,4.04,1,1,1,1,1,47,0,0
xss-unescaped,CWE-79,1,0,0,0,0,19,16,28,3.83,1,0,0,3,0,22,1,1
ssrf-request,CWE-918,1,0,1,0,0,5,7,33,2.28,0,0,0,7,1,27,0,0
hardcoded-secret,CWE-798,0,1,0,0,0,9,2,105,3.3,0,1,0,9,0,14,0,0
xss-unescaped,CWE-79,1,0,0,0,0,9,28,101,3.98,0,0,0,4,0,3,0,1
sqli-concat,CWE-89,1,0,1,1,0,19,30,347,2.85,1,0,0,9,0,22,1,0
hardcoded-secret,CWE-798,1,0,0,1,0,9,16,74,1.91,1,1,0,0,0,49,0,0
ssrf-request,CWE-918,0,0,0,0,0,14,18,137,1.8,0,1,0,8,0,0,0,0
insecure-deserialize,CWE-502,1,0,1,0,0,19,1,388,1.82,0,1,0,8,0,28,0,0
xss-unescaped,CWE-79,0,1,0,0,0,2,27,167,2.58,1,1,0,6,0,45,0,1
sqli-concat,CWE-89,0,1,0,0,0,17,22,201,2.84,1,1,0,1,0,21,0,0
insecure-deserialize,CWE-502,0,1,0,0,0,15,30,150,4.01,1,0,0,9,0,15,0,1
insecure-deserialize,CWE-502,1,0,0,0,0,9,13,232,2.78,1,0,1,1,0,37,1,1
insecure-deserialize,CWE-502,1,0,0,1,0,2,1,355,2.29,0,1,0,5,0,45,0,0
hardcoded-secret,CWE-798,0,0,1,0,0,17,2,321,2.39,1,1,1,8,1,40,0,0
insecure-deserialize,CWE-502,0,0,1,0,0,4,27,232,2.65,1,0,0,6,1,9,0,1
path-traversal,CWE-22,1,0,0,0,0,19,9,147,2.2,1,1,0,8,0,38,1,1
ssrf-request,CWE-918,0,1,0,0,1,9,6,240,4.04,0,0,0,0,0,34,0,0
sqli-concat,CWE-89,0,1,0,0,0,1,21,358,3.38,0,0,0,9,0,38,1,0
xss-unescaped,CWE-79,0,0,1,1,0,18,17,340,3.26,0,0,1,6,1,19,0,0
xss-unescaped,CWE-79,0,1,1,0,0,8,19,245,4.42,0,0,0,0,0,2,1,0
path-traversal,CWE-22,1,0,1,0,0,6,27,116,2.64,1,0,1,10,0,10,1,1
insecure-deserialize,CWE-502,1,0,0,0,0,14,18,278,1.95,1,1,0,0,0,37,1,1
xss-unescaped,CWE-79,0,1,0,0,0,14,4,201,2.78,0,0,0,10,1,44,0,0
hardcoded-secret,CWE-798,1,0,1,0,0,15,19,357,3.51,1,0,1,6,1,18,1,0
path-traversal,CWE-22,0,1,1,0,0,15,17,179,1.96,0,1,0,2,0,22,0,0
insecure-deserialize,CWE-502,1,0,1,0,1,5,1,277,4.4,0,1,0,8,0,14,0,0
path-traversal,CWE-22,0,1,1,0,0,17,15,328,3.23,0,0,0,3,1,7,0,0
hardcoded-secret,CWE-798,0,0,1,0,0,7,16,388,2.72,0,0,0,4,0,32,0,0
path-traversal,CWE-22,1,0,0,1,0,12,30,162,3.75,1,0,0,6,0,2,0,1
insecure-deserialize,CWE-502,1,0,1,0,0,19,14,225,4.04,1,0,1,2,1,38,0,1
ssrf-request,CWE-918,0,1,1,0,0,5,4,159,1.74,0,0,1,9,0,25,1,0
hardcoded-secret,CWE-798,1,0,0,0,0,19,13,376,3.36,1,1,0,1,0,37,1,1
hardcoded-secret,CWE-798,0,0,0,0,0,20,22,112,1.68,1,1,0,6,1,2,1,0
sqli-concat,CWE-89,0,1,0,0,0,2,8,325,3.11,1,0,0,3,0,45,0,1
sqli-concat,CWE-89,1,0,1,0,0,2,13,268,1.52,1,0,0,9,0,3,1,1
path-traversal,CWE-22,1,0,1,0,0,18,20,242,2.79,1,1,0,0,1,19,1,1
path-traversal,CWE-22,1,0,1,0,0,11,18,34,3.21,1,1,1,3,1,38,0,1
path-traversal,CWE-22,0,0,1,0,0,13,29,215,3.85,0,1,0,4,0,25,1,0
ssrf-request,CWE-918,1,0,0,1,0,1,23,365,2.78,0,0,0,2,1,28,1,1
path-traversal,CWE-22,1,0,1,0,0,11,20,54,2.67,0,1,0,1,0,32,1,0
ssrf-request,CWE-918,1,0,0,0,0,18,1,75,2.92,1,1,0,8,0,5,0,1
ssrf-request,CWE-918,1,0,1,1,1,1,30,159,2.84,1,1,1,10,1,4,0,0
insecure-deserialize,CWE-502,0,0,0,0,0,9,8,396,3.78,0,1,0,9,1,48,0,0
path-traversal,CWE-22,1,0,0,0,0,9,17,109,2.43,0,1,1,5,1,17,0,0
sqli-concat,CWE-89,1,0,1,0,0,12,10,353,2.9,0,0,0,3,0,45,1,0
hardcoded-secret,CWE-798,1,0,0,0,0,13,25,125,2.23,0,1,0,3,1,35,1,0
insecure-deserialize,CWE-502,0,0,1,0,0,1,21,297,1.68,1,0,1,4,0,40,0,1
sqli-concat,CWE-89,1,0,0,0,0,18,17,94,2.3,1,0,1,0,0,44,0,1
ssrf-request,CWE-918,0,1,1,0,0,10,17,54,4.03,0,1,0,10,1,16,1,0
path-traversal,CWE-22,0,0,1,0,0,16,20,337,2.15,0,0,0,10,1,46,1,0
xss-unescaped,CWE-79,0,0,1,1,0,17,22,150,4.12,1,0,1,9,0,20,1,0
ssrf-request,CWE-918,0,1,0,0,0,15,22,90,2.26,0,1,0,2,0,13,0,0
ssrf-request,CWE-918,1,0,0,0,0,8,19,72,1.95,1,0,0,2,1,36,0,1
xss-unescaped,CWE-79,0,0,0,0,0,2,27,79,1.54,0,0,0,8,0,27,1,0
sqli-concat,CWE-89,0,0,1,0,0,4,1,300,1.75,1,1,1,4,0,46,0,0
ssrf-request,CWE-918,1,0,1,0,0,3,19,281,3.77,1,1,1,8,0,12,1,1
hardcoded-secret,CWE-798,1,0,1,0,0,4,2,21,2.1,0,1,1,6,1,0,1,0
hardcoded-secret,CWE-798,1,0,1,0,0,3,11,30,4.21,1,1,0,1,0,41,1,1
hardcoded-secret,CWE-798,1,0,0,0,0,8,10,20,3.92,0,1,0,9,0,39,1,0
sqli-concat,CWE-89,0,1,0,0,0,18,7,170,3.16,1,0,0,7,1,33,0,0
ssrf-request,CWE-918,1,0,0,0,0,16,26,334,1.72,1,0,0,1,0,24,0,1
insecure-deserialize,CWE-502,0,0,0,1,0,5,14,379,3.79,0,1,0,1,0,0,1,0
xss-unescaped,CWE-79,0,1,1,0,0,11,4,255,2.96,0,0,0,6,0,50,0,0
sqli-concat,CWE-89,0,1,0,0,0,19,13,90,2.81,0,1,0,9,0,3,1,0
insecure-deserialize,CWE-502,1,0,1,1,0,4,27,303,2.54,1,0,0,8,0,36,0,1
xss-unescaped,CWE-79,1,0,1,0,0,19,1,395,1.65,0,1,0,0,0,13,0,0
hardcoded-secret,CWE-798,1,0,0,0,0,18,20,187,4.16,1,0,0,7,0,33,0,1
xss-unescaped,CWE-79,1,0,1,0,1,5,14,57,2.67,1,0,0,0,1,35,0,0
sqli-concat,CWE-89,0,1,0,0,0,15,29,75,4.44,1,0,0,0,1,14,1,0
sqli-concat,CWE-89,0,0,0,0,0,3,26,240,3.28,0,1,0,10,0,32,1,0
ssrf-request,CWE-918,1,0,1,0,0,5,26,310,3.07,0,1,0,9,0,30,0,1
path-traversal,CWE-22,0,0,1,0,1,10,26,295,1.75,0,0,0,0,0,49,1,0
xss-unescaped,CWE-79,0,0,1,1,0,7,29,392,2.58,0,1,1,2,0,3,1,0
hardcoded-secret,CWE-798,1,0,0,0,1,15,7,321,3.14,1,1,1,8,0,19,0,1
hardcoded-secret,CWE-798,0,1,1,0,0,5,18,44,2.49,1,1,0,6,0,39,1,0
hardcoded-secret,CWE-798,0,1,1,0,0,19,6,393,3.97,1,1,0,7,0,19,0,0
insecure-deserialize,CWE-502,0,0,0,1,0,4,15,279,4.32,0,0,0,4,1,28,1,0
sqli-concat,CWE-89,0,0,0,0,1,20,12,139,2.45,1,0,0,0,1,42,0,1
xss-unescaped,CWE-79,1,0,1,0,0,19,12,50,1.53,0,0,0,5,0,46,0,0
hardcoded-secret,CWE-798,1,0,1,0,0,20,11,36,2.81,1,0,1,3,1,29,0,0
hardcoded-secret,CWE-798,1,0,0,1,0,3,2,24,4.45,0,1,1,0,0,37,0,0
sqli-concat,CWE-89,1,0,1,0,0,2,29,129,2.79,1,0,0,4,0,6,0,1
insecure-deserialize,CWE-502,1,0,0,1,0,12,12,144,4.23,1,0,0,6,0,3,1,1
path-traversal,CWE-22,0,0,1,0,0,18,2,57,3.14,1,1,0,3,1,32,1,0
insecure-deserialize,CWE-502,0,0,0,0,1,10,10,317,3.6,0,0,0,7,0,48,0,0
hardcoded-secret,CWE-798,1,0,0,0,0,12,27,25,1.72,1,1,0,6,0,6,1,1
ssrf-request,CWE-918,1,0,0,0,0,6,22,313,3.61,0,1,0,1,0,47,0,1
ssrf-request,CWE-918,0,1,0,0,0,1,21,296,3.17,1,0,0,1,0,25,1,1
xss-unescaped,CWE-79,0,0,1,1,0,11,30,253,2.5,1,1,1,2,0,37,1,0
hardcoded-secret,CWE-798,0,1,0,0,0,8,14,363,3.91,0,0,0,5,0,4,1,0
path-traversal,CWE-22,1,0,0,0,0,5,1,247,1.84,0,0,0,8,0,12,1,0
insecure-deserialize,CWE-502,0,0,0,0,1,17,26,83,3.07,0,1,0,6,0,7,1,0
xss-unescaped,CWE-79,1,0,1,0,0,3,24,321,4.14,1,1,0,1,0,33,0,1
insecure-deserialize,CWE-502,0,1,0,0,1,20,28,130,1.7,0,1,1,8,0,19,0,0
insecure-deserialize,CWE-502,0,0,0,0,0,16,6,20,1.66,1,0,0,3,0,9,0,1
hardcoded-secret,CWE-798,0,1,1,0,1,9,21,128,3.69,0,0,0,5,0,45,0,0
insecure-deserialize,CWE-502,0,0,0,0,0,7,2,161,4.31,0,0,0,7,0,8,0,0
xss-unescaped,CWE-79,1,0,0,0,0,5,17,67,2.75,1,1,0,0,0,3,1,1
insecure-deserialize,CWE-502,0,1,1,0,0,13,29,319,1.79,0,0,0,10,0,38,0,0
path-traversal,CWE-22,0,1,1,0,1,20,2,101,3.25,0,0,1,0,0,47,1,0
sqli-concat,CWE-89,1,0,1,0,0,19,3,123,4.32,0,0,0,8,1,26,1,0
path-traversal,CWE-22,0,1,0,0,0,5,3,312,3.04,1,0,0,4,1,50,1,0
hardcoded-secret,CWE-798,0,1,1,0,0,7,22,176,3.31,0,1,0,4,0,24,0,0
path-traversal,CWE-22,0,0,0,0,1,14,29,80,1.77,1,0,1,10,0,47,1,0
insecure-deserialize,CWE-502,1,0,1,0,0,4,22,283,4.05,0,1,1,9,1,39,0,0
insecure-deserialize,CWE-502,1,0,0,0,0,10,30,384,1.75,1,1,0,8,0,15,0,1
insecure-deserialize,CWE-502,1,0,1,1,0,6,29,207,3.5,0,0,0,3,1,2,0,0
sqli-concat,CWE-89,0,1,1,0,0,12,24,156,2.61,1,1,0,7,0,45,1,0
insecure-deserialize,CWE-502,1,0,0,0,1,8,14,209,3.19,1,1,0,9,1,24,0,0
path-traversal,CWE-22,0,1,0,0,0,11,10,209,1.57,0,1,1,9,1,19,0,0
hardcoded-secret,CWE-798,0,1,0,0,0,12,19,215,2.69,0,0,1,3,0,17,0,0
xss-unescaped,CWE-79,1,0,0,0,0,13,4,166,1.66,1,0,0,2,1,7,1,1
hardcoded-secret,CWE-798,1,0,0,0,0,2,15,310,2.74,1,0,0,10,1,1,0,1
path-traversal,CWE-22,1,0,0,0,0,4,3,208,3.69,1,1,0,5,1,42,1,1
insecure-deserialize,CWE-502,0,1,1,0,0,16,2,77,2.99,0,0,0,6,1,47,0,0
xss-unescaped,CWE-79,1,0,1,0,0,19,14,224,3.55,0,1,0,4,1,41,0,0
insecure-deserialize,CWE-502,1,0,0,0,0,18,3,32,4.28,0,0,0,2,0,43,0,1
insecure-deserialize,CWE-502,0,0,1,0,0,15,22,119,1.86,1,0,1,1,1,13,1,0
ssrf-request,CWE-918,0,1,0,1,0,7,4,121,2.63,0,1,0,0,0,11,1,0
xss-unescaped,CWE-79,1,0,0,0,1,20,12,357,3.55,0,0,0,7,0,39,0,1
ssrf-request,CWE-918,0,0,1,0,0,16,23,375,3.98,0,1,0,3,0,5,1,0
sqli-concat,CWE-89,1,0,1,0,0,2,18,255,1.64,1,0,1,2,1,12,1,1
sqli-concat,CWE-89,0,0,1,0,1,13,4,201,3.43,0,0,0,7,0,40,1,0
insecure-deserialize,CWE-502,1,0,1,0,0,16,7,186,2.83,0,0,1,3,1,9,0,0
xss-unescaped,CWE-79,0,0,1,0,0,5,12,306,4.47,0,0,0,5,0,24,0,0
ssrf-request,CWE-918,1,0,0,0,0,2,29,219,2.23,1,0,0,10,0,3,1,1
path-traversal,CWE-22,1,0,1,0,0,8,1,268,3.51,1,0,0,5,0,42,0,1
xss-unescaped,CWE-79,1,0,0,0,0,2,17,166,3.49,1,1,0,5,1,50,1,1
sqli-concat,CWE-89,1,0,1,0,0,3,26,109,4.31,1,0,0,4,0,36,1,1
hardcoded-secret,CWE-798,1,0,1,0,1,3,19,389,2.63,1,1,0,5,1,3,1,0
sqli-concat,CWE-89,0,0,1,0,0,6,22,27,1.71,1,0,0,10,0,19,0,1
xss-unescaped,CWE-79,0,1,1,0,0,19,21,252,2.72,1,0,0,6,0,30,0,0
sqli-concat,CWE-89,0,0,1,0,1,1,15,193,3.59,1,1,0,10,1,40,1,0
xss-unescaped,CWE-79,0,0,1,0,0,7,1,282,3.52,1,0,0,2,0,7,0,1
hardcoded-secret,CWE-798,0,1,1,0,0,9,10,308,3.42,1,1,0,0,0,26,1,0
path-traversal,CWE-22,1,0,1,0,0,14,16,225,2.39,1,1,1,1,0,12,1,1
hardcoded-secret,CWE-798,1,0,0,0,0,11,2,31,2.72,0,1,0,9,1,17,1,0
ssrf-request,CWE-918,0,1,1,0,0,19,21,203,1.91,0,1,0,5,0,46,0,0
xss-unescaped,CWE-79,1,0,1,0,0,17,6,256,2.74,1,0,1,5,0,33,1,1
ssrf-request,CWE-918,1,0,1,1,1,14,22,242,2.24,1,1,0,4,1,50,0,0
hardcoded-secret,CWE-798,0,1,0,0,0,8,27,381,4.33,1,1,0,4,1,16,0,0
ssrf-request,CWE-918,0,0,0,0,0,11,17,235,1.88,0,1,0,2,0,0,1,0
xss-unescaped,CWE-79,0,0,0,1,0,2,16,187,2.4,1,0,0,6,0,30,0,1
xss-unescaped,CWE-79,0,0,0,0,0,9,19,241,4.04,0,0,0,3,0,1,0,0
insecure-deserialize,CWE-502,1,0,0,0,0,4,7,395,4.09,1,1,0,9,0,21,1,1
insecure-deserialize,CWE-502,1,0,0,0,0,14,26,60,4.27,0,1,0,8,0,16,1,1
path-traversal,CWE-22,1,0,0,0,0,8,30,297,3.15,0,1,1,3,1,10,0,0
sqli-concat,CWE-89,0,0,1,0,0,6,9,228,2.12,1,0,0,9,0,47,1,0
ssrf-request,CWE-918,0,0,1,0,0,5,19,163,2.64,0,0,1,10,0,42,1,0
path-traversal,CWE-22,1,0,0,0,0,7,2,174,2.12,0,0,0,5,1,10,0,1
ssrf-request,CWE-918,1,0,1,0,0,6,15,192,3.69,0,0,0,8,1,39,0,0
sqli-concat,CWE-89,0,0,0,0,0,19,4,130,2.11,0,0,0,6,0,4,0,1
insecure-deserialize,CWE-502,1,0,1,0,0,1,15,238,1.93,1,1,0,0,0,41,1,1
xss-unescaped,CWE-79,0,0,0,1,0,19,18,152,3.95,0,0,0,2,0,34,1,0
path-traversal,CWE-22,0,0,0,0,0,6,6,358,3.89,1,0,0,6,1,16,1,0
insecure-deserialize,CWE-502,0,1,1,0,0,9,14,74,3.37,0,1,0,5,0,14,1,0
xss-unescaped,CWE-79,1,0,0,0,0,3,6,99,2.45,1,1,0,8,0,16,0,1
xss-unescaped,CWE-79,1,0,0,0,0,15,19,59,3.88,0,0,1,1,0,32,0,1
xss-unescaped,CWE-79,1,0,1,0,1,20,2,362,4.25,0,1,1,7,0,2,0,0
ssrf-request,CWE-918,0,1,0,0,0,20,20,148,3.58,1,0,0,2,0,31,1,0
insecure-deserialize,CWE-502,1,0,0,0,0,15,6,103,1.56,0,0,0,2,0,20,1,0
ssrf-request,CWE-918,1,0,0,1,0,1,23,296,3.95,1,1,0,0,0,33,1,0
ssrf-request,CWE-918,1,0,0,0,0,1,26,105,1.53,1,1,0,5,0,43,1,1
path-traversal,CWE-22,1,0,0,0,0,7,6,326,3.72,1,0,0,7,0,50,0,1
xss-unescaped,CWE-79,1,0,0,0,0,3,29,224,2.55,0,0,0,9,1,10,0,1
ssrf-request,CWE-918,1,0,0,0,0,14,7,41,1.95,1,0,0,7,0,9,1,1
xss-unescaped,CWE-79,1,0,0,0,0,13,3,191,3.49,0,1,0,3,1,14,0,0
sqli-concat,CWE-89,1,0,0,0,0,6,3,348,1.75,0,0,1,5,1,32,0,1
insecure-deserialize,CWE-502,1,0,0,1,0,18,14,294,3.0,0,0,1,1,0,16,0,0
path-traversal,CWE-22,1,0,1,0,1,1,2,218,2.03,1,1,0,7,0,20,1,0
insecure-deserialize,CWE-502,1,0,1,0,0,13,24,179,3.83,1,0,0,10,0,39,0,1
insecure-deserialize,CWE-502,1,0,0,0,0,7,6,28,2.42,1,0,0,8,0,7,1,1
insecure-deserialize,CWE-502,1,0,0,0,0,20,15,98,3.98,1,0,0,8,0,7,0,1
sqli-concat,CWE-89,0,1,1,0,0,6,23,21,1.69,0,0,0,3,0,12,0,0
sqli-concat,CWE-89,1,0,0,0,0,6,9,145,4.16,0,1,0,2,1,39,0,0
insecure-deserialize,CWE-502,0,0,1,0,1,14,6,254,3.77,0,0,1,3,1,32,1,0
insecure-deserialize,CWE-502,0,0,1,0,0,3,17,192,3.4,1,0,0,1,0,35,1,1
sqli-concat,CWE-89,0,0,0,0,0,17,26,100,2.1,0,0,0,8,1,14,1,0
xss-unescaped,CWE-79,1,0,0,0,0,11,23,396,4.32,1,1,0,10,0,48,1,1
ssrf-request,CWE-918,0,0,0,1,0,9,8,58,3.36,1,1,0,8,0,22,1,0
ssrf-request,CWE-918,0,1,1,0,0,6,24,365,1.55,0,1,0,6,0,48,0,0
ssrf-request,CWE-918,1,0,0,0,0,15,7,177,3.35,0,1,0,9,0,27,0,0
path-traversal,CWE-22,1,0,0,0,0,20,1,247,2.3,1,1,0,4,0,28,1,1
path-traversal,CWE-22,0,0,1,0,0,16,9,306,2.56,1,1,0,8,0,38,1,0
sqli-concat,CWE-89,1,0,1,0,0,15,17,342,2.53,0,1,0,9,0,16,1,0
hardcoded-secret,CWE-798,0,0,1,1,1,11,6,80,4.01,0,1,0,7,0,25,1,0
ssrf-request,CWE-918,0,0,0,0,0,9,12,286,1.81,0,0,0,4,0,34,0,1
ssrf-request,CWE-918,1,0,1,0,0,4,18,197,2.75,0,0,1,7,1,0,0,1
sqli-concat,CWE-89,0,0,1,0,0,13,4,323,4.17,1,0,0,5,0,6,1,0
ssrf-request,CWE-918,0,1,1,0,1,19,2,277,3.78,0,0,0,2,0,41,0,0
sqli-concat,CWE-89,0,0,1,0,0,4,2,138,2.31,1,0,0,0,0,17,1,1
path-traversal,CWE-22,1,0,1,0,0,2,13,92,3.86,1,1,0,6,1,8,1,0
path-traversal,CWE-22,0,0,0,0,0,1,11,140,2.15,1,1,1,4,0,30,1,1
hardcoded-secret,CWE-798,1,0,1,0,0,8,20,243,2.48,0,0,0,7,1,8,1,0
hardcoded-secret,CWE-798,1,0,0,0,0,20,2,21,3.72,0,0,1,1,1,49,1,1
xss-unescaped,CWE-79,0,1,1,0,0,9,18,348,3.14,1,1,0,5,0,10,0,0
ssrf-request,CWE-918,1,0,0,0,0,12,5,384,4.08,0,1,0,9,0,4,0,0
hardcoded-secret,CWE-798,0,0,1,0,0,3,9,249,2.86,0,1,0,5,1,19,1,0
ssrf-request,CWE-918,1,0,0,0,0,15,4,202,3.24,1,0,0,9,0,21,0,1
path-traversal,CWE-22,0,0,0,0,0,7,14,62,4.12,0,0,1,8,1,11,1,0
sqli-concat,CWE-89,1,0,0,0,0,18,3,200,3.88,1,0,0,8,0,20,0,1
hardcoded-secret,CWE-798,0,0,1,0,0,14,11,358,2.14,0,1,1,8,0,32,0,0
hardcoded-secret,CWE-798,1,0,1,0,0,9,28,215,2.99,1,1,1,9,1,37,0,0
hardcoded-secret,CWE-798,0,0,1,0,0,20,19,151,4.17,1,1,1,5,0,37,0,0
insecure-deserialize,CWE-502,0,0,0,0,0,18,11,265,2.18,0,1,0,1,0,26,1,0
hardcoded-secret,CWE-798,0,1,1,0,0,17,25,284,2.39,1,1,0,8,1,23,1,0
hardcoded-secret,CWE-798,1,0,0,1,0,4,27,323,1.65,1,1,0,9,0,42,0,1
xss-unescaped,CWE-79,1,0,0,0,1,15,29,61,2.89,1,1,1,1,1,50,0,1
path-traversal,CWE-22,1,0,0,0,0,13,17,73,1.75,0,0,0,5,1,34,0,1
sqli-concat,CWE-89,0,1,0,0,0,11,19,25,4.16,0,0,0,9,0,20,0,0
ssrf-request,CWE-918,1,0,1,0,0,8,27,211,1.77,1,0,1,7,1,0,1,0
xss-unescaped,CWE-79,0,1,0,0,0,4,4,314,2.22,0,0,1,8,0,36,1,0
hardcoded-secret,CWE-798,0,1,1,0,0,14,2,313,1.68,0,0,0,5,0,8,1,0
xss-unescaped,CWE-79,1,0,0,0,0,11,30,376,3.89,0,1,1,2,1,5,0,0
insecure-deserialize,CWE-502,1,0,1,0,0,7,12,143,3.9,0,1,0,6,0,40,1,0
path-traversal,CWE-22,0,0,1,1,0,13,8,319,2.96,1,0,0,4,0,43,0,0
insecure-deserialize,CWE-502,0,0,1,0,0,15,1,101,3.13,1,1,0,3,0,33,0,0
path-traversal,CWE-22,1,0,1,0,0,14,3,37,4.18,1,1,0,3,0,40,1,1
path-traversal,CWE-22,1,0,0,1,0,4,2,116,3.51,0,1,1,0,0,31,1,0
xss-unescaped,CWE-79,1,0,0,1,0,17,28,72,2.29,1,1,0,9,0,20,0,0
sqli-concat,CWE-89,1,0,0,0,1,13,9,375,3.77,0,0,0,8,1,17,1,0
hardcoded-secret,CWE-798,1,0,1,0,0,8,27,188,3.11,0,1,0,4,1,1,1,0
ssrf-request,CWE-918,0,0,1,0,0,9,25,389,3.8,1,0,0,8,1,32,1,0
xss-unescaped,CWE-79,1,0,1,0,0,12,17,133,3.7,1,1,0,4,0,45,0,1
ssrf-request,CWE-918,0,0,1,0,0,14,1,115,3.13,1,1,1,0,1,4,0,0
xss-unescaped,CWE-79,0,0,1,0,0,5,1,157,3.77,0,1,0,4,0,13,0,0
hardcoded-secret,CWE-798,1,0,0,0,0,3,2,338,2.95,0,0,0,4,0,29,0,1
ssrf-request,CWE-918,1,0,0,0,0,9,28,314,2.72,1,0,1,4,1,11,1,1
sqli-concat,CWE-89,1,0,0,0,0,4,4,293,3.99,0,1,0,6,0,24,0,1
sqli-concat,CWE-89,1,0,0,0,0,13,15,375,3.46,0,0,0,5,1,15,1,0
path-traversal,CWE-22,0,0,1,0,0,18,19,35,1.53,1,0,0,7,0,21,0,1
sqli-concat,CWE-89,1,0,0,0,0,3,7,37,3.46,0,0,0,6,0,47,1,1
sqli-concat,CWE-89,1,0,1,0,1,4,1,149,2.45,1,1,1,7,0,10,0,0
path-traversal,CWE-22,0,1,1,0,0,14,2,94,3.98,1,0,0,2,0,25,0,0
xss-unescaped,CWE-79,1,0,0,0,0,19,9,62,1.93,0,1,0,7,1,30,0,0
path-traversal,CWE-22,0,0,0,0,0,12,11,68,2.17,1,0,0,9,1,46,0,0
insecure-deserialize,CWE-502,0,1,1,0,0,12,19,296,2.55,0,0,0,10,0,34,0,0
xss-unescaped,CWE-79,1,0,1,1,0,10,24,330,3.91,1,1,0,8,0,8,0,0
path-traversal,CWE-22,1,0,0,1,0,17,17,157,2.44,0,1,1,8,1,36,0,0
ssrf-request,CWE-918,0,1,1,0,0,19,5,63,2.81,1,0,0,10,0,12,1,0
xss-unescaped,CWE-79,1,0,1,0,0,9,15,40,3.01,1,1,0,2,0,0,0,1
sqli-concat,CWE-89,0,0,1,0,0,5,28,27,2.58,0,0,0,0,0,33,1,0
xss-unescaped,CWE-79,1,0,1,0,0,19,4,333,1.51,0,0,0,6,1,1,0,0
path-traversal,CWE-22,0,0,0,0,0,7,30,253,3.73,1,0,0,8,1,21,1,0
ssrf-request,CWE-918,0,1,1,1,1,13,8,40,1.65,1,0,0,1,1,46,0,0
path-traversal,CWE-22,0,0,0,0,0,20,18,350,2.61,0,1,0,0,0,16,0,0
sqli-concat,CWE-89,1,0,0,0,0,8,9,231,2.73,1,1,0,4,1,27,1,1
xss-unescaped,CWE-79,0,0,0,0,0,9,29,349,3.66,0,0,1,10,0,28,1,0
sqli-concat,CWE-89,0,1,0,0,0,12,17,55,2.99,0,1,0,5,0,12,1,0
hardcoded-secret,CWE-798,0,0,1,1,0,1,1,170,1.76,0,1,0,1,0,4,0,0
insecure-deserialize,CWE-502,1,0,1,0,0,10,22,223,1.84,1,0,0,4,0,1,0,1
sqli-concat,CWE-89,0,0,0,0,1,1,3,390,4.14,0,0,0,10,0,22,0,0
xss-unescaped,CWE-79,0,1,1,0,0,14,14,186,2.17,1,1,0,0,1,19,0,0
xss-unescaped,CWE-79,1,0,1,1,0,10,13,32,1.82,0,0,0,10,1,46,1,0
path-traversal,CWE-22,0,1,0,0,0,14,3,271,4.5,0,1,1,10,0,29,0,0
path-traversal,CWE-22,1,0,0,0,1,14,23,218,4.3,1,0,1,4,1,39,1,1
path-traversal,CWE-22,1,0,1,0,0,10,16,259,3.99,0,0,0,0,0,6,1,0
ssrf-request,CWE-918,1,0,1,1,0,5,8,180,4.09,1,0,0,6,1,48,1,0
ssrf-request,CWE-918,0,0,0,0,0,14,27,149,3.31,0,1,0,2,0,25,1,0
hardcoded-secret,CWE-798,0,0,0,0,0,20,16,120,3.14,0,1,0,10,0,19,0,0
hardcoded-secret,CWE-798,1,0,0,0,0,17,17,161,3.26,0,1,0,0,0,6,0,1
sqli-concat,CWE-89,0,0,0,0,0,12,10,120,3.47,0,0,1,1,1,3,1,0
ssrf-request,CWE-918,1,0,0,0,0,8,16,92,1.8,1,0,1,3,0,44,0,1
sqli-concat,CWE-89,1,0,0,0,1,9,2,26,2.13,1,0,0,7,1,37,1,1
insecure-deserialize,CWE-502,1,0,0,0,0,4,29,342,3.77,0,1,0,9,1,3,1,0
sqli-concat,CWE-89,1,0,1,0,0,11,28,206,4.26,0,0,1,5,0,33,0,1
insecure-deserialize,CWE-502,0,0,1,1,0,18,17,366,4.1,0,1,0,7,0,3,0,0
path-traversal,CWE-22,0,1,0,0,0,18,23,282,1.83,0,0,1,10,0,48,1,0
hardcoded-secret,CWE-798,1,0,1,0,0,18,7,268,2.52,1,1,0,1,1,0,0,1
hardcoded-secret,CWE-798,0,1,1,0,0,17,2,27,2.01,1,0,1,2,0,25,0,0
xss-unescaped,CWE-79,0,1,0,0,0,13,20,362,3.79,1,1,0,7,0,28,1,0
sqli-concat,CWE-89,1,0,0,0,0,12,23,92,1.77,0,1,1,2,0,0,1,0
sqli-concat,CWE-89,0,0,1,0,0,17,25,152,4.18,0,0,0,3,0,18,1,0
ssrf-request,CWE-918,0,0,0,0,0,4,24,237,3.3,0,1,1,0,0,23,0,0
path-traversal,CWE-22,1,0,1,0,0,18,13,377,2.37,0,0,0,9,1,14,1,0
ssrf-request,CWE-918,0,0,0,0,0,4,29,161,4.24,0,1,0,9,1,7,1,0
path-traversal,CWE-22,0,1,1,0,1,4,5,299,3.81,1,1,1,2,0,23,1,0
ssrf-request,CWE-918,0,1,1,0,0,13,28,347,1.64,1,0,0,6,0,18,1,0
path-traversal,CWE-22,1,0,1,0,0,15,15,92,1.61,0,0,0,0,1,29,0,1
hardcoded-secret,CWE-798,1,0,1,0,0,16,18,348,3.76,0,0,0,5,0,14,0,1
xss-unescaped,CWE-79,1,0,1,0,0,10,17,186,3.62,1,0,0,2,0,49,1,1
insecure-deserialize,CWE-502,1,0,0,1,1,6,18,284,4.0,1,1,0,2,0,41,1,0
insecure-deserialize,CWE-502,0,0,1,1,1,7,11,126,3.68,1,1,0,2,0,8,0,0
ssrf-request,CWE-918,1,0,1,0,0,14,29,363,3.58,1,0,0,5,1,49,0,1
hardcoded-secret,CWE-798,0,1,0,0,0,20,25,94,2.92,0,1,0,7,0,16,0,0
hardcoded-secret,CWE-798,0,1,1,0,0,16,17,324,4.15,1,1,0,6,1,37,0,0
xss-unescaped,CWE-79,1,0,0,0,0,16,7,226,3.75,0,0,0,2,0,41,0,1
path-traversal,CWE-22,0,0,0,0,0,12,21,270,2.78,1,0,0,0,1,10,1,1
sqli-concat,CWE-89,1,0,1,0,0,13,19,303,2.2,0,1,1,0,0,11,0,0
sqli-concat,CWE-89,0,1,0,0,0,9,6,367,2.69,0,0,0,0,1,28,1,0
sqli-concat,CWE-89,0,0,1,1,0,15,29,40,4.16,0,1,0,3,0,29,0,0
hardcoded-secret,CWE-798,1,0,1,0,0,4,28,245,1.98,1,1,1,8,0,14,0,1
insecure-deserialize,CWE-502,1,0,1,0,0,6,29,199,3.35,1,0,0,3,1,14,0,1
path-traversal,CWE-22,0,1,0,0,0,3,6,313,1.85,1,0,0,9,1,3,0,0
path-traversal,CWE-22,1,0,1,0,0,11,27,107,2.86,1,1,1,9,0,39,1,0
sqli-concat,CWE-89,1,0,0,0,0,18,14,174,3.95,1,1,1,0,0,34,0,1
insecure-deserialize,CWE-502,0,0,0,0,1,3,29,210,3.83,0,0,0,8,0,2,0,0
xss-unescaped,CWE-79,0,1,0,0,0,6,1,105,2.23,0,1,1,5,0,3,0,0
ssrf-request,CWE-918,0,1,1,0,0,2,8,227,3.24,1,0,0,3,0,10,1,1
xss-unescaped,CWE-79,1,0,0,0,0,5,1,295,1.58,0,0,0,4,1,5,0,1
ssrf-request,CWE-918,0,1,1,0,0,13,11,333,3.3,0,0,0,7,0,4,1,0
path-traversal,CWE-22,1,0,1,0,0,3,30,27,2.65,1,0,0,7,0,50,0,1
ssrf-request,CWE-918,0,0,1,0,0,8,4,266,2.62,0,1,1,4,0,9,1,0
hardcoded-secret,CWE-798,1,0,0,1,0,5,23,33,4.17,1,0,0,9,0,42,1,1
hardcoded-secret,CWE-798,0,1,0,0,0,4,3,201,3.57,1,0,0,4,0,49,0,1
sqli-concat,CWE-89,0,1,0,0,0,2,17,246,2.96,0,1,0,2,0,47,1,0
xss-unescaped,CWE-79,0,0,0,0,1,9,21,365,2.46,0,0,0,0,0,34,1,0
path-traversal,CWE-22,0,1,1,0,0,19,7,126,4.14,1,1,0,9,1,10,1,0
path-traversal,CWE-22,1,0,1,0,0,17,11,345,3.01,0,0,1,5,0,45,1,1
xss-unescaped,CWE-79,1,0,0,0,0,17,9,223,2.95,0,1,0,3,1,40,1,0
insecure-deserialize,CWE-502,1,0,0,0,0,13,6,304,1.98,1,0,1,8,0,46,1,1
xss-unescaped,CWE-79,1,0,1,0,0,14,7,321,3.78,0,0,1,2,1,15,1,0
sqli-concat,CWE-89,1,0,0,0,0,1,20,379,3.47,1,0,0,6,0,21,0,1
ssrf-request,CWE-918,1,0,1,0,0,3,16,165,3.44,0,0,0,1,0,15,1,1
xss-unescaped,CWE-79,0,0,0,0,0,15,3,64,4.35,0,0,0,0,1,9,1,0
path-traversal,CWE-22,0,1,1,0,0,4,30,370,3.75,0,1,1,2,0,13,1,0
sqli-concat,CWE-89,0,1,0,0,0,7,9,236,1.77,0,0,0,3,1,12,1,0
sqli-concat,CWE-89,0,1,1,0,0,14,10,90,4.32,1,1,0,4,0,47,0,0
path-traversal,CWE-22,0,1,1,0,0,13,17,205,2.93,0,1,1,3,1,38,1,0
xss-unescaped,CWE-79,0,1,1,0,0,16,11,194,1.8,0,0,1,7,0,36,0,0
xss-unescaped,CWE-79,1,0,0,0,0,6,10,306,2.16,1,0,1,2,0,22,1,1
hardcoded-secret,CWE-798,0,1,1,0,0,1,6,203,4.12,1,0,0,2,0,36,0,0
hardcoded-secret,CWE-798,1,0,0,0,0,14,24,381,2.3,0,1,0,5,0,20,1,0
insecure-deserialize,CWE-502,1,0,0,0,0,9,8,184,3.84,0,0,0,1,0,27,0,1
hardcoded-secret,CWE-798,1,0,1,0,1,10,8,253,3.02,1,1,0,0,0,24,0,0
ssrf-request,CWE-918,1,0,1,1,0,9,29,232,4.05,1,0,0,1,0,19,0,0
ssrf-request,CWE-918,1,0,0,1,0,5,15,263,4.27,0,0,1,4,0,44,1,0
insecure-deserialize,CWE-502,1,0,0,0,0,8,12,230,3.76,1,0,0,3,0,27,0,1
xss-unescaped,CWE-79,0,1,1,0,0,7,1,227,2.91,0,0,0,2,0,30,1,0
sqli-concat,CWE-89,0,1,1,0,0,17,25,188,3.53,0,1,0,3,0,13,1,0
insecure-deserialize,CWE-502,0,1,1,0,0,11,26,346,2.47,1,0,0,1,0,3,1,0
insecure-deserialize,CWE-502,1,0,0,0,0,13,22,390,2.83,0,0,1,1,0,10,0,1
path-traversal,CWE-22,0,0,0,0,0,19,27,294,4.29,0,1,0,3,1,14,1,0
sqli-concat,CWE-89,1,0,0,0,0,10,20,154,2.01,0,0,0,9,0,42,0,1
sqli-concat,CWE-89,0,1,1,0,0,20,23,29,1.84,1,1,0,6,0,4,1,0
ssrf-request,CWE-918,1,0,0,0,1,9,20,291,1.99,0,1,0,3,1,44,0,0
insecure-deserialize,CWE-502,0,1,0,0,0,17,28,22,2.66,1,0,0,5,1,33,0,0
sqli-concat,CWE-89,1,0,1,1,1,19,30,390,3.47,0,1,0,7,1,7,1,0
sqli-concat,CWE-89,0,1,1,0,0,2,7,35,3.04,0,1,0,2,0,38,1,0
ssrf-request,CWE-918,0,1,1,0,0,11,25,35,3.48,0,1,1,2,0,29,1,0
sqli-concat,CWE-89,0,1,0,0,0,19,22,77,3.66,1,0,0,7,0,8,0,0
ssrf-request,CWE-918,0,0,0,0,0,4,15,49,3.41,1,0,0,4,0,13,1,1
ssrf-request,CWE-918,1,0,0,0,0,11,17,368,3.96,0,0,0,4,1,42,0,1
hardcoded-secret,CWE-798,0,1,0,0,0,1,19,66,4.32,0,1,0,0,0,17,1,0
path-traversal,CWE-22,0,0,1,0,0,15,1,87,4.25,1,1,0,4,0,22,0,0
insecure-deserialize,CWE-502,1,0,1,0,0,3,23,292,3.95,1,0,1,6,1,17,0,1
sqli-concat,CWE-89,1,0,1,1,0,8,17,209,2.33,1,0,1,2,0,2,1,0
path-traversal,CWE-22,1,0,1,0,0,3,5,210,3.24,1,0,0,0,1,11,1,1
xss-unescaped,CWE-79,0,1,0,0,1,14,13,57,4.4,1,0,0,5,0,37,0,0
ssrf-request,CWE-918,0,0,1,0,0,16,28,224,3.17,1,1,0,5,1,27,0,0
hardcoded-secret,CWE-798,0,0,1,0,0,2,17,148,4.19,0,1,0,8,1,48,0,0
xss-unescaped,CWE-79,0,1,0,0,1,3,10,172,1.65,1,1,0,9,1,4,1,0
insecure-deserialize,CWE-502,0,0,1,0,0,19,3,131,2.4,1,1,0,10,1,30,0,0
sqli-concat,CWE-89,1,0,1,0,0,13,10,101,3.73,0,1,1,5,0,45,0,0
sqli-concat,CWE-89,0,0,1,0,0,1,19,268,4.48,0,1,0,9,0,36,0,0
insecure-deserialize,CWE-502,1,0,1,0,0,1,3,262,3.48,0,1,0,6,0,33,1,0
ssrf-request,CWE-918,1,0,1,0,0,10,28,23,2.43,1,1,0,2,0,4,0,1
path-traversal,CWE-22,1,0,1,0,0,2,16,270,2.99,0,1,1,5,0,26,0,1
ssrf-request,CWE-918,0,0,0,0,0,20,24,318,3.29,0,1,0,7,0,19,0,0
hardcoded-secret,CWE-798,1,0,1,0,0,10,18,331,1.5,1,0,0,8,0,8,0,1
hardcoded-secret,CWE-798,0,0,1,0,0,3,25,331,1.71,0,1,0,3,1,10,1,0
sqli-concat,CWE-89,1,0,1,0,0,9,2,329,3.94,1,0,0,8,1,46,0,1
hardcoded-secret,CWE-798,1,0,1,0,0,20,13,362,2.6,0,1,0,7,1,0,0,0
hardcoded-secret,CWE-798,0,0,0,0,0,11,29,179,1.85,0,0,0,8,0,5,0,0
insecure-deserialize,CWE-502,0,1,1,0,0,2,8,283,2.62,1,1,0,0,0,34,0,0
xss-unescaped,CWE-79,1,0,1,0,0,11,3,215,2.35,0,0,0,5,1,8,0,0
sqli-concat,CWE-89,0,1,1,0,0,1,17,279,4.2,1,1,0,9,0,2,0,0
sqli-concat,CWE-89,0,0,1,1,1,3,3,122,3.54,1,1,0,5,0,35,1,0
ssrf-request,CWE-918,0,1,0,0,0,8,6,356,1.86,1,0,0,7,1,43,0,0
xss-unescaped,CWE-79,0,1,0,0,1,16,22,23,2.93,1,1,0,0,1,43,0,0
insecure-deserialize,CWE-502,0,0,1,0,0,10,13,57,3.97,0,1,0,7,1,26,0,0
path-traversal,CWE-22,0,0,1,0,1,19,13,21,2.59,0,1,0,8,0,8,1,0
path-traversal,CWE-22,1,0,0,0,1,13,17,225,1.65,0,1,0,6,0,27,0,0
hardcoded-secret,CWE-798,0,0,0,0,0,14,9,24,3.37,0,0,0,9,0,10,0,0
insecure-deserialize,CWE-502,0,0,0,0,0,1,20,154,2.52,1,1,0,9,0,7,0,1
path-traversal,CWE-22,0,0,1,0,0,15,12,272,4.3,1,1,1,9,1,2,1,0
hardcoded-secret,CWE-798,1,0,1,1,0,8,17,66,1.87,0,1,0,5,0,18,1,0
hardcoded-secret,CWE-798,1,0,1,0,0,6,20,371,2.61,1,0,0,6,0,15,1,1
sqli-concat,CWE-89,1,0,0,0,0,14,1,249,1.53,0,1,1,6,0,12,1,0
sqli-concat,CWE-89,1,0,1,0,0,12,7,368,1.51,0,1,0,1,0,3,1,0
ssrf-request,CWE-918,1,0,0,0,0,6,9,174,1.73,1,1,0,4,0,24,1,1
insecure-deserialize,CWE-502,1,0,0,0,0,11,23,259,3.25,1,0,0,1,1,33,1,1
path-traversal,CWE-22,1,0,1,0,0,14,11,218,4.16,0,1,0,7,0,42,1,0
path-traversal,CWE-22,0,1,1,0,0,6,8,375,2.93,0,1,0,0,1,6,0,0
xss-unescaped,CWE-79,0,1,1,0,0,7,7,93,3.57,1,0,1,2,0,25,1,0
hardcoded-secret,CWE-798,0,0,0,0,0,6,27,222,4.3,1,1,0,9,0,16,0,1
path-traversal,CWE-22,1,0,0,0,0,6,8,389,3.1,0,0,0,10,0,36,0,1
hardcoded-secret,CWE-798,0,0,1,0,0,8,25,109,3.05,0,1,0,1,0,33,0,0
ssrf-request,CWE-918,0,1,1,0,0,3,11,157,3.57,1,0,1,7,0,36,0,0
xss-unescaped,CWE-79,0,0,0,0,0,13,26,165,4.45,0,0,1,6,1,46,0,0
xss-unescaped,CWE-79,1,0,1,0,0,7,7,58,2.74,0,1,0,4,1,1,1,0
sqli-concat,CWE-89,0,1,0,0,0,2,11,334,2.44,1,0,0,1,1,2,1,0
insecure-deserialize,CWE-502,1,0,0,0,0,16,9,29,3.53,1,1,0,6,0,8,1,1
ssrf-request,CWE-918,0,1,0,0,0,2,8,381,2.71,1,1,1,4,1,46,0,0
hardcoded-secret,CWE-798,1,0,1,0,0,16,21,320,2.13,0,1,0,8,1,38,0,0
hardcoded-secret,CWE-798,1,0,0,0,0,20,29,181,3.94,1,0,0,6,1,27,1,1
xss-unescaped,CWE-79,0,0,0,1,0,9,29,215,1.8,0,0,0,4,0,21,0,0
hardcoded-secret,CWE-798,0,0,0,0,1,15,14,399,3.6,0,0,1,9,1,45,1,0
path-traversal,CWE-22,1,0,0,0,0,6,11,223,3.65,1,0,1,8,0,8,0,1
path-traversal,CWE-22,1,0,0,0,0,18,28,168,1.7,1,0,1,3,0,16,1,1
path-traversal,CWE-22,1,0,1,0,1,19,20,294,4.42,1,0,1,5,0,43,1,0
ssrf-request,CWE-918,1,0,1,0,0,18,8,21,4.07,1,0,0,1,0,34,0,1
ssrf-request,CWE-918,0,1,0,0,0,5,1,70,2.76,1,1,0,6,1,21,1,0
insecure-deserialize,CWE-502,1,0,1,0,1,12,29,272,2.56,0,1,0,4,0,3,1,0
ssrf-request,CWE-918,1,0,1,0,0,14,26,291,4.07,0,1,0,6,0,20,0,0
xss-unescaped,CWE-79,0,1,1,0,0,17,19,333,2.92,0,0,0,6,1,27,0,0
ssrf-request,CWE-918,0,1,1,1,0,3,15,30,4.37,0,1,1,4,0,13,1,0
sqli-concat,CWE-89,0,0,1,0,0,18,20,396,3.1,1,0,0,10,0,37,1,1
insecure-deserialize,CWE-502,0,1,1,1,0,19,29,269,1.9,0,1,0,5,0,17,0,0
hardcoded-secret,CWE-798,1,0,0,0,0,12,25,213,3.76,0,1,0,10,1,36,1,0
insecure-deserialize,CWE-502,0,1,0,0,0,14,1,106,3.65,0,0,1,1,0,33,0,0
hardcoded-secret,CWE-798,1,0,0,0,0,10,5,40,2.18,1,1,0,8,0,23,1,1
sqli-concat,CWE-89,1,0,0,0,0,14,24,156,4.48,0,0,0,8,1,8,1,1
insecure-deserialize,CWE-502,1,0,1,0,0,14,6,145,3.44,1,0,0,5,1,24,1,1
xss-unescaped,CWE-79,1,0,1,0,0,10,30,284,2.13,1,0,0,6,0,37,0,1
insecure-deserialize,CWE-502,0,1,0,1,0,17,30,66,2.91,1,0,1,5,1,36,1,0
path-traversal,CWE-22,0,1,0,0,0,15,24,93,2.16,1,0,1,2,0,43,0,1
sqli-concat,CWE-89,1,0,1,0,0,18,21,346,2.84,1,1,1,9,0,16,0,0
insecure-deserialize,CWE-502,1,0,1,0,1,11,7,323,3.07,0,1,0,7,0,22,0,0
hardcoded-secret,CWE-798,1,0,0,0,0,10,12,281,4.46,1,0,0,8,0,16,1,1
path-traversal,CWE-22,0,0,0,1,0,16,13,60,1.95,0,0,0,10,1,38,0,0
insecure-deserialize,CWE-502,1,0,0,0,0,18,4,99,4.29,1,0,0,2,1,1,1,1
sqli-concat,CWE-89,1,0,1,0,0,20,2,80,1.64,0,1,1,9,0,24,0,0
xss-unescaped,CWE-79,1,0,1,0,0,20,29,252,4.26,1,0,0,5,0,39,1,1
ssrf-request,CWE-918,0,0,1,0,0,15,1,269,2.83,0,0,0,5,0,2,1,0
path-traversal,CWE-22,0,1,0,0,0,17,16,336,3.31,0,1,0,4,0,19,1,0
ssrf-request,CWE-918,0,0,0,0,0,10,29,267,4.35,0,0,1,10,1,3,0,0
path-traversal,CWE-22,1,0,0,0,0,13,27,293,3.31,1,1,0,8,0,9,0,1
insecure-deserialize,CWE-502,1,0,1,0,0,17,10,154,2.74,1,0,1,3,1,27,1,0
hardcoded-secret,CWE-798,0,0,1,0,0,5,20,183,2.94,0,0,0,7,0,45,0,0
ssrf-request,CWE-918,0,1,0,0,0,13,18,400,2.13,0,1,0,10,0,10,0,0
xss-unescaped,CWE-79,0,1,0,0,0,12,3,301,2.54,0,1,1,0,1,13,1,0
hardcoded-secret,CWE-798,1,0,1,0,0,13,6,392,1.87,1,1,0,10,0,47,0,1
path-traversal,CWE-22,0,1,0,0,0,6,29,104,1.73,1,0,0,4,1,6,0,0
hardcoded-secret,CWE-798,1,0,1,0,0,2,23,322,2.27,1,1,0,2,0,46,0,1
ssrf-request,CWE-918,1,0,1,0,0,8,7,34,3.94,1,0,0,10,0,45,0,1
sqli-concat,CWE-89,0,1,1,0,0,4,20,213,4.47,0,0,0,5,1,15,1,0
xss-unescaped,CWE-79,0,0,0,0,0,8,9,334,3.27,0,1,1,8,0,26,1,0
hardcoded-secret,CWE-798,0,0,1,1,0,20,3,187,1.95,1,0,0,0,0,13,0,0
hardcoded-secret,CWE-798,0,1,1,1,0,12,14,177,1.92,0,0,0,3,0,8,1,0
xss-unescaped,CWE-79,0,1,1,1,0,11,12,318,3.77,1,1,0,4,1,19,0,0
sqli-concat,CWE-89,0,1,0,1,1,11,11,52,3.69,1,1,1,4,1,25,1,0
xss-unescaped,CWE-79,0,0,0,0,0,8,8,53,2.26,1,0,0,7,0,12,0,1
hardcoded-secret,CWE-798,0,0,1,0,0,19,15,289,3.05,1,0,0,0,0,37,1,1
hardcoded-secret,CWE-798,0,1,1,0,0,14,4,283,2.08,1,0,0,8,0,15,0,0
hardcoded-secret,CWE-798,0,0,1,0,0,3,9,137,2.8,0,0,1,0,0,35,0,0
ssrf-request,CWE-918,1,0,0,0,0,13,21,288,2.46,1,1,1,6,0,41,0,1
xss-unescaped,CWE-79,1,0,0,0,0,3,12,154,2.04,0,1,0,2,0,11,1,0
hardcoded-secret,CWE-798,1,0,0,0,0,5,6,167,3.72,0,0,0,7,0,20,0,1
hardcoded-secret,CWE-798,1,0,0,0,0,13,14,147,2.12,0,0,0,2,0,2,1,0
xss-unescaped,CWE-79,0,0,0,0,1,13,5,355,1.58,0,0,0,3,0,19,0,0
xss-unescaped,CWE-79,0,0,0,0,1,12,6,284,2.64,0,0,0,9,0,26,1,0
hardcoded-secret,CWE-798,0,0,1,0,0,13,10,172,3.33,0,0,0,8,0,12,1,0
xss-unescaped,CWE-79,0,1,0,0,1,15,21,363,2.92,0,1,0,8,0,23,0,0
ssrf-request,CWE-918,1,0,0,0,0,3,11,372,2.03,1,1,1,9,1,17,1,0
path-traversal,CWE-22,0,1,0,1,0,17,2,337,4.25,0,1,0,5,0,25,1,0
xss-unescaped,CWE-79,1,0,1,0,0,9,30,221,2.8,0,1,0,9,0,44,1,0
xss-unescaped,CWE-79,1,0,0,0,0,7,29,382,3.76,0,1,0,7,0,41,1,1
insecure-deserialize,CWE-502,1,0,0,0,0,18,30,134,2.47,1,1,0,8,1,15,0,1
path-traversal,CWE-22,0,1,0,0,0,16,19,347,2.21,0,1,0,3,0,32,0,0
sqli-concat,CWE-89,1,0,0,0,0,3,1,145,1.57,1,0,0,7,0,49,0,1
sqli-concat,CWE-89,1,0,1,0,0,18,29,384,1.56,1,1,0,1,0,7,1,1
path-traversal,CWE-22,0,1,1,0,0,11,21,162,4.01,0,1,1,4,0,25,0,0
xss-unescaped,CWE-79,0,1,0,0,0,19,28,321,3.39,0,1,1,4,0,42,0,0
insecure-deserialize,CWE-502,0,0,1,0,0,13,23,169,3.2,1,1,1,0,0,35,0,0
xss-unescaped,CWE-79,1,0,0,0,0,2,4,219,1.82,0,0,0,3,0,17,0,1
sqli-concat,CWE-89,0,0,0,0,0,9,7,263,4.25,1,0,1,4,0,6,1,0
sqli-concat,CWE-89,1,0,0,0,0,3,28,242,2.98,0,1,1,1,0,0,1,0
ssrf-request,CWE-918,0,0,0,0,0,6,29,39,1.95,1,1,1,6,1,2,0,0
ssrf-request,CWE-918,0,0,1,0,1,7,9,276,4.19,1,1,1,0,0,12,0,0
path-traversal,CWE-22,0,1,0,0,0,19,4,125,4.26,0,1,1,1,1,5,1,0
sqli-concat,CWE-89,0,0,0,0,0,10,30,28,4.49,1,0,0,8,0,41,0,1
hardcoded-secret,CWE-798,0,0,0,0,0,15,28,343,2.4,1,0,1,9,0,27,1,1
ssrf-request,CWE-918,1,0,1,0,0,14,7,329,1.72,0,0,1,7,0,7,1,0
sqli-concat,CWE-89,1,0,0,0,0,5,4,198,2.35,0,0,1,3,0,26,1,1
insecure-deserialize,CWE-502,0,1,0,0,1,9,27,196,2.51,0,1,0,1,0,40,1,0
hardcoded-secret,CWE-798,1,0,0,1,0,15,19,297,3.29,1,1,0,4,0,38,0,1
sqli-concat,CWE-89,0,1,0,0,0,11,14,251,2.54,1,0,0,8,0,9,0,0
path-traversal,CWE-22,0,1,0,0,0,5,25,354,2.58,1,1,1,7,0,2,0,0
hardcoded-secret,CWE-798,1,0,0,0,1,1,27,213,3.03,1,0,0,8,0,6,0,1
sqli-concat,CWE-89,1,0,1,0,0,2,22,159,4.46,0,1,0,2,0,26,0,1
xss-unescaped,CWE-79,0,0,1,1,0,6,5,137,1.93,0,0,0,8,0,20,0,0
ssrf-request,CWE-918,0,1,1,0,0,9,3,39,3.68,1,0,0,1,1,15,1,0
insecure-deserialize,CWE-502,0,1,0,0,0,15,30,94,1.99,0,0,1,6,0,40,1,0
path-traversal,CWE-22,0,1,0,0,0,18,1,57,1.57,1,1,0,1,0,48,0,0
ssrf-request,CWE-918,0,1,1,0,0,14,26,252,2.36,0,0,0,10,0,35,0,0
sqli-concat,CWE-89,1,0,0,0,1,16,30,306,3.43,0,1,0,1,0,6,0,0
insecure-deserialize,CWE-502,1,0,1,1,0,8,27,388,2.71,1,1,0,5,1,50,1,0
ssrf-request,CWE-918,1,0,0,0,0,9,6,314,4.18,1,1,0,0,0,22,0,1
ssrf-request,CWE-918,1,0,0,0,0,2,13,189,2.76,1,1,0,0,0,20,0,1
path-traversal,CWE-22,1,0,0,1,0,14,22,306,1.71,0,0,0,10,0,17,0,0
path-traversal,CWE-22,1,0,0,0,0,13,10,157,2.4,1,0,0,0,0,43,0,1
xss-unescaped,CWE-79,0,1,0,0,0,17,1,36,2.32,0,1,0,5,0,25,0,0
hardcoded-secret,CWE-798,1,0,1,0,0,19,30,34,2.65,1,0,0,2,0,3,0,1
xss-unescaped,CWE-79,0,0,1,0,0,10,12,112,4.29,1,0,0,3,0,1,0,0
ssrf-request,CWE-918,1,0,1,0,0,20,20,66,2.83,1,0,0,2,0,5,1,1
path-traversal,CWE-22,0,0,1,0,0,19,6,227,2.65,0,1,0,2,1,48,0,0
xss-unescaped,CWE-79,0,0,0,0,0,10,18,203,1.52,1,0,0,0,0,15,0,1
xss-unescaped,CWE-79,1,0,0,0,0,16,3,329,1.69,0,0,0,10,0,6,1,0
xss-unescaped,CWE-79,0,1,1,0,0,9,23,272,1.69,1,1,0,7,0,39,0,0
xss-unescaped,CWE-79,0,1,1,0,1,7,5,400,2.2,1,1,1,8,1,18,1,0
path-traversal,CWE-22,1,0,1,0,0,8,15,26,3.85,1,1,0,9,0,6,0,1
insecure-deserialize,CWE-502,1,0,1,0,0,14,23,239,2.52,1,1,0,0,1,10,0,1
insecure-deserialize,CWE-502,1,0,1,0,0,14,22,57,3.89,0,0,0,10,0,30,1,0
sqli-concat,CWE-89,1,0,1,0,0,7,11,145,1.91,1,0,0,9,0,8,1,1
insecure-deserialize,CWE-502,1,0,1,0,0,16,3,62,2.36,1,0,0,0,1,15,1,1
hardcoded-secret,CWE-798,0,0,0,0,0,3,7,93,2.28,1,1,0,2,1,48,1,0
sqli-concat,CWE-89,1,0,0,0,0,16,14,195,3.21,1,0,1,2,0,6,1,0
insecure-deserialize,CWE-502,0,1,1,0,0,14,13,169,2.05,0,1,0,2,0,17,1,0
hardcoded-secret,CWE-798,0,0,1,1,0,12,22,220,2.44,1,1,0,7,0,37,1,0
xss-unescaped,CWE-79,0,1,1,0,0,4,1,177,2.72,0,1,0,9,0,24,1,0
sqli-concat,CWE-89,0,0,1,0,0,15,29,233,3.63,0,1,0,9,0,49,0,0
hardcoded-secret,CWE-798,1,0,0,0,0,19,4,174,2.81,1,0,0,3,0,31,1,1
ssrf-request,CWE-918,0,1,1,1,0,19,15,90,2.62,1,0,0,3,0,39,0,0
sqli-concat,CWE-89,1,0,1,0,0,5,25,144,2.08,0,0,1,4,0,45,1,0
path-traversal,CWE-22,1,0,1,0,0,7,14,342,2.16,1,0,0,1,1,50,0,1
sqli-concat,CWE-89,0,1,1,0,1,9,25,298,2.11,0,1,1,10,0,1,0,0
insecure-deserialize,CWE-502,1,0,1,0,0,3,23,125,2.64,1,1,1,9,0,35,1,1
path-traversal,CWE-22,1,0,0,0,0,7,5,153,3.36,0,0,0,10,1,0,0,0
sqli-concat,CWE-89,1,0,1,0,0,16,12,291,3.65,0,0,0,8,1,36,0,0
hardcoded-secret,CWE-798,1,0,0,0,0,2,9,143,1.69,1,0,0,5,0,40,0,1
hardcoded-secret,CWE-798,0,1,1,0,0,12,17,45,2.09,0,0,1,8,1,24,1,0
path-traversal,CWE-22,0,1,1,0,0,2,3,331,1.61,0,1,1,8,0,41,0,0
path-traversal,CWE-22,0,1,0,0,0,17,30,219,2.77,1,0,0,9,0,24,1,1
hardcoded-secret,CWE-798,0,0,0,0,0,16,28,41,3.66,1,0,0,4,0,34,0,1
ssrf-request,CWE-918,1,0,1,0,1,5,18,209,2.24,0,0,0,6,0,9,0,0
path-traversal,CWE-22,1,0,1,0,0,3,22,189,3.12,1,1,0,9,1,0,0,1
sqli-concat,CWE-89,0,1,0,0,0,15,6,265,3.76,0,1,0,10,0,47,0,0
xss-unescaped,CWE-79,1,0,0,1,0,12,10,238,1.82,1,0,1,0,0,36,1,1
xss-unescaped,CWE-79,0,1,0,0,1,6,16,263,2.91,0,0,1,8,0,20,0,0
insecure-deserialize,CWE-502,1,0,1,0,0,20,2,24,2.83,0,0,1,4,0,18,1,0
path-traversal,CWE-22,0,0,1,0,1,16,28,374,3.49,0,1,1,10,0,40,1,0
sqli-concat,CWE-89,1,0,1,0,0,14,12,224,2.71,1,0,0,10,0,15,0,1
hardcoded-secret,CWE-798,1,0,0,0,0,12,5,102,4.31,0,1,0,5,0,29,0,1
insecure-deserialize,CWE-502,0,0,0,0,0,9,8,339,3.61,1,1,0,3,0,48,0,0
hardcoded-secret,CWE-798,1,0,0,0,0,11,2,379,1.79,0,1,0,8,0,25,1,0
ssrf-request,CWE-918,0,1,1,1,0,20,15,304,4.26,1,1,0,3,0,5,0,0
sqli-concat,CWE-89,1,0,1,0,1,3,27,149,2.65,1,1,1,10,1,9,0,0
xss-unescaped,CWE-79,0,1,0,0,0,14,14,206,1.94,1,1,0,4,1,37,0,0
insecure-deserialize,CWE-502,1,0,0,0,0,2,26,37,3.57,0,0,0,10,0,19,1,1
sqli-concat,CWE-89,1,0,0,0,0,18,25,193,2.34,1,0,0,10,0,3,0,1
xss-unescaped,CWE-79,1,0,1,0,0,7,13,326,3.64,0,0,0,0,0,2,0,1
ssrf-request,CWE-918,0,0,1,0,0,1,26,178,4.06,0,0,0,3,0,17,0,0
hardcoded-secret,CWE-798,0,0,0,0,0,9,23,132,3.4,0,0,1,6,0,41,0,1
ssrf-request,CWE-918,0,0,0,0,1,14,17,54,2.55,1,1,1,4,1,0,1,0
insecure-deserialize,CWE-502,0,0,0,0,0,12,22,300,4.34,0,0,1,6,0,12,1,0
ssrf-request,CWE-918,1,0,0,0,0,19,4,177,1.92,0,1,1,5,0,48,0,0
path-traversal,CWE-22,1,0,1,0,0,4,17,273,2.94,0,0,0,3,0,33,1,1
sqli-concat,CWE-89,0,1,0,0,0,13,6,323,1.98,1,1,0,8,0,44,0,0
path-traversal,CWE-22,1,0,0,1,0,11,6,115,3.15,0,1,0,9,0,20,0,0
xss-unescaped,CWE-79,1,0,1,0,1,16,15,97,2.8,1,1,0,8,1,35,1,0
insecure-deserialize,CWE-502,0,1,0,1,1,10,4,245,1.83,1,1,0,9,0,4,0,0
ssrf-request,CWE-918,1,0,1,0,0,3,18,292,2.82,1,1,0,10,0,2,0,1
insecure-deserialize,CWE-502,0,1,1,0,0,6,17,248,3.18,1,1,1,10,0,1,0,0
ssrf-request,CWE-918,0,0,0,0,0,5,11,344,1.54,1,0,0,2,0,1,1,1
insecure-deserialize,CWE-502,1,0,0,1,0,6,8,116,2.72,0,0,0,0,0,31,0,0
sqli-concat,CWE-89,0,1,0,1,0,14,5,152,3.61,1,0,0,10,0,1,1,0
path-traversal,CWE-22,0,1,1,0,1,20,12,228,3.53,1,0,0,8,1,50,0,0
hardcoded-secret,CWE-798,1,0,1,1,0,8,9,189,3.67,1,1,0,8,0,47,1,0
ssrf-request,CWE-918,0,1,0,0,0,12,21,300,4.33,1,1,0,6,1,33,1,0
xss-unescaped,CWE-79,0,0,1,0,1,17,16,22,4.27,1,0,0,10,0,39,0,0
insecure-deserialize,CWE-502,1,0,1,0,0,14,20,373,2.51,1,0,1,4,0,3,1,1
insecure-deserialize,CWE-502,0,0,1,0,0,6,24,24,1.65,0,0,0,7,0,47,1,0
xss-unescaped,CWE-79,1,0,1,0,0,12,22,341,4.41,0,0,0,5,0,22,0,1
hardcoded-secret,CWE-798,0,0,0,0,0,11,1,356,2.05,1,0,0,1,0,29,1,1
insecure-deserialize,CWE-502,0,0,1,0,0,11,7,60,3.89,0,0,0,10,0,1,1,0
xss-unescaped,CWE-79,1,0,1,0,0,15,27,155,1.95,1,0,1,5,0,3,1,1
path-traversal,CWE-22,0,0,1,0,0,11,3,152,3.4,0,0,0,5,0,30,1,0
hardcoded-secret,CWE-798,1,0,1,0,1,8,23,252,3.6,1,0,0,8,1,26,1,0
xss-unescaped,CWE-79,0,1,1,0,0,5,28,64,3.5,1,1,0,2,1,16,0,0
xss-unescaped,CWE-79,1,0,0,0,0,17,4,281,4.43,1,0,0,9,1,27,0,1
sqli-concat,CWE-89,1,0,0,0,1,8,30,336,3.29,1,1,1,4,0,45,1,0
insecure-deserialize,CWE-502,0,0,1,0,0,4,6,130,2.34,0,1,0,1,0,41,0,0
sqli-concat,CWE-89,0,1,0,0,0,12,2,367,1.93,0,0,0,2,0,49,1,0
path-traversal,CWE-22,1,0,1,0,0,20,3,76,3.66,0,1,0,3,1,33,0,0
insecure-deserialize,CWE-502,1,0,0,0,0,20,12,135,4.25,0,0,0,9,0,7,0,1
hardcoded-secret,CWE-798,0,1,0,0,0,4,22,259,3.31,1,0,1,3,1,32,0,1
path-traversal,CWE-22,0,0,0,0,0,16,8,336,1.97,0,1,0,1,1,28,0,0
insecure-deserialize,CWE-502,1,0,1,0,0,4,25,33,2.58,1,1,0,10,0,38,0,1
hardcoded-secret,CWE-798,0,0,1,0,0,2,1,110,1.52,1,0,0,8,0,13,1,0
insecure-deserialize,CWE-502,1,0,0,0,0,11,17,224,2.86,0,0,0,9,1,50,0,1
hardcoded-secret,CWE-798,1,0,1,0,0,10,21,55,3.11,0,1,0,1,0,15,0,0
path-traversal,CWE-22,0,0,0,1,0,11,4,144,2.23,0,1,0,0,0,34,0,0
hardcoded-secret,CWE-798,0,0,0,0,0,7,22,394,1.73,1,0,0,10,0,26,0,1
xss-unescaped,CWE-79,0,1,0,0,0,20,1,258,3.75,1,1,0,2,0,1,1,0
xss-unescaped,CWE-79,0,1,0,0,0,16,30,24,2.87,1,1,1,0,1,42,1,0
sqli-concat,CWE-89,0,0,1,0,0,12,3,76,4.15,0,1,1,4,0,23,1,0
ssrf-request,CWE-918,1,0,0,0,0,12,11,219,3.97,1,1,0,3,0,46,0,1
insecure-deserialize,CWE-502,1,0,0,0,0,8,19,201,2.7,1,1,1,7,0,1,1,1
hardcoded-secret,CWE-798,1,0,0,0,0,7,18,288,2.93,0,0,0,3,0,45,1,1
insecure-deserialize,CWE-502,1,0,0,0,0,13,29,215,2.03,0,0,0,10,0,29,1,1
sqli-concat,CWE-89,1,0,0,0,0,4,12,115,2.39,1,1,0,6,0,1,1,1
path-traversal,CWE-22,1,0,1,0,0,19,13,323,3.03,0,0,0,8,1,14,0,0
sqli-concat,CWE-89,1,0,0,0,0,20,30,348,2.18,0,1,0,2,1,9,0,1
insecure-deserialize,CWE-502,0,1,0,0,1,20,8,163,1.69,0,1,0,10,0,6,0,0
ssrf-request,CWE-918,1,0,0,0,0,6,9,265,1.87,0,0,0,9,1,25,0,0
path-traversal,CWE-22,1,0,1,0,0,17,21,149,4.0,1,1,0,0,0,8,0,1
path-traversal,CWE-22,0,0,1,0,0,14,26,191,4.46,0,0,1,0,0,31,0,0
insecure-deserialize,CWE-502,1,0,1,1,0,4,14,122,3.99,1,1,1,7,1,47,1,0
sqli-concat,CWE-89,1,0,1,0,0,7,16,307,3.02,0,0,0,2,0,7,0,1
insecure-deserialize,CWE-502,0,1,0,0,0,16,12,116,3.89,0,1,0,3,0,7,0,0
sqli-concat,CWE-89,1,0,1,0,0,2,25,43,2.43,0,0,0,2,0,47,1,1
hardcoded-secret,CWE-798,1,0,0,0,1,14,29,140,3.54,0,0,0,4,1,13,0,0
xss-unescaped,CWE-79,1,0,1,0,0,9,3,327,3.6,0,1,1,6,1,6,0,0
insecure-deserialize,CWE-502,0,1,0,0,0,18,13,139,3.21,1,0,1,8,0,14,0,0
hardcoded-secret,CWE-798,1,0,0,0,0,20,8,24,4.18,1,1,1,9,0,37,1,1
insecure-deserialize,CWE-502,1,0,1,1,0,19,18,257,1.91,0,0,0,7,0,49,0,0
hardcoded-secret,CWE-798,0,1,1,0,0,3,29,125,2.15,0,1,0,7,0,7,1,0
insecure-deserialize,CWE-502,0,1,0,0,0,6,10,87,3.45,1,0,0,8,1,46,0,0
sqli-concat,CWE-89,1,0,0,0,0,8,14,180,2.43,0,1,0,2,0,35,1,0
xss-unescaped,CWE-79,0,0,1,0,0,12,1,377,3.3,1,0,0,8,0,4,1,0
path-traversal,CWE-22,1,0,0,0,0,19,10,72,2.43,0,0,0,5,0,40,0,1
hardcoded-secret,CWE-798,1,0,0,0,0,20,2,280,4.23,0,0,0,3,0,20,1,1
xss-unescaped,CWE-79,0,0,0,0,0,13,23,215,2.8,1,0,1,9,0,14,1,0
sqli-concat,CWE-89,1,0,0,0,0,18,26,118,3.33,0,1,0,10,0,9,1,0
sqli-concat,CWE-89,1,0,1,0,0,17,24,116,2.31,1,0,1,4,0,23,0,1
insecure-deserialize,CWE-502,1,0,1,1,0,9,24,39,3.02,1,1,0,3,1,11,1,0
ssrf-request,CWE-918,0,1,1,0,0,9,7,194,3.96,1,0,1,8,0,33,1,0
ssrf-request,CWE-918,1,0,1,0,1,1,8,311,2.78,1,1,0,5,0,30,1,0
hardcoded-secret,CWE-798,0,1,1,0,0,18,17,123,1.51,1,1,0,8,1,13,1,0
hardcoded-secret,CWE-798,1,0,1,0,0,14,14,250,3.27,1,1,0,1,0,41,0,1
path-traversal,CWE-22,0,0,1,0,0,3,3,33,4.39,1,1,0,6,0,22,1,0
path-traversal,CWE-22,1,0,0,0,1,3,18,392,3.02,0,1,0,4,0,46,0,1
xss-unescaped,CWE-79,1,0,0,1,0,12,20,347,4.45,1,0,1,4,0,1,1,1
path-traversal,CWE-22,1,0,0,0,0,10,2,89,3.97,1,0,1,6,0,44,0,1
hardcoded-secret,CWE-798,1,0,0,0,1,2,28,86,2.49,0,1,1,7,0,11,1,0
hardcoded-secret,CWE-798,0,1,0,0,0,10,19,145,3.78,0,1,0,8,0,1,0,0
sqli-concat,CWE-89,0,0,1,0,0,13,20,190,1.75,0,0,1,10,1,23,0,0
insecure-deserialize,CWE-502,1,0,1,0,0,13,25,263,1.65,1,1,0,3,1,13,1,0
hardcoded-secret,CWE-798,1,0,0,0,0,9,13,280,3.84,0,0,0,1,0,9,0,1
xss-unescaped,CWE-79,1,0,1,0,1,3,16,385,4.03,1,0,1,7,0,22,1,1
path-traversal,CWE-22,1,0,0,0,0,5,13,145,4.33,1,0,0,8,1,38,1,1
path-traversal,CWE-22,1,0,1,1,0,12,20,159,3.55,1,1,0,5,1,28,1,0
hardcoded-secret,CWE-798,0,0,1,0,0,14,18,263,2.34,0,0,1,7,0,22,0,0
hardcoded-secret,CWE-798,1,0,1,0,0,3,3,182,3.76,0,0,0,0,1,41,0,1
ssrf-request,CWE-918,1,0,0,0,0,12,13,202,3.68,1,1,0,8,1,21,1,0
hardcoded-secret,CWE-798,0,1,0,1,0,5,14,240,4.45,0,0,0,0,1,36,0,0
sqli-concat,CWE-89,0,0,1,0,0,12,27,235,1.73,1,1,1,1,0,43,1,0
ssrf-request,CWE-918,0,1,1,0,0,3,10,393,2.42,0,1,0,10,0,46,1,0
insecure-deserialize,CWE-502,1,0,1,0,0,13,18,95,3.62,1,0,0,5,1,37,1,1
sqli-concat,CWE-89,0,1,0,0,0,8,1,393,2.04,1,1,1,0,0,30,0,0
ssrf-request,CWE-918,1,0,0,1,0,3,9,48,2.56,0,1,0,4,0,28,0,0
xss-unescaped,CWE-79,0,1,1,0,0,17,11,105,2.28,1,0,0,5,0,18,0,0
sqli-concat,CWE-89,0,0,1,0,0,12,3,295,4.25,1,1,0,7,0,6,0,0
sqli-concat,CWE-89,0,1,0,0,0,7,1,92,2.57,1,1,1,8,1,22,0,0
ssrf-request,CWE-918,1,0,0,0,0,16,18,328,2.48,0,1,0,10,1,4,0,0
ssrf-request,CWE-918,1,0,1,0,0,17,27,76,2.63,0,0,0,1,0,19,0,1
ssrf-request,CWE-918,0,0,0,1,0,3,27,152,4.1,0,0,0,2,0,38,1,0
ssrf-request,CWE-918,1,0,0,1,0,2,27,320,3.71,0,1,0,3,0,5,1,0
insecure-deserialize,CWE-502,1,0,0,0,0,3,11,348,2.57,0,0,0,0,0,19,1,1
sqli-concat,CWE-89,1,0,1,0,0,4,29,44,3.35,1,1,0,4,0,20,1,1
path-traversal,CWE-22,1,0,1,0,0,10,11,175,1.86,0,0,0,9,1,38,1,0
hardcoded-secret,CWE-798,0,0,1,0,0,3,30,336,4.25,0,1,1,6,1,24,0,0
sqli-concat,CWE-89,0,0,0,0,0,5,26,398,1.87,1,0,0,1,0,31,1,1
insecure-deserialize,CWE-502,1,0,0,0,0,13,27,336,3.21,0,0,0,10,0,36,0,1
insecure-deserialize,CWE-502,0,0,1,0,1,5,22,344,3.4,1,1,0,2,0,29,0,0
insecure-deserialize,CWE-502,0,0,0,0,0,15,30,156,3.18,0,1,1,8,0,7,0,0
ssrf-request,CWE-918,1,0,0,0,0,6,29,387,3.93,0,0,1,8,0,24,0,1
hardcoded-secret,CWE-798,0,0,0,0,0,14,26,203,4.04,1,1,1,6,0,38,1,0
sqli-concat,CWE-89,0,1,0,0,1,19,17,189,2.81,1,0,0,6,0,22,1,0
xss-unescaped,CWE-79,0,1,1,0,1,13,12,237,3.59,0,0,0,10,1,26,0,0
xss-unescaped,CWE-79,0,0,0,0,0,7,18,215,1.53,1,1,1,1,1,39,0,0
xss-unescaped,CWE-79,0,0,1,0,1,9,28,286,3.26,1,0,0,9,0,4,0,0
hardcoded-secret,CWE-798,1,0,0,1,0,8,10,245,1.88,1,0,1,6,0,40,0,0
ssrf-request,CWE-918,1,0,0,0,0,13,16,24,3.92,1,1,1,5,0,42,0,1
ssrf-request,CWE-918,0,1,0,1,1,6,17,104,3.65,0,0,0,5,0,27,1,0
path-traversal,CWE-22,1,0,1,0,0,14,21,273,3.01,1,1,0,8,0,17,1,0
ssrf-request,CWE-918,1,0,1,0,0,3,8,202,3.41,1,1,1,10,1,21,0,0
ssrf-request,CWE-918,1,0,1,0,0,15,9,64,4.4,1,1,0,2,0,20,0,0
insecure-deserialize,CWE-502,0,1,1,0,0,8,9,333,2.72,0,1,1,6,0,7,1,0
path-traversal,CWE-22,1,0,0,1,0,1,30,45,3.2,0,0,1,6,1,2,0,0
insecure-deserialize,CWE-502,1,0,1,0,0,5,6,163,1.93,0,1,1,9,0,24,1,0
ssrf-request,CWE-918,0,1,1,0,1,2,3,344,4.12,1,0,1,3,1,35,0,0
sqli-concat,CWE-89,1,0,0,0,1,8,12,289,2.7,1,0,1,5,0,26,0,1
hardcoded-secret,CWE-798,0,0,1,0,0,14,16,156,4.29,1,0,0,0,0,47,0,1
path-traversal,CWE-22,1,0,0,0,0,5,23,291,3.96,1,0,1,5,1,10,0,1
hardcoded-secret,CWE-798,1,0,0,0,0,1,22,274,2.86,0,0,1,6,0,16,0,1
ssrf-request,CWE-918,1,0,1,0,0,17,9,167,3.75,0,1,1,1,0,36,0,0
ssrf-request,CWE-918,0,1,1,0,0,3,5,313,3.53,0,1,0,2,0,43,0,0
path-traversal,CWE-22,1,0,0,0,0,8,17,349,2.51,1,1,0,5,0,20,0,1
path-traversal,CWE-22,0,1,1,0,0,20,9,352,3.88,1,0,1,6,0,42,1,0
sqli-concat,CWE-89,1,0,1,0,0,6,5,391,1.51,0,1,0,3,0,7,1,0
xss-unescaped,CWE-79,1,0,1,0,1,2,22,44,1.83,1,1,0,3,1,39,1,1
xss-unescaped,CWE-79,0,1,1,0,0,12,12,259,4.39,1,0,0,4,0,46,1,0
hardcoded-secret,CWE-798,0,1,1,1,0,12,15,129,3.36,0,0,0,5,0,1,1,0
path-traversal,CWE-22,1,0,1,0,0,17,4,354,2.73,1,0,1,6,0,13,1,1
path-traversal,CWE-22,0,1,0,0,0,9,13,323,4.49,0,1,0,7,0,31,0,0
hardcoded-secret,CWE-798,0,1,1,0,1,2,17,384,2.15,1,1,0,7,0,38,1,0
sqli-concat,CWE-89,0,0,1,0,0,1,22,40,3.77,0,1,0,10,0,2,1,0
ssrf-request,CWE-918,1,0,0,1,1,11,11,368,1.79,0,0,0,5,0,49,0,0
insecure-deserialize,CWE-502,1,0,1,0,0,8,12,121,3.87,0,1,1,5,1,38,1,0
sqli-concat,CWE-89,1,0,0,0,0,5,18,295,2.14,0,0,1,1,1,39,0,1
sqli-concat,CWE-89,1,0,0,0,0,15,30,178,1.99,0,1,0,10,1,20,1,0
insecure-deserialize,CWE-502,1,0,1,0,0,3,23,157,3.06,0,0,1,10,1,23,1,0
hardcoded-secret,CWE-798,0,1,0,0,0,11,6,362,2.75,1,1,0,1,0,32,1,0
path-traversal,CWE-22,0,0,0,0,0,7,26,105,1.73,0,1,1,6,0,6,1,0
insecure-deserialize,CWE-502,0,1,1,0,0,11,15,155,3.39,1,0,0,10,1,17,1,0
sqli-concat,CWE-89,0,0,1,0,1,13,30,250,2.06,1,0,0,8,1,41,0,0
insecure-deserialize,CWE-502,0,1,1,0,1,4,18,163,4.09,1,1,0,2,0,4,1,0
insecure-deserialize,CWE-502,0,0,0,0,0,2,29,69,1.83,0,1,0,0,0,49,1,0
hardcoded-secret,CWE-798,1,0,1,0,0,19,1,235,3.48,0,0,1,6,0,38,1,0
sqli-concat,CWE-89,1,0,1,0,0,3,21,233,2.06,0,0,0,8,1,25,0,0
insecure-deserialize,CWE-502,1,0,0,0,0,19,8,42,2.18,0,1,1,10,0,25,1,0
ssrf-request,CWE-918,1,0,1,0,0,19,20,62,2.7,0,0,0,4,1,36,0,0
ssrf-request,CWE-918,1,0,0,0,0,5,11,358,4.49,1,0,0,1,1,23,0,1
xss-unescaped,CWE-79,1,0,0,0,0,15,1,256,2.33,1,0,0,3,0,25,0,1
hardcoded-secret,CWE-798,0,1,0,0,0,4,14,312,3.7,1,1,1,8,0,38,0,0
xss-unescaped,CWE-79,1,0,0,0,0,10,7,369,4.02,0,1,0,3,1,20,0,0
path-traversal,CWE-22,1,0,1,1,0,13,19,131,3.81,0,0,1,1,0,48,0,0
xss-unescaped,CWE-79,0,0,0,0,0,12,17,345,3.25,0,0,0,9,0,31,1,0
sqli-concat,CWE-89,1,0,0,0,0,12,14,276,2.86,1,0,0,6,0,5,1,1
hardcoded-secret,CWE-798,0,1,0,0,0,13,18,152,1.85,1,1,0,10,0,3,0,0
path-traversal,CWE-22,1,0,0,0,0,19,26,386,2.87,0,0,0,7,1,2,0,1
xss-unescaped,CWE-79,0,1,1,0,0,15,11,275,4.19,1,0,1,4,0,34,0,0
ssrf-request,CWE-918,1,0,1,0,1,7,27,79,3.12,1,0,1,4,0,3,1,0
ssrf-request,CWE-918,1,0,1,0,0,14,27,80,1.82,1,1,0,7,0,43,1,1
path-traversal,CWE-22,1,0,1,0,0,19,26,253,1.96,0,1,0,4,1,43,0,1
xss-unescaped,CWE-79,0,1,1,0,0,12,24,233,1.53,0,1,0,8,0,26,1,0
sqli-concat,CWE-89,1,0,1,1,0,15,20,211,2.91,0,1,0,3,0,37,0,0
insecure-deserialize,CWE-502,1,0,0,0,1,3,2,244,3.78,0,0,0,6,0,42,0,0
path-traversal,CWE-22,0,1,0,0,0,7,22,143,1.66,0,1,0,0,1,45,0,0
path-traversal,CWE-22,1,0,0,0,0,1,13,333,2.53,1,1,0,6,0,8,1,1
sqli-concat,CWE-89,0,1,0,0,0,2,2,215,4.08,1,1,0,5,0,7,0,0
hardcoded-secret,CWE-798,0,1,1,1,1,5,17,23,2.47,1,1,1,5,0,1,1,0
ssrf-request,CWE-918,1,0,1,0,0,1,22,112,1.63,0,0,0,1,1,2,0,1
ssrf-request,CWE-918,1,0,1,1,0,7,19,315,3.49,1,1,0,8,0,44,0,0
hardcoded-secret,CWE-798,0,1,1,0,0,6,19,77,2.92,1,1,0,6,0,12,0,0
ssrf-request,CWE-918,0,1,0,0,0,3,23,41,2.04,1,0,0,0,0,10,0,1
sqli-concat,CWE-89,1,0,1,0,0,9,3,223,2.33,0,0,0,4,0,8,1,1
hardcoded-secret,CWE-798,0,0,1,0,0,19,15,149,2.33,0,1,0,8,1,21,1,0
insecure-deserialize,CWE-502,0,0,0,0,0,12,17,272,1.93,0,1,0,10,0,3,0,0
hardcoded-secret,CWE-798,1,0,1,1,0,5,8,88,2.7,1,0,0,7,0,23,0,0
insecure-deserialize,CWE-502,0,1,1,0,0,16,22,87,1.58,0,0,0,8,0,46,1,0
xss-unescaped,CWE-79,0,0,0,1,0,15,27,21,3.99,0,1,0,8,0,6,1,0
ssrf-request,CWE-918,1,0,1,0,0,3,14,128,3.91,0,1,0,0,1,29,1,0
path-traversal,CWE-22,1,0,0,1,0,10,30,113,2.4,0,1,0,2,0,5,0,0
insecure-deserialize,CWE-502,0,0,1,0,1,16,24,250,2.21,1,1,0,4,0,40,1,0
xss-unescaped,CWE-79,1,0,1,0,1,15,17,273,1.99,1,1,0,5,1,48,1,0
xss-unescaped,CWE-79,0,0,0,0,0,8,9,293,3.44,0,1,0,6,1,40,0,0
insecure-deserialize,CWE-502,0,1,0,0,0,14,23,201,2.95,0,1,1,6,0,49,0,0
xss-unescaped,CWE-79,1,0,1,0,0,2,8,231,3.85,0,1,1,10,1,6,1,0
xss-unescaped,CWE-79,1,0,0,0,0,4,25,255,2.05,1,0,0,5,0,50,0,1
sqli-concat,CWE-89,0,1,0,1,1,8,7,188,3.33,1,1,1,2,0,34,0,0
insecure-deserialize,CWE-502,1,0,1,0,0,16,26,264,3.89,1,0,1,0,1,10,1,1
xss-unescaped,CWE-79,1,0,1,0,0,8,13,186,1.53,0,0,0,10,0,19,1,0
path-traversal,CWE-22,0,1,1,0,0,17,16,147,4.03,1,1,0,0,1,18,0,0
insecure-deserialize,CWE-502,0,0,1,0,0,20,5,390,3.62,1,1,1,4,1,14,0,0
hardcoded-secret,CWE-798,0,1,0,0,0,7,24,363,3.27,1,0,0,8,0,21,1,0
xss-unescaped,CWE-79,0,0,0,0,0,16,8,161,2.52,0,0,0,3,0,6,0,1
xss-unescaped,CWE-79,1,0,1,1,0,1,21,311,3.12,1,0,0,3,0,20,0,1
path-traversal,CWE-22,0,0,0,0,0,11,4,34,2.96,1,1,0,7,0,37,1,0
insecure-deserialize,CWE-502,0,1,0,0,0,10,11,221,2.42,0,1,1,1,0,14,0,0
path-traversal,CWE-22,0,0,0,0,0,12,29,30,2.55,1,1,1,1,0,30,0,0
hardcoded-secret,CWE-798,1,0,1,0,0,4,29,220,2.8,0,1,0,0,1,27,0,1
insecure-deserialize,CWE-502,1,0,0,0,0,3,22,362,4.12,1,0,0,0,1,0,1,1
path-traversal,CWE-22,0,1,0,0,0,2,11,330,3.19,1,1,0,7,1,19,0,0
insecure-deserialize,CWE-502,0,1,0,1,0,17,2,323,1.61,1,1,0,0,1,38,0,0
path-traversal,CWE-22,0,0,0,0,0,13,22,78,2.66,0,1,1,7,1,46,1,0
sqli-concat,CWE-89,1,0,1,1,0,2,12,341,1.61,1,1,1,8,1,24,1,0
xss-unescaped,CWE-79,0,0,1,1,1,16,6,20,3.67,0,1,0,10,0,13,1,0
path-traversal,CWE-22,1,0,0,0,0,8,24,390,3.64,0,0,1,9,0,33,1,1
sqli-concat,CWE-89,1,0,1,1,0,20,18,124,2.73,1,1,0,9,0,27,1,0
ssrf-request,CWE-918,1,0,1,0,0,18,11,271,4.18,1,1,0,5,0,50,1,1
path-traversal,CWE-22,0,1,0,1,0,3,17,44,4.25,0,0,0,0,0,33,1,0
path-traversal,CWE-22,1,0,0,0,0,16,23,264,2.95,0,0,0,8,0,37,0,1
path-traversal,CWE-22,0,1,1,0,0,5,1,72,1.93,0,1,1,4,0,1,0,0
hardcoded-secret,CWE-798,1,0,0,0,0,2,22,308,3.26,0,1,0,7,0,32,1,1
xss-unescaped,CWE-79,1,0,1,0,0,7,1,123,3.9,0,0,1,0,0,37,0,1
hardcoded-secret,CWE-798,0,1,0,0,0,20,30,135,4.46,1,0,0,9,0,41,1,0
hardcoded-secret,CWE-798,1,0,1,0,0,5,17,337,2.99,0,1,0,5,0,49,1,0
insecure-deserialize,CWE-502,1,0,0,0,0,5,8,39,1.89,1,0,0,7,0,6,0,1
hardcoded-secret,CWE-798,0,1,0,0,0,4,30,284,4.05,0,1,0,6,0,45,0,0
xss-unescaped,CWE-79,0,0,1,0,0,10,25,161,2.96,1,0,0,5,0,25,1,1
ssrf-request,CWE-918,1,0,1,0,0,1,5,101,3.9,0,1,0,6,0,4,0,0
path-traversal,CWE-22,0,1,0,0,0,2,8,57,4.01,0,0,0,6,0,7,1,0
sqli-concat,CWE-89,0,1,0,0,0,1,9,252,4.29,0,0,1,9,0,20,1,0
insecure-deserialize,CWE-502,0,1,1,0,1,18,22,128,2.37,0,1,0,1,0,4,0,0
sqli-concat,CWE-89,0,1,0,1,0,11,30,63,3.59,1,0,0,9,0,19,1,0
path-traversal,CWE-22,0,1,1,0,1,9,26,44,3.92,1,0,0,8,0,13,0,0
sqli-concat,CWE-89,0,0,1,0,0,12,25,219,2.32,0,1,0,7,0,50,0,0
path-traversal,CWE-22,1,0,0,0,0,15,9,152,3.35,1,0,0,3,0,6,0,1
path-traversal,CWE-22,1,0,0,0,0,13,10,56,1.51,0,0,0,7,0,4,0,1
hardcoded-secret,CWE-798,1,0,1,0,0,2,3,33,4.49,1,1,0,1,0,14,1,1
sqli-concat,CWE-89,1,0,1,0,0,9,15,168,4.35,1,1,1,10,0,33,1,0
ssrf-request,CWE-918,1,0,0,0,0,8,13,74,1.58,1,1,0,1,0,48,0,1
insecure-deserialize,CWE-502,1,0,1,0,0,10,20,121,3.93,0,1,0,1,1,4,1,0
sqli-concat,CWE-89,1,0,0,1,0,9,20,32,2.01,1,1,0,5,0,37,1,0
path-traversal,CWE-22,1,0,0,0,0,17,10,359,3.19,1,1,1,3,0,6,1,0
insecure-deserialize,CWE-502,0,0,0,0,0,1,29,48,2.43,0,1,0,5,0,24,0,0
insecure-deserialize,CWE-502,1,0,1,0,0,15,7,310,4.11,0,1,0,2,1,12,1,0
ssrf-request,CWE-918,1,0,1,1,0,8,27,338,1.96,1,1,0,4,1,15,1,0
ssrf-request,CWE-918,0,0,1,1,0,13,15,37,2.79,0,1,1,5,0,8,0,0
insecure-deserialize,CWE-502,0,1,0,0,0,13,23,320,3.17,1,1,0,6,0,37,1,0
sqli-concat,CWE-89,0,1,1,0,0,1,28,138,3.3,0,1,0,1,1,25,1,0
insecure-deserialize,CWE-502,0,1,1,0,0,2,11,32,3.36,0,0,0,1,1,50,0,0
insecure-deserialize,CWE-502,0,0,1,0,0,14,3,319,2.88,1,0,0,1,1,0,0,0
insecure-deserialize,CWE-502,0,0,1,0,0,13,27,313,3.37,1,1,0,10,1,4,0,0
hardcoded-secret,CWE-798,1,0,0,0,0,15,21,145,3.38,1,1,0,1,0,8,0,1
ssrf-request,CWE-918,0,0,0,0,0,3,17,392,4.45,0,1,0,10,0,45,0,0
sqli-concat,CWE-89,0,0,1,0,0,4,23,341,2.81,0,1,1,9,0,26,1,0
path-traversal,CWE-22,1,0,0,0,0,5,8,315,3.5,0,0,1,2,1,34,0,1
insecure-deserialize,CWE-502,1,0,1,1,0,6,13,328,2.22,1,0,1,5,0,39,1,0
hardcoded-secret,CWE-798,1,0,1,0,0,9,25,147,3.9,1,1,0,1,0,50,0,1
xss-unescaped,CWE-79,0,1,1,0,0,17,1,184,3.19,1,1,0,9,0,50,0,0
insecure-deserialize,CWE-502,1,0,0,0,1,17,16,332,1.66,0,0,0,4,1,15,1,0
xss-unescaped,CWE-79,0,1,0,1,0,13,13,391,1.57,1,1,0,0,0,20,1,0
insecure-deserialize,CWE-502,1,0,1,0,0,15,30,312,2.09,1,1,1,1,0,41,0,1
hardcoded-secret,CWE-798,1,0,1,0,1,3,3,265,3.53,1,0,0,8,0,22,1,1
insecure-deserialize,CWE-502,1,0,1,0,0,6,12,304,2.37,0,0,0,0,0,23,1,0
xss-unescaped,CWE-79,0,0,0,0,1,18,5,281,2.9,0,0,0,7,0,33,0,0
sqli-concat,CWE-89,0,1,0,0,0,12,25,168,3.13,0,1,0,1,0,1,1,0
xss-unescaped,CWE-79,1,0,1,0,0,3,14,369,3.65,1,0,0,5,0,39,1,1
hardcoded-secret,CWE-798,1,0,0,0,0,1,1,206,4.16,0,1,0,4,1,8,1,0
xss-unescaped,CWE-79,0,0,0,0,0,1,15,88,1.89,0,0,0,3,0,43,0,1
insecure-deserialize,CWE-502,1,0,0,1,1,11,26,124,3.22,0,0,1,1,1,45,1,0
xss-unescaped,CWE-79,0,1,1,0,0,18,16,392,3.53,0,0,0,4,1,4,0,0
path-traversal,CWE-22,0,1,1,0,0,15,1,35,3.56,1,0,0,10,0,26,1,0
xss-unescaped,CWE-79,1,0,0,0,0,19,5,171,1.79,1,0,0,6,0,45,1,1
sqli-concat,CWE-89,0,0,1,0,0,11,12,101,3.59,0,0,0,8,0,29,1,0
insecure-deserialize,CWE-502,1,0,0,0,0,9,24,49,4.36,1,1,1,2,1,47,0,1
ssrf-request,CWE-918,1,0,0,0,0,3,4,188,3.83,1,1,1,7,0,34,0,1
path-traversal,CWE-22,0,0,0,1,0,9,18,320,1.56,1,1,1,8,1,32,0,0
insecure-deserialize,CWE-502,1,0,0,0,0,14,3,178,3.98,0,1,1,5,1,49,1,0
insecure-deserialize,CWE-502,1,0,0,0,0,12,19,228,2.83,0,0,0,7,1,35,0,1
sqli-concat,CWE-89,1,0,1,0,0,5,15,148,2.48,0,0,1,0,0,22,1,0
sqli-concat,CWE-89,0,1,0,0,0,7,7,214,3.63,1,0,0,8,0,29,1,0
insecure-deserialize,CWE-502,0,0,0,0,0,16,9,219,4.21,0,1,0,9,0,6,1,0
insecure-deserialize,CWE-502,1,0,0,1,0,8,7,286,3.53,1,0,0,10,1,35,1,0
ssrf-request,CWE-918,0,1,0,1,0,15,13,376,2.23,0,0,0,7,0,39,1,0
hardcoded-secret,CWE-798,1,0,1,0,0,9,28,178,2.33,0,1,0,2,1,8,1,0
insecure-deserialize,CWE-502,1,0,1,0,1,10,25,251,3.99,0,1,0,4,0,37,0,0
ssrf-request,CWE-918,1,0,0,0,0,20,23,313,4.4,1,1,0,3,1,31,1,1
path-traversal,CWE-22,0,1,1,0,0,7,10,366,1.62,0,0,1,10,0,43,1,0
path-traversal,CWE-22,1,0,0,1,0,7,11,356,1.58,1,0,0,2,0,12,1,0
hardcoded-secret,CWE-798,0,0,0,0,0,19,20,194,1.89,0,0,0,2,1,43,1,0
hardcoded-secret,CWE-798,0,0,1,0,0,11,26,80,2.35,1,0,0,2,0,30,1,0
sqli-concat,CWE-89,1,0,1,0,0,11,29,37,3.26,1,1,0,7,1,2,0,0
sqli-concat,CWE-89,0,1,0,0,0,3,7,234,4.42,1,1,1,6,0,10,0,0
ssrf-request,CWE-918,0,0,0,0,0,1,27,234,2.47,1,0,1,2,1,34,0,1
insecure-deserialize,CWE-502,0,1,1,0,0,14,18,375,2.56,1,1,0,5,0,3,0,0
path-traversal,CWE-22,0,1,1,0,0,16,16,295,3.32,0,0,0,7,0,12,0,0
hardcoded-secret,CWE-798,1,0,0,0,0,6,23,399,3.97,1,0,1,6,1,36,0,1
xss-unescaped,CWE-79,0,0,0,0,0,12,11,366,1.57,0,1,0,7,0,46,0,0
hardcoded-secret,CWE-798,0,0,0,0,0,19,28,126,2.26,1,1,0,2,1,24,0,0
insecure-deserialize,CWE-502,0,0,0,0,0,8,19,396,3.41,0,1,1,9,0,0,1,0
xss-unescaped,CWE-79,0,1,0,0,0,14,2,48,4.19,0,0,0,7,1,11,1,0
sqli-concat,CWE-89,1,0,1,0,0,11,16,396,3.12,0,0,0,3,0,44,0,1
sqli-concat,CWE-89,0,1,0,1,0,9,14,380,2.76,1,0,0,4,0,0,1,0
insecure-deserialize,CWE-502,0,1,1,0,0,9,30,195,2.03,1,1,0,7,0,34,1,0
sqli-concat,CWE-89,1,0,0,0,0,20,9,233,2.45,0,1,0,9,0,38,1,0
xss-unescaped,CWE-79,1,0,0,0,0,2,26,326,1.91,0,1,0,1,1,48,1,1
hardcoded-secret,CWE-798,0,1,0,0,0,7,28,272,1.72,1,0,0,6,0,0,0,0
sqli-concat,CWE-89,1,0,1,0,0,16,28,315,4.01,0,1,0,3,1,11,1,0
xss-unescaped,CWE-79,1,0,0,1,0,9,3,224,3.88,0,1,0,8,0,44,0,0
path-traversal,CWE-22,0,1,1,1,0,4,12,107,1.62,0,0,0,4,0,14,0,0
path-traversal,CWE-22,1,0,1,0,0,15,23,97,3.44,0,0,0,1,0,36,0,1
sqli-concat,CWE-89,1,0,0,0,0,16,18,397,2.59,0,1,0,5,0,36,1,0
xss-unescaped,CWE-79,0,0,0,0,0,6,20,260,2.59,1,1,0,10,0,42,1,0
insecure-deserialize,CWE-502,0,1,1,0,0,15,24,178,2.26,1,0,0,10,0,48,1,0
insecure-deserialize,CWE-502,0,0,1,0,0,10,4,198,3.84,1,0,1,10,1,5,0,0
xss-unescaped,CWE-79,1,0,0,1,0,14,26,222,3.72,1,1,0,10,1,49,0,0
ssrf-request,CWE-918,1,0,1,0,0,3,26,254,2.4,1,1,0,6,0,5,1,1
hardcoded-secret,CWE-798,0,0,0,1,0,11,17,225,2.01,1,1,0,5,0,39,1,0
xss-unescaped,CWE-79,0,1,1,0,0,11,5,245,3.71,0,0,0,0,1,33,1,0
insecure-deserialize,CWE-502,0,1,1,0,0,17,20,303,3.5,0,0,0,5,1,26,0,0
ssrf-request,CWE-918,0,0,1,0,0,7,21,160,3.58,0,0,1,2,0,26,1,0
xss-unescaped,CWE-79,1,0,1,0,0,5,1,191,4.05,0,1,1,8,1,45,0,0
sqli-concat,CWE-89,1,0,1,1,0,9,20,393,3.12,1,0,0,9,0,29,0,1
path-traversal,CWE-22,1,0,1,1,0,6,3,154,2.79,1,1,0,4,0,9,0,0
path-traversal,CWE-22,1,0,1,0,0,17,17,352,3.36,1,1,0,4,0,16,1,0
hardcoded-secret,CWE-798,0,0,1,0,0,20,30,89,3.67,0,1,1,0,0,38,1,0
xss-unescaped,CWE-79,1,0,1,0,0,3,23,317,2.13,0,0,0,4,1,33,1,1
hardcoded-secret,CWE-798,1,0,0,0,0,12,14,80,4.26,1,1,0,6,0,8,0,1
sqli-concat,CWE-89,1,0,0,0,0,11,20,149,3.06,0,0,0,2,1,28,1,1
xss-unescaped,CWE-79,0,0,0,0,1,6,26,353,3.65,0,1,0,2,0,29,1,0
path-traversal,CWE-22,0,0,0,0,0,3,7,298,3.6,0,1,0,0,1,26,0,0
hardcoded-secret,CWE-798,1,0,1,0,0,17,11,282,2.7,1,1,0,4,0,1,0,1
insecure-deserialize,CWE-502,0,1,0,0,0,6,30,359,3.07,1,0,1,5,1,39,1,0
path-traversal,CWE-22,1,0,0,0,0,6,23,292,4.47,0,1,0,3,0,14,0,1
ssrf-request,CWE-918,1,0,0,0,0,6,7,101,4.25,1,1,0,4,0,28,1,1
ssrf-request,CWE-918,1,0,0,0,0,18,23,359,3.83,0,1,0,0,1,9,0,1
ssrf-request,CWE-918,1,0,1,0,0,9,15,60,4.37,0,0,1,4,0,22,1,0
path-traversal,CWE-22,0,1,1,0,0,5,28,251,3.0,0,0,0,3,0,22,1,0
xss-unescaped,CWE-79,0,0,1,0,1,5,6,301,2.53,1,0,0,2,1,2,0,0
hardcoded-secret,CWE-798,1,0,1,0,0,14,17,329,3.68,0,1,1,7,0,18,0,0
sqli-concat,CWE-89,1,0,1,1,0,18,28,55,2.58,1,1,1,7,0,25,1,0
path-traversal,CWE-22,0,1,1,0,0,9,24,363,2.79,0,0,0,9,1,44,0,0
hardcoded-secret,CWE-798,1,0,1,0,0,15,1,25,3.48,0,0,0,4,1,37,1,0
xss-unescaped,CWE-79,1,0,1,0,0,14,1,345,3.17,0,0,0,0,0,15,0,1
insecure-deserialize,CWE-502,0,0,1,0,0,13,5,298,2.17,0,1,1,8,1,4,0,0
ssrf-request,CWE-918,0,0,1,0,0,7,15,163,4.01,1,1,0,10,0,31,0,0
ssrf-request,CWE-918,1,0,0,1,0,13,12,331,2.79,1,1,0,7,0,21,1,0
hardcoded-secret,CWE-798,0,1,1,1,0,8,23,342,2.66,0,1,0,8,0,18,0,0
ssrf-request,CWE-918,0,1,0,0,0,5,24,359,4.19,0,1,1,8,0,32,0,0
sqli-concat,CWE-89,1,0,1,0,0,3,20,342,3.63,1,1,0,4,0,3,0,1
sqli-concat,CWE-89,0,1,1,0,0,9,15,123,1.58,0,1,1,3,1,23,0,0
xss-unescaped,CWE-79,0,0,1,1,0,10,1,397,3.61,1,0,0,0,0,5,0,0
insecure-deserialize,CWE-502,0,0,1,0,0,6,12,264,3.22,0,0,0,7,0,16,0,0
xss-unescaped,CWE-79,0,0,1,0,0,1,3,303,4.2,0,0,1,3,0,32,1,0
path-traversal,CWE-22,0,0,0,0,0,20,14,374,2.03,1,0,0,3,0,8,0,1
sqli-concat,CWE-89,0,0,0,0,0,7,17,62,4.48,1,1,0,2,0,38,0,1
ssrf-request,CWE-918,0,1,1,0,0,12,6,116,1.85,0,0,0,3,0,25,0,0
sqli-concat,CWE-89,1,0,0,0,0,14,29,340,2.7,1,0,1,1,0,41,0,1
insecure-deserialize,CWE-502,0,0,1,0,0,11,27,35,1.84,0,0,1,3,0,16,1,0
path-traversal,CWE-22,0,1,0,0,0,17,16,220,2.53,1,1,0,2,0,41,1,0
xss-unescaped,CWE-79,0,0,1,0,0,7,4,221,1.58,1,0,0,10,1,49,0,0
hardcoded-secret,CWE-798,1,0,0,1,0,19,20,214,4.08,1,1,1,0,0,38,1,0
path-traversal,CWE-22,1,0,1,0,0,8,28,386,1.91,0,1,0,7,0,43,1,0
ssrf-request,CWE-918,0,0,1,1,0,3,9,355,1.65,0,0,0,3,1,48,1,0
hardcoded-secret,CWE-798,1,0,1,0,0,18,23,289,3.16,0,0,0,9,1,36,1,0
xss-unescaped,CWE-79,0,1,0,0,0,18,11,400,2.32,0,0,0,1,1,26,0,0
xss-unescaped,CWE-79,1,0,0,0,1,8,14,273,3.13,1,0,0,9,1,12,0,1
xss-unescaped,CWE-79,0,0,1,0,0,14,9,244,2.59,1,1,0,7,1,17,0,0
path-traversal,CWE-22,0,1,0,0,0,13,8,74,2.87,0,1,0,0,0,22,1,0
sqli-concat,CWE-89,0,0,1,0,0,3,12,244,2.03,1,0,0,1,0,34,1,1
sqli-concat,CWE-89,0,1,1,1,0,7,29,212,1.73,0,1,0,0,1,21,1,0
insecure-deserialize,CWE-502,1,0,1,1,1,9,6,399,2.69,1,1,1,3,0,5,1,0
sqli-concat,CWE-89,0,1,1,0,0,11,9,193,4.04,1,1,0,3,1,5,0,0
ssrf-request,CWE-918,1,0,0,0,0,5,8,287,2.63,1,0,0,10,1,49,1,1
insecure-deserialize,CWE-502,0,1,0,0,0,2,19,186,4.01,0,0,0,9,0,26,1,0
sqli-concat,CWE-89,0,0,0,0,0,9,28,29,2.22,1,1,0,7,1,2,0,0
insecure-deserialize,CWE-502,1,0,0,0,0,19,11,384,3.48,0,1,1,9,1,16,1,0
ssrf-request,CWE-918,1,0,1,0,0,10,5,63,4.44,1,1,1,2,0,10,0,0
sqli-concat,CWE-89,0,1,0,0,0,15,7,158,2.42,1,1,0,3,0,7,1,0
insecure-deserialize,CWE-502,0,0,0,0,0,17,20,269,3.66,0,0,0,0,0,6,0,1
insecure-deserialize,CWE-502,1,0,1,0,0,3,24,398,2.22,1,1,0,4,0,45,0,1
hardcoded-secret,CWE-798,1,0,0,0,0,18,7,347,2.14,1,1,1,10,0,35,0,0
insecure-deserialize,CWE-502,0,0,0,0,1,11,13,160,3.41,1,0,1,5,0,8,0,0
ssrf-request,CWE-918,1,0,0,0,1,17,26,324,2.33,0,1,0,1,0,26,0,0
sqli-concat,CWE-89,1,0,1,0,0,13,23,352,1.75,0,0,1,7,0,19,0,0
insecure-deserialize,CWE-502,1,0,1,0,0,17,30,299,4.07,0,0,0,10,0,18,1,1
path-traversal,CWE-22,0,0,1,0,0,4,21,95,2.52,0,0,0,10,1,35,0,0
ssrf-request,CWE-918,0,0,1,0,0,19,2,334,2.73,0,0,0,5,1,13,0,0
ssrf-request,CWE-918,1,0,1,0,1,10,13,362,3.09,0,0,0,7,0,48,0,0
path-traversal,CWE-22,0,0,1,0,0,2,17,343,3.04,1,0,0,7,1,50,0,1
ssrf-request,CWE-918,0,1,1,0,0,14,16,389,2.41,1,0,0,5,0,30,1,0
insecure-deserialize,CWE-502,1,0,1,0,0,15,5,238,2.91,1,0,1,8,0,6,1,1
ssrf-request,CWE-918,1,0,1,0,0,12,1,40,2.08,0,0,0,6,1,25,0,0
sqli-concat,CWE-89,0,0,1,0,0,9,12,107,4.36,1,0,0,9,1,48,0,0
path-traversal,CWE-22,1,0,0,0,0,8,11,64,2.8,0,1,0,7,0,8,1,0
insecure-deserialize,CWE-502,0,1,0,0,1,12,27,127,2.7,1,0,0,7,0,13,1,0
xss-unescaped,CWE-79,0,1,1,0,0,17,8,258,1.92,0,1,0,2,0,37,0,0
sqli-concat,CWE-89,0,0,0,0,0,2,1,298,3.58,0,1,1,0,0,28,0,1
hardcoded-secret,CWE-798,0,0,0,1,0,7,22,83,3.4,0,1,0,10,1,5,0,0
hardcoded-secret,CWE-798,1,0,0,0,0,8,15,71,3.28,1,0,0,6,0,24,0,1
insecure-deserialize,CWE-502,1,0,1,0,0,12,10,174,3.68,0,1,0,8,1,29,0,0
path-traversal,CWE-22,1,0,0,0,1,5,21,250,2.09,1,1,0,4,1,8,0,1
insecure-deserialize,CWE-502,0,0,1,0,0,20,15,366,3.52,0,0,0,0,0,6,1,0
ssrf-request,CWE-918,1,0,1,0,0,3,22,370,3.68,0,1,0,10,0,40,0,1
path-traversal,CWE-22,1,0,0,1,0,16,14,261,1.78,1,0,0,9,0,39,0,1
insecure-deserialize,CWE-502,0,0,1,0,0,5,28,260,2.64,1,1,0,6,0,43,1,0
hardcoded-secret,CWE-798,0,1,0,0,0,9,20,192,4.25,0,1,0,4,0,27,1,0
xss-unescaped,CWE-79,0,1,0,0,0,7,2,47,1.95,0,0,0,7,1,24,1,0
xss-unescaped,CWE-79,0,1,1,0,0,15,7,388,3.61,0,1,1,7,0,13,0,0
path-traversal,CWE-22,1,0,0,0,0,19,4,37,3.31,1,1,0,0,1,13,0,1
path-traversal,CWE-22,1,0,1,1,0,15,25,305,4.16,0,1,0,9,0,17,0,0
path-traversal,CWE-22,1,0,0,0,0,20,22,31,3.3,1,1,1,10,0,40,0,1
sqli-concat,CWE-89,1,0,1,0,1,8,23,159,2.76,1,1,1,3,0,14,1,0
ssrf-request,CWE-918,0,1,0,0,0,19,1,357,2.5,0,0,0,4,1,28,0,0
ssrf-request,CWE-918,0,1,1,0,0,9,12,42,3.32,1,0,0,6,0,20,0,0
xss-unescaped,CWE-79,0,0,1,0,0,20,21,104,2.3,0,1,0,6,0,11,0,0
xss-unescaped,CWE-79,0,1,1,0,0,8,17,251,1.69,0,0,0,4,0,18,1,0
path-traversal,CWE-22,0,1,0,0,0,13,9,245,2.33,0,0,0,2,0,21,0,0
xss-unescaped,CWE-79,1,0,1,1,0,18,26,229,3.63,0,0,0,4,0,33,0,0
xss-unescaped,CWE-79,0,1,0,0,0,14,23,386,3.48,0,1,0,0,1,1,0,0
ssrf-request,CWE-918,1,0,1,0,0,17,1,74,4.47,0,0,1,5,1,6,0,0
hardcoded-secret,CWE-798,0,1,0,0,1,20,19,316,1.85,1,0,1,5,0,6,0,0
ssrf-request,CWE-918,1,0,1,0,0,14,26,358,2.98,0,1,0,2,0,13,0,0
ssrf-request,CWE-918,1,0,0,0,1,4,20,236,1.75,0,0,1,1,1,17,1,0
xss-unescaped,CWE-79,0,0,1,0,0,2,27,129,2.93,1,1,0,8,0,9,1,0
hardcoded-secret,CWE-798,0,1,1,0,0,6,29,232,3.87,0,0,1,6,0,23,0,0
path-traversal,CWE-22,1,0,1,0,0,6,4,80,3.16,0,0,1,10,1,42,0,0
insecure-deserialize,CWE-502,0,0,0,0,0,12,19,280,3.81,0,0,0,2,0,50,1,0
insecure-deserialize,CWE-502,1,0,1,0,0,17,23,329,4.49,0,1,0,9,1,35,0,0
hardcoded-secret,CWE-798,1,0,0,0,0,3,3,92,3.76,1,0,0,6,1,49,0,1
insecure-deserialize,CWE-502,0,1,1,0,0,14,27,41,4.13,1,0,0,8,1,17,1,0
ssrf-request,CWE-918,1,0,1,0,0,12,1,226,1.53,1,0,0,2,0,29,1,1
hardcoded-secret,CWE-798,1,0,1,0,1,8,22,336,3.41,1,0,0,2,0,17,0,1
hardcoded-secret,CWE-798,0,0,1,0,0,15,30,353,2.83,1,0,0,10,0,29,1,1
path-traversal,CWE-22,0,1,0,0,0,13,28,166,2.99,1,0,0,4,0,24,1,0
ssrf-request,CWE-918,0,0,1,0,0,15,13,63,1.86,0,1,0,3,0,33,0,0
hardcoded-secret,CWE-798,1,0,1,0,0,2,4,222,2.61,1,1,1,4,0,4,1,0
path-traversal,CWE-22,0,0,0,0,1,5,11,95,2.32,1,0,0,6,1,0,1,0
insecure-deserialize,CWE-502,1,0,1,1,0,15,6,75,2.59,1,0,0,5,1,14,1,0
xss-unescaped,CWE-79,0,0,0,0,0,12,30,231,1.55,0,1,0,3,0,46,0,0
sqli-concat,CWE-89,0,0,1,1,0,8,24,75,3.88,0,1,1,8,1,31,0,0
hardcoded-secret,CWE-798,0,1,1,0,0,18,5,372,4.12,0,0,1,6,1,9,0,0
sqli-concat,CWE-89,0,1,0,0,0,1,2,368,3.2,1,0,1,5,1,33,1,0
xss-unescaped,CWE-79,1,0,1,0,0,15,10,197,4.1,1,0,0,7,1,9,1,0
hardcoded-secret,CWE-798,1,0,0,0,0,11,7,187,1.85,0,0,0,3,0,23,0,1
ssrf-request,CWE-918,0,1,0,0,0,9,15,223,2.92,1,0,0,8,0,31,1,0
hardcoded-secret,CWE-798,1,0,0,0,0,5,2,340,2.92,0,1,0,9,0,23,0,0
path-traversal,CWE-22,0,0,0,0,1,10,23,62,2.27,0,0,0,1,0,24,0,0
hardcoded-secret,CWE-798,1,0,1,0,0,20,13,176,2.56,1,0,0,9,1,30,0,1
sqli-concat,CWE-89,1,0,0,0,1,8,29,161,3.86,0,1,1,7,0,1,0,0
insecure-deserialize,CWE-502,0,1,0,0,0,20,20,274,2.59,1,1,0,8,0,5,1,0
ssrf-request,CWE-918,1,0,0,1,0,5,4,207,3.22,1,0,0,3,0,31,1,1
ssrf-request,CWE-918,0,0,0,0,0,6,6,137,4.11,0,1,0,7,0,7,1,0
insecure-deserialize,CWE-502,0,1,1,0,0,16,24,274,2.27,0,1,0,5,0,0,1,0
path-traversal,CWE-22,0,0,0,0,0,6,26,371,3.44,0,1,1,8,0,35,1,0
path-traversal,CWE-22,0,1,1,0,0,7,20,125,2.09,1,1,0,6,0,42,0,0
path-traversal,CWE-22,1,0,1,0,0,9,18,200,4.47,0,1,0,4,0,21,1,0
ssrf-request,CWE-918,0,0,1,1,0,14,12,70,1.96,0,0,1,3,0,43,0,0
path-traversal,CWE-22,0,1,0,0,0,9,21,290,1.78,1,1,1,8,1,45,1,0
ssrf-request,CWE-918,1,0,0,0,1,8,16,313,3.76,0,1,0,6,0,31,0,0
path-traversal,CWE-22,1,0,1,0,0,16,16,269,2.6,1,0,0,4,0,16,0,1
ssrf-request,CWE-918,1,0,0,0,0,18,1,300,3.46,0,1,1,2,0,38,0,0
insecure-deserialize,CWE-502,1,0,1,0,0,1,2,68,1.72,0,1,0,0,0,11,0,0
path-traversal,CWE-22,1,0,1,0,0,3,9,319,3.31,1,0,1,6,1,16,1,1
insecure-deserialize,CWE-502,0,1,0,0,0,16,8,291,3.48,1,1,0,3,0,11,0,0
ssrf-request,CWE-918,1,0,0,0,0,6,25,119,2.87,0,0,0,8,1,36,1,1
xss-unescaped,CWE-79,1,0,1,0,0,16,4,360,4.03,1,1,0,2,1,31,1,0
sqli-concat,CWE-89,0,0,1,0,0,20,4,258,3.53,0,1,0,9,0,21,1,0
ssrf-request,CWE-918,1,0,0,0,0,17,11,364,3.31,1,1,1,7,1,37,1,0
xss-unescaped,CWE-79,0,1,1,0,0,16,2,106,2.65,1,1,0,5,0,16,1,0
ssrf-request,CWE-918,1,0,1,0,1,9,27,318,3.4,0,1,0,10,1,15,1,0
path-traversal,CWE-22,1,0,1,0,0,5,9,32,3.82,1,0,0,0,0,17,1,1
hardcoded-secret,CWE-798,0,1,1,1,0,8,15,198,2.34,0,1,0,5,0,13,0,0
insecure-deserialize,CWE-502,1,0,1,0,0,6,24,330,1.86,1,1,1,8,0,17,0,0
path-traversal,CWE-22,0,1,0,0,0,9,3,200,1.5,0,0,1,4,1,20,0,0
sqli-concat,CWE-89,0,1,1,0,0,18,15,343,3.24,1,1,0,10,0,44,1,0
path-traversal,CWE-22,0,0,0,1,0,5,29,268,2.09,1,1,0,9,0,3,1,0
sqli-concat,CWE-89,0,0,0,0,0,16,14,42,2.95,1,0,0,8,0,29,1,0
ssrf-request,CWE-918,1,0,0,0,0,8,28,31,2.78,0,1,0,10,0,45,1,1
ssrf-request,CWE-918,0,1,0,1,0,12,22,348,3.56,0,1,0,6,1,30,1,0
path-traversal,CWE-22,1,0,0,0,0,18,22,81,4.32,0,1,1,3,0,8,0,1
path-traversal,CWE-22,1,0,1,0,0,19,17,172,4.38,0,0,0,8,0,21,0,1
path-traversal,CWE-22,0,0,1,0,0,12,4,35,3.96,1,0,1,8,0,34,1,0
path-traversal,CWE-22,1,0,0,0,0,8,9,284,4.02,0,1,1,5,0,44,0,0
hardcoded-secret,CWE-798,1,0,0,0,0,17,2,334,1.53,1,0,1,6,1,16,0,0
insecure-deserialize,CWE-502,0,1,1,0,0,11,24,339,3.01,1,1,1,8,0,36,1,0
insecure-deserialize,CWE-502,0,0,0,1,0,2,15,340,4.16,1,0,0,9,1,7,1,0
xss-unescaped,CWE-79,0,0,0,0,0,20,22,338,2.71,0,0,1,5,1,25,1,0
hardcoded-secret,CWE-798,0,0,0,0,0,19,4,200,2.33,0,0,0,3,1,1,0,0
xss-unescaped,CWE-79,1,0,0,0,0,11,1,31,2.38,0,0,1,6,1,8,0,0
hardcoded-secret,CWE-798,0,0,0,1,0,2,30,197,2.39,1,0,1,5,0,31,1,0
xss-unescaped,CWE-79,0,1,1,0,0,11,8,289,3.99,0,0,0,10,0,32,0,0
path-traversal,CWE-22,1,0,0,0,0,4,17,195,2.05,1,1,1,8,0,5,1,1
hardcoded-secret,CWE-798,0,0,0,1,0,4,19,236,3.68,1,1,0,8,0,6,1,0
sqli-concat,CWE-89,1,0,1,0,0,4,29,385,4.04,0,1,0,4,0,21,0,1
path-traversal,CWE-22,1,0,1,0,1,12,20,377,3.9,1,1,0,1,1,32,0,0
insecure-deserialize,CWE-502,0,1,1,0,1,10,15,251,3.38,1,1,0,2,0,45,0,0
xss-unescaped,CWE-79,0,1,0,1,0,19,26,147,2.95,0,0,0,4,1,23,1,0
ssrf-request,CWE-918,1,0,1,0,0,9,30,388,4.04,1,0,0,9,0,26,1,1
sqli-concat,CWE-89,0,1,1,0,0,11,29,35,4.29,1,1,0,0,0,7,0,0
xss-unescaped,CWE-79,1,0,0,0,1,13,12,121,3.92,1,0,0,3,0,31,0,1
sqli-concat,CWE-89,1,0,1,1,0,11,18,143,3.87,1,1,1,2,1,27,0,0
xss-unescaped,CWE-79,1,0,1,0,0,14,14,280,1.66,1,0,0,9,0,32,1,1
insecure-deserialize,CWE-502,0,1,0,0,0,3,12,188,3.54,0,0,0,9,0,14,0,0
path-traversal,CWE-22,1,0,0,0,0,20,22,144,4.11,1,0,0,8,1,34,1,1
insecure-deserialize,CWE-502,0,0,0,0,0,18,7,325,1.73,0,0,0,6,0,2,0,0
insecure-deserialize,CWE-502,0,0,1,0,0,19,2,114,4.23,0,1,0,10,1,4,0,0
ssrf-request,CWE-918,1,0,1,1,0,15,17,70,3.76,1,1,0,4,1,8,0,0
ssrf-request,CWE-918,0,1,0,0,0,6,24,227,2.8,0,1,0,0,0,41,0,0
insecure-deserialize,CWE-502,0,1,1,0,0,15,20,353,2.48,1,1,1,4,0,36,0,0
hardcoded-secret,CWE-798,1,0,1,0,0,10,30,151,2.65,1,0,0,5,0,27,1,1
hardcoded-secret,CWE-798,0,0,1,0,0,5,21,213,3.88,0,1,0,9,0,26,0,0
sqli-concat,CWE-89,0,0,0,0,0,5,9,216,3.18,0,0,0,3,0,35,1,0
sqli-concat,CWE-89,1,0,0,0,1,14,16,174,3.62,1,1,0,0,1,50,1,0
hardcoded-secret,CWE-798,1,0,1,0,0,15,22,224,3.46,1,1,0,8,0,3,1,1
hardcoded-secret,CWE-798,0,0,1,0,0,16,21,237,2.28,1,0,1,3,0,2,1,0
path-traversal,CWE-22,0,1,1,0,0,9,26,149,2.03,0,0,1,8,0,16,1,0
insecure-deserialize,CWE-502,0,1,0,0,0,11,3,343,3.22,1,0,1,6,0,6,0,0
xss-unescaped,CWE-79,1,0,1,0,1,3,21,154,4.47,0,1,1,6,1,13,0,0
path-traversal,CWE-22,0,1,0,0,1,18,4,20,2.71,0,1,0,5,0,38,0,0
ssrf-request,CWE-918,1,0,1,0,0,10,19,228,2.59,1,0,0,2,0,39,1,1
sqli-concat,CWE-89,0,1,0,0,1,17,27,119,1.63,0,1,0,5,0,2,1,0
sqli-concat,CWE-89,0,0,0,0,0,18,19,253,2.36,0,1,0,7,0,9,0,0
hardcoded-secret,CWE-798,0,0,0,0,0,8,26,64,2.04,1,1,1,2,0,25,0,0
path-traversal,CWE-22,1,0,1,0,0,14,25,94,2.25,1,0,0,2,1,43,0,1
path-traversal,CWE-22,1,0,0,0,1,11,4,23,1.52,1,1,0,9,0,29,0,0
sqli-concat,CWE-89,0,0,0,0,0,15,28,372,3.3,0,1,1,3,0,14,0,0
sqli-concat,CWE-89,1,0,1,0,0,19,23,183,4.4,1,1,0,0,1,37,1,1
xss-unescaped,CWE-79,0,0,0,0,0,9,6,222,3.55,1,1,0,9,0,46,0,0
hardcoded-secret,CWE-798,0,0,1,0,0,18,17,36,3.84,0,0,0,5,1,14,1,0
xss-unescaped,CWE-79,0,0,1,0,0,12,23,174,2.08,0,0,0,8,1,7,1,0
hardcoded-secret,CWE-798,0,1,1,0,1,5,4,256,1.53,1,1,0,2,0,44,0,0
ssrf-request,CWE-918,0,0,1,0,0,18,12,214,3.09,1,1,0,9,0,47,0,0
insecure-deserialize,CWE-502,0,0,0,1,0,12,24,205,4.18,1,0,0,10,0,37,0,1
path-traversal,CWE-22,1,0,1,0,0,20,23,151,3.67,1,1,1,5,1,47,1,0
ssrf-request,CWE-918,0,1,1,0,0,16,28,215,4.1,1,1,0,0,0,41,1,0
path-traversal,CWE-22,0,0,1,0,1,6,14,33,3.78,1,0,0,6,0,1,0,0
sqli-concat,CWE-89,0,1,0,0,0,3,19,162,4.03,0,1,0,3,1,31,1,0
insecure-deserialize,CWE-502,0,0,1,1,0,17,15,258,3.97,0,0,0,9,0,44,1,0
ssrf-request,CWE-918,0,0,0,0,0,14,21,355,3.82,1,1,0,7,0,40,1,0
ssrf-request,CWE-918,1,0,1,0,0,19,22,77,4.47,0,0,0,1,1,23,1,1
xss-unescaped,CWE-79,1,0,1,0,0,20,6,200,1.63,0,1,0,4,1,46,1,0
insecure-deserialize,CWE-502,1,0,0,0,0,4,18,86,3.69,1,1,0,4,0,38,0,1
hardcoded-secret,CWE-798,1,0,1,0,0,8,12,217,3.31,0,0,0,0,1,39,0,1
sqli-concat,CWE-89,1,0,1,0,0,19,4,96,2.64,0,1,1,9,0,23,0,0
insecure-deserialize,CWE-502,0,0,0,0,0,18,16,305,2.15,1,0,0,7,0,15,1,1
hardcoded-secret,CWE-798,0,1,0,0,1,20,22,161,3.83,1,1,0,1,0,10,1,0
ssrf-request,CWE-918,0,1,1,0,0,8,19,104,3.9,0,0,0,7,0,21,0,0
xss-unescaped,CWE-79,1,0,1,0,0,2,11,186,4.4,1,1,1,9,0,19,0,1
sqli-concat,CWE-89,0,1,0,0,1,11,7,199,2.24,0,0,0,7,0,37,0,0
path-traversal,CWE-22,0,0,1,0,0,7,13,322,3.61,1,1,0,9,0,12,0,0
path-traversal,CWE-22,1,0,1,1,0,17,18,181,2.47,1,0,1,9,0,17,1,0
sqli-concat,CWE-89,0,0,0,0,0,16,25,323,2.92,1,1,1,2,0,0,0,0
ssrf-request,CWE-918,0,1,0,0,0,5,25,341,3.26,1,0,0,8,1,4,0,0
sqli-concat,CWE-89,1,0,1,0,0,7,10,254,2.61,0,1,0,10,0,11,1,0
hardcoded-secret,CWE-798,1,0,1,0,0,6,1,111,4.38,1,1,1,9,1,10,0,0
insecure-deserialize,CWE-502,0,1,0,0,0,3,25,247,2.24,1,1,0,0,1,39,1,1
hardcoded-secret,CWE-798,1,0,0,0,0,2,14,45,3.89,0,0,0,5,0,12,1,1
xss-unescaped,CWE-79,0,1,0,0,0,1,30,107,2.0,1,1,0,6,0,38,1,0
path-traversal,CWE-22,1,0,0,0,0,11,9,82,2.08,1,1,0,0,0,21,0,1
hardcoded-secret,CWE-798,1,0,1,0,0,15,21,333,1.8,1,0,0,5,0,19,0,1
xss-unescaped,CWE-79,0,0,0,0,0,6,19,318,4.23,0,1,0,0,1,13,1,0
insecure-deserialize,CWE-502,1,0,0,0,0,10,28,106,2.74,0,0,1,0,0,19,0,1
xss-unescaped,CWE-79,0,1,1,0,0,17,17,286,2.67,1,0,0,2,0,38,0,1
xss-unescaped,CWE-79,1,0,1,1,0,11,20,72,4.24,1,0,1,5,0,9,0,0
ssrf-request,CWE-918,0,0,0,0,0,17,11,90,2.15,0,0,0,8,0,45,0,0
insecure-deserialize,CWE-502,0,0,1,0,1,13,16,61,3.39,0,0,1,5,0,48,1,0
xss-unescaped,CWE-79,0,1,1,0,0,15,16,217,1.59,0,1,0,6,1,30,1,0
sqli-concat,CWE-89,1,0,1,1,0,3,2,249,3.45,1,0,0,3,0,50,1,1
sqli-concat,CWE-89,0,1,0,0,0,15,26,90,2.53,1,1,1,6,1,42,0,0
ssrf-request,CWE-918,0,1,1,0,0,8,19,302,2.46,0,0,1,8,0,24,0,0
insecure-deserialize,CWE-502,0,1,1,0,0,16,29,397,4.26,0,1,1,7,1,14,0,0
ssrf-request,CWE-918,1,0,0,0,0,3,24,238,3.55,0,0,0,4,1,46,0,1
hardcoded-secret,CWE-798,0,1,0,0,1,12,1,390,3.18,1,1,0,9,0,25,0,0
hardcoded-secret,CWE-798,1,0,1,0,1,14,5,56,2.21,1,1,0,4,0,47,1,0
hardcoded-secret,CWE-798,0,0,1,0,0,11,4,120,3.95,0,1,0,5,0,37,1,0
xss-unescaped,CWE-79,1,0,0,1,0,4,1,325,2.73,0,0,1,6,0,48,1,0
insecure-deserialize,CWE-502,0,1,0,0,1,16,8,274,4.15,0,0,0,6,1,31,1,0
sqli-concat,CWE-89,0,0,0,0,0,18,4,91,3.05,0,1,1,4,0,47,1,0
xss-unescaped,CWE-79,0,0,0,0,0,11,19,236,2.23,0,0,0,9,1,13,0,0
sqli-concat,CWE-89,0,1,0,1,0,2,27,241,3.7,1,0,0,8,0,1,0,0
insecure-deserialize,CWE-502,1,0,1,0,1,12,23,67,3.53,0,0,0,4,0,16,0,0
ssrf-request,CWE-918,0,1,0,0,0,9,14,52,2.77,1,0,0,1,0,38,1,0
sqli-concat,CWE-89,0,0,0,0,0,10,22,273,2.27,1,1,0,0,0,4,0,1
sqli-concat,CWE-89,1,0,1,0,0,1,21,169,1.83,1,1,0,7,0,8,0,1
insecure-deserialize,CWE-502,1,0,0,0,0,5,22,138,3.29,1,0,0,7,0,49,0,1
insecure-deserialize,CWE-502,1,0,1,0,0,16,24,244,4.25,0,1,0,1,0,13,0,0
ssrf-request,CWE-918,0,1,0,0,0,17,16,135,1.62,1,1,0,8,0,32,0,0
insecure-deserialize,CWE-502,1,0,0,0,1,18,18,371,1.59,1,1,0,0,0,40,0,1
hardcoded-secret,CWE-798,1,0,1,0,1,20,7,311,1.82,1,0,0,2,0,17,1,0
ssrf-request,CWE-918,0,0,0,0,0,19,11,148,1.59,1,1,1,0,0,3,1,0
insecure-deserialize,CWE-502,0,1,0,0,0,9,6,48,3.56,1,1,1,10,0,18,0,0
path-traversal,CWE-22,1,0,1,0,0,17,28,289,3.11,0,0,1,1,1,2,0,0
path-traversal,CWE-22,0,0,1,0,0,20,10,273,3.78,0,0,0,1,0,23,1,0
ssrf-request,CWE-918,0,1,0,1,0,1,23,179,3.16,0,1,0,4,0,27,0,0
hardcoded-secret,CWE-798,1,0,1,0,0,9,19,300,2.74,0,0,0,7,1,14,0,0
xss-unescaped,CWE-79,1,0,1,0,0,10,22,170,2.17,1,0,0,6,0,49,1,1
insecure-deserialize,CWE-502,1,0,0,0,0,2,9,136,3.04,1,1,0,8,1,36,0,1
hardcoded-secret,CWE-798,1,0,0,0,1,1,10,290,1.86,0,0,0,6,1,18,0,0
xss-unescaped,CWE-79,0,0,1,1,0,13,27,210,1.79,0,1,0,1,1,30,0,0
sqli-concat,CWE-89,0,1,0,1,0,15,9,121,3.69,1,1,0,5,0,8,1,0
sqli-concat,CWE-89,0,0,0,0,0,11,9,75,3.41,0,0,0,0,0,15,1,0
insecure-deserialize,CWE-502,0,0,0,0,0,5,6,58,4.43,0,1,1,7,0,15,1,0
xss-unescaped,CWE-79,1,0,0,0,0,14,4,83,4.0,1,1,0,2,0,44,0,1
ssrf-request,CWE-918,1,0,1,0,0,15,25,182,3.11,0,1,0,1,0,39,1,0
sqli-concat,CWE-89,0,0,0,0,0,18,12,323,2.19,0,0,1,10,0,41,0,0
ssrf-request,CWE-918,0,1,0,1,0,16,11,43,4.12,0,1,1,5,0,50,1,0
xss-unescaped,CWE-79,1,0,0,0,0,16,16,270,2.95,1,1,0,9,0,19,1,1
hardcoded-secret,CWE-798,0,0,1,0,0,19,18,281,4.27,1,0,1,10,0,23,0,1
path-traversal,CWE-22,1,0,0,0,0,18,12,353,4.1,1,0,0,2,0,16,0,1
path-traversal,CWE-22,0,1,1,0,0,12,24,121,3.31,1,0,0,9,1,14,0,0
insecure-deserialize,CWE-502,1,0,1,0,0,19,5,223,4.36,0,1,0,1,0,49,0,0
xss-unescaped,CWE-79,0,1,0,0,0,8,24,368,4.44,1,0,0,9,0,33,1,0
hardcoded-secret,CWE-798,0,1,1,0,0,8,14,66,3.86,1,1,0,5,1,19,1,0
insecure-deserialize,CWE-502,1,0,1,0,0,4,6,249,3.68,1,1,0,10,1,28,0,0
ssrf-request,CWE-918,0,0,0,1,0,9,29,32,1.98,0,1,1,2,0,6,1,0
path-traversal,CWE-22,1,0,0,0,0,9,2,162,3.69,1,0,0,8,0,32,0,1
sqli-concat,CWE-89,0,1,0,1,0,5,18,387,3.31,1,1,0,2,1,33,0,0
path-traversal,CWE-22,1,0,1,0,0,9,6,125,3.37,1,0,1,3,1,29,0,1
insecure-deserialize,CWE-502,0,1,0,0,0,19,6,60,3.97,0,0,0,0,0,48,0,0
sqli-concat,CWE-89,1,0,0,1,0,9,23,287,2.66,1,1,0,7,0,22,1,0
xss-unescaped,CWE-79,0,0,1,0,0,18,19,306,2.08,0,0,0,9,1,3,1,0
ssrf-request,CWE-918,0,0,1,0,1,8,4,86,3.34,1,0,0,8,0,49,0,0
insecure-deserialize,CWE-502,1,0,1,0,0,1,17,96,2.74,0,0,0,2,0,41,1,1
sqli-concat,CWE-89,0,0,1,0,0,8,20,349,3.6,0,0,0,1,1,39,1,0
hardcoded-secret,CWE-798,0,1,1,0,0,20,1,121,2.0,0,1,1,9,0,4,1,0
hardcoded-secret,CWE-798,0,0,1,0,0,8,30,32,1.64,1,1,0,8,1,31,1,0
hardcoded-secret,CWE-798,1,0,0,0,0,19,25,69,2.41,1,0,1,6,0,18,1,1
xss-unescaped,CWE-79,1,0,0,0,0,11,4,296,4.23,0,0,0,3,0,17,1,0
sqli-concat,CWE-89,1,0,1,0,0,16,29,217,2.28,1,0,1,4,0,50,1,0
path-traversal,CWE-22,1,0,0,0,0,18,22,375,2.76,1,1,0,9,0,48,0,1
sqli-concat,CWE-89,1,0,1,0,0,5,14,168,4.35,0,1,0,5,0,30,0,0
sqli-concat,CWE-89,0,1,0,1,0,4,14,399,2.3,0,1,1,7,0,17,1,0
sqli-concat,CWE-89,1,0,0,0,0,19,7,219,2.53,1,1,0,9,0,27,0,1
sqli-concat,CWE-89,0,0,1,1,0,11,25,274,1.85,1,0,1,2,1,0,0,0
ssrf-request,CWE-918,1,0,1,0,0,19,12,320,1.85,1,0,0,6,0,0,0,1
hardcoded-secret,CWE-798,1,0,0,0,0,20,2,377,4.36,1,0,1,3,1,25,1,1
insecure-deserialize,CWE-502,0,0,1,0,0,18,9,335,4.17,1,1,1,0,1,2,1,0
sqli-concat,CWE-89,0,1,1,1,0,4,27,162,3.86,1,0,1,4,1,5,1,0
hardcoded-secret,CWE-798,1,0,0,0,0,15,3,358,3.68,1,0,0,7,0,5,1,1
path-traversal,CWE-22,1,0,1,0,0,11,9,211,4.0,0,0,0,8,1,19,0,0
hardcoded-secret,CWE-798,0,1,1,1,0,3,9,75,3.68,1,0,0,4,0,11,0,0
insecure-deserialize,CWE-502,0,0,0,0,0,19,28,319,4.0,0,0,0,0,0,44,0,0
xss-unescaped,CWE-79,0,0,1,0,1,17,9,199,2.76,1,0,0,10,0,46,1,0
insecure-deserialize,CWE-502,1,0,1,0,0,11,14,300,3.27,0,0,0,4,0,41,1,0
path-traversal,CWE-22,1,0,1,1,0,16,24,241,2.65,1,1,0,5,0,32,1,0
insecure-deserialize,CWE-502,0,1,1,0,0,11,30,114,1.71,1,1,0,9,0,31,0,0
path-traversal,CWE-22,1,0,1,0,0,5,6,22,2.79,1,0,0,9,0,34,1,1
insecure-deserialize,CWE-502,0,1,1,0,0,13,26,265,1.92,1,0,0,3,0,5,1,0
xss-unescaped,CWE-79,0,0,0,0,0,7,19,142,2.23,0,0,1,8,0,1,1,0
hardcoded-secret,CWE-798,1,0,1,0,0,16,11,210,1.9,0,1,0,1,0,26,1,0
hardcoded-secret,CWE-798,1,0,1,0,0,17,7,182,1.72,0,1,0,1,0,21,1,0
path-traversal,CWE-22,1,0,1,1,0,8,22,124,3.92,1,1,0,1,0,34,0,0
hardcoded-secret,CWE-798,1,0,0,0,0,20,20,318,4.48,1,0,0,6,1,19,1,1
path-traversal,CWE-22,0,0,1,0,0,18,10,90,2.79,0,1,1,7,0,30,0,0
sqli-concat,CWE-89,0,0,1,0,1,20,25,49,3.54,1,0,1,3,0,42,1,0
xss-unescaped,CWE-79,0,0,0,0,0,12,21,58,3.22,1,1,0,4,1,46,1,0
path-traversal,CWE-22,0,0,0,0,0,11,14,228,2.15,0,1,0,2,0,46,0,0
path-traversal,CWE-22,0,1,0,0,0,3,9,27,2.21,1,1,1,9,1,18,0,0
insecure-deserialize,CWE-502,1,0,0,0,1,10,17,172,2.07,0,1,0,0,1,47,0,0
insecure-deserialize,CWE-502,0,0,0,1,0,19,20,258,1.57,0,1,1,3,0,39,0,0
path-traversal,CWE-22,1,0,0,0,0,6,8,366,2.49,0,1,0,10,0,27,1,1
hardcoded-secret,CWE-798,1,0,1,0,1,15,5,247,2.57,1,1,0,1,0,6,0,0
path-traversal,CWE-22,1,0,1,0,0,8,19,131,3.9,0,1,0,0,1,4,1,0
sqli-concat,CWE-89,0,0,1,0,0,8,21,147,3.21,1,1,0,4,1,30,0,0
xss-unescaped,CWE-79,0,0,0,0,1,4,23,327,1.83,1,0,0,5,0,42,0,1
hardcoded-secret,CWE-798,0,0,0,0,0,6,6,37,4.0,1,0,0,4,1,12,1,1
hardcoded-secret,CWE-798,0,1,1,0,0,7,27,102,3.75,1,0,0,2,0,45,0,0
insecure-deserialize,CWE-502,0,1,0,0,0,15,13,387,3.0,1,0,1,8,1,28,1,0
insecure-deserialize,CWE-502,1,0,0,0,0,7,7,296,3.75,0,0,0,0,0,13,0,1
hardcoded-secret,CWE-798,1,0,1,1,0,11,10,226,2.61,1,0,0,4,1,41,0,0
xss-unescaped,CWE-79,1,0,1,0,0,7,8,114,3.64,1,1,1,8,0,49,0,1
hardcoded-secret,CWE-798,1,0,1,0,0,11,4,258,2.44,0,1,0,7,0,43,1,0
hardcoded-secret,CWE-798,1,0,1,0,0,14,1,41,3.86,0,0,0,5,0,36,1,0
insecure-deserialize,CWE-502,1,0,1,0,1,3,1,308,1.98,0,1,0,4,0,30,1,0
insecure-deserialize,CWE-502,0,1,0,0,0,13,14,43,2.32,1,1,0,2,0,30,0,0
ssrf-request,CWE-918,0,0,1,0,0,19,18,93,1.87,0,1,0,2,0,42,0,0
ssrf-request,CWE-918,0,0,1,0,0,10,19,221,4.19,0,1,1,10,0,37,1,0
xss-unescaped,CWE-79,0,1,0,0,0,10,25,275,2.71,0,0,1,7,0,19,1,0
path-traversal,CWE-22,1,0,1,0,1,10,23,307,2.17,0,1,0,6,0,43,1,0
insecure-deserialize,CWE-502,0,1,1,0,0,11,26,344,2.78,0,1,0,2,0,49,0,0
hardcoded-secret,CWE-798,1,0,0,0,0,10,23,231,4.27,0,1,1,10,0,11,0,1
insecure-deserialize,CWE-502,0,1,1,1,0,14,14,223,1.82,1,1,0,0,1,32,1,0
xss-unescaped,CWE-79,1,0,1,1,0,20,6,159,4.42,1,0,1,10,1,48,1,0
sqli-concat,CWE-89,1,0,1,0,0,3,8,361,2.4,0,0,1,8,0,1,0,1
path-traversal,CWE-22,0,1,1,0,0,3,26,89,3.44,0,1,1,9,1,15,0,0
sqli-concat,CWE-89,0,0,0,0,0,7,4,276,3.79,0,0,0,1,0,13,0,0
xss-unescaped,CWE-79,0,1,0,0,0,10,25,22,3.28,0,1,0,3,0,38,1,0
path-traversal,CWE-22,0,0,0,0,1,12,20,29,4.19,0,1,0,5,0,36,0,0
sqli-concat,CWE-89,0,0,0,1,0,13,28,195,4.03,0,1,1,8,0,13,1,0
sqli-concat,CWE-89,1,0,0,0,0,16,10,242,3.36,0,1,0,7,0,11,0,0
hardcoded-secret,CWE-798,0,0,0,0,0,17,1,299,4.3,0,0,1,2,0,42,0,1
sqli-concat,CWE-89,1,0,0,0,0,3,18,139,1.92,1,0,0,6,0,9,0,1
xss-unescaped,CWE-79,0,0,0,0,0,15,19,197,3.68,0,0,1,7,0,6,0,0
path-traversal,CWE-22,1,0,0,0,0,14,30,259,3.88,1,0,1,0,0,6,1,1
xss-unescaped,CWE-79,1,0,1,0,0,14,15,139,3.84,0,1,0,10,1,21,0,0
insecure-deserialize,CWE-502,0,1,0,0,0,7,3,331,3.07,0,1,0,5,1,0,1,0
ssrf-request,CWE-918,1,0,0,0,0,14,30,270,2.84,1,1,0,9,0,46,0,1
ssrf-request,CWE-918,0,0,1,0,0,10,27,40,2.52,1,1,0,0,0,10,1,0
xss-unescaped,CWE-79,1,0,1,0,0,5,18,115,3.19,0,0,0,1,0,10,0,1
xss-unescaped,CWE-79,1,0,0,0,0,7,28,216,3.1,0,1,0,4,0,20,0,1
sqli-concat,CWE-89,1,0,1,1,0,16,26,59,3.66,1,1,0,7,0,32,1,0
xss-unescaped,CWE-79,0,0,1,0,0,15,24,358,3.31,1,0,1,8,1,33,0,0
ssrf-request,CWE-918,0,0,0,1,0,9,27,191,3.6,1,1,0,1,0,21,0,0
hardcoded-secret,CWE-798,1,0,0,0,0,2,19,98,3.87,1,1,0,7,1,29,0,1
xss-unescaped,CWE-79,0,0,0,0,0,12,8,176,2.86,1,1,0,5,1,46,0,0
sqli-concat,CWE-89,1,0,0,0,0,17,19,304,2.92,1,0,1,2,0,12,0,1
insecure-deserialize,CWE-502,1,0,1,1,0,1,6,378,4.2,0,1,0,3,1,33,1,0
path-traversal,CWE-22,1,0,1,0,0,15,8,319,3.17,1,1,0,3,0,35,1,0
insecure-deserialize,CWE-502,1,0,1,0,1,5,16,147,2.5,0,0,1,0,1,40,0,0
sqli-concat,CWE-89,0,1,1,0,0,9,25,50,1.85,0,0,0,3,0,44,1,0
xss-unescaped,CWE-79,1,0,0,0,0,17,18,234,2.05,1,1,0,4,0,23,0,1
insecure-deserialize,CWE-502,1,0,0,0,0,10,30,95,1.75,1,1,1,4,0,36,1,1
path-traversal,CWE-22,1,0,0,0,0,3,21,303,3.09,1,1,0,1,1,4,0,1
ssrf-request,CWE-918,0,0,1,0,0,16,21,332,2.02,1,1,0,9,1,28,0,0
hardcoded-secret,CWE-798,1,0,0,0,0,20,20,290,4.15,0,1,0,0,0,20,0,0
hardcoded-secret,CWE-798,1,0,0,0,0,8,28,162,2.94,0,0,0,7,1,35,0,1
hardcoded-secret,CWE-798,1,0,0,1,0,1,24,277,1.78,1,0,0,8,0,24,0,1
hardcoded-secret,CWE-798,0,0,0,1,0,14,1,237,2.76,1,0,0,6,1,38,1,0
xss-unescaped,CWE-79,1,0,1,0,0,5,26,52,3.06,0,1,0,6,0,49,1,0
path-traversal,CWE-22,0,1,0,0,1,6,11,21,1.92,0,1,0,4,1,11,1,0
xss-unescaped,CWE-79,1,0,0,0,0,4,30,108,1.68,0,1,0,9,0,9,1,1
sqli-concat,CWE-89,1,0,1,0,0,20,20,345,3.76,1,0,0,0,0,18,0,1
hardcoded-secret,CWE-798,1,0,0,0,0,1,21,263,2.17,0,1,0,5,0,10,1,1
insecure-deserialize,CWE-502,1,0,1,1,0,16,23,243,2.14,1,0,0,0,0,31,1,0
ssrf-request,CWE-918,1,0,0,0,0,14,1,260,2.44,0,1,0,9,0,43,0,1
hardcoded-secret,CWE-798,0,1,0,0,0,8,11,242,3.73,1,1,0,6,0,0,1,0
xss-unescaped,CWE-79,1,0,1,0,0,13,1,268,2.48,0,0,0,8,0,24,0,1
insecure-deserialize,CWE-502,0,1,1,0,0,10,30,73,3.08,0,1,0,4,0,22,0,0
hardcoded-secret,CWE-798,1,0,1,0,0,6,26,161,3.42,1,1,0,7,1,26,1,0
hardcoded-secret,CWE-798,1,0,0,0,1,9,18,392,2.56,0,1,0,2,1,47,1,0
path-traversal,CWE-22,1,0,0,0,0,16,26,186,3.82,1,0,0,9,0,27,1,1
xss-unescaped,CWE-79,0,1,1,0,0,19,30,308,3.35,0,1,0,7,0,35,1,0
sqli-concat,CWE-89,1,0,0,1,0,10,5,232,3.19,1,0,1,8,0,45,0,0
insecure-deserialize,CWE-502,1,0,1,0,0,11,6,334,2.35,0,1,0,0,0,32,1,0
xss-unescaped,CWE-79,0,1,0,0,0,14,3,55,3.08,1,0,0,8,0,24,1,0
ssrf-request,CWE-918,0,0,0,0,0,20,3,266,1.76,1,0,1,3,1,47,0,1
sqli-concat,CWE-89,1,0,1,0,0,17,21,174,2.25,1,0,0,10,0,38,0,1
sqli-concat,CWE-89,0,1,0,0,0,3,2,317,2.22,1,1,1,7,0,26,1,0
path-traversal,CWE-22,1,0,1,0,0,10,11,336,4.16,0,1,1,4,0,49,0,0
sqli-concat,CWE-89,0,0,1,0,0,19,11,210,2.12,0,0,0,3,0,5,0,0
hardcoded-secret,CWE-798,0,1,1,0,0,1,15,31,1.93,1,0,1,6,0,28,1,0
insecure-deserialize,CWE-502,0,1,0,0,0,10,10,279,2.93,1,1,0,3,1,16,0,0
path-traversal,CWE-22,1,0,0,0,0,19,10,47,2.81,1,0,0,10,0,14,1,1
ssrf-request,CWE-918,0,1,1,0,0,6,12,299,2.04,0,1,1,5,1,24,1,0
ssrf-request,CWE-918,0,1,1,0,0,13,22,170,4.5,1,0,0,9,0,16,0,0
hardcoded-secret,CWE-798,0,1,0,1,0,17,13,273,3.12,1,0,1,8,0,48,1,0
ssrf-request,CWE-918,1,0,0,0,0,10,13,251,4.32,0,1,0,10,1,2,0,0
ssrf-request,CWE-918,0,0,1,0,0,15,16,384,1.6,0,1,0,6,0,15,0,0
path-traversal,CWE-22,0,0,1,0,0,16,19,336,1.88,0,1,1,5,0,11,1,0
hardcoded-secret,CWE-798,1,0,0,0,0,7,28,84,3.78,1,1,1,5,0,27,1,1
ssrf-request,CWE-918,0,1,1,0,0,4,23,186,2.59,1,0,1,6,0,37,1,0
sqli-concat,CWE-89,0,1,0,0,0,14,21,27,2.52,1,0,0,1,1,4,0,0
xss-unescaped,CWE-79,1,0,1,1,1,6,5,153,4.22,0,1,0,6,0,8,0,0
xss-unescaped,CWE-79,1,0,1,0,0,10,18,378,4.13,1,1,0,8,0,26,0,1
sqli-concat,CWE-89,1,0,0,0,0,6,16,341,1.65,1,0,0,5,1,46,0,1
path-traversal,CWE-22,1,0,0,0,0,4,5,267,2.34,0,0,0,3,1,48,0,1
ssrf-request,CWE-918,1,0,0,0,0,1,27,288,2.59,1,0,0,2,0,0,1,1
xss-unescaped,CWE-79,1,0,1,0,0,12,16,252,2.62,1,0,1,8,0,4,0,1
hardcoded-secret,CWE-798,0,0,0,1,0,6,16,124,1.56,1,0,0,4,1,24,0,0
insecure-deserialize,CWE-502,1,0,0,0,0,8,26,194,4.02,0,0,1,8,0,27,1,1
ssrf-request,CWE-918,1,0,0,0,1,18,11,122,4.26,0,0,0,2,0,5,1,0
path-traversal,CWE-22,0,0,1,0,1,13,8,220,3.45,1,1,0,1,0,10,1,0
hardcoded-secret,CWE-798,1,0,1,0,0,7,22,271,3.33,1,0,1,7,0,22,0,1
insecure-deserialize,CWE-502,0,0,0,0,0,11,5,372,2.84,1,1,1,9,0,3,0,0
sqli-concat,CWE-89,1,0,1,0,0,18,2,253,3.87,1,1,0,9,0,34,0,1
ssrf-request,CWE-918,1,0,0,0,0,20,17,141,3.02,0,0,0,4,0,28,1,1
path-traversal,CWE-22,1,0,0,0,0,3,14,200,2.82,0,0,1,6,0,36,1,1
insecure-deserialize,CWE-502,1,0,0,1,0,5,19,176,3.19,1,0,0,4,1,20,1,0
path-traversal,CWE-22,1,0,1,0,0,8,30,297,3.11,1,0,1,0,1,37,0,1
insecure-deserialize,CWE-502,1,0,1,0,0,15,17,116,1.92,1,0,0,0,1,37,1,1
sqli-concat,CWE-89,0,1,0,0,0,4,18,187,3.51,1,0,1,7,0,42,0,1
sqli-concat,CWE-89,0,0,0,1,0,6,1,315,3.35,1,1,1,7,0,1,0,0
insecure-deserialize,CWE-502,1,0,0,0,0,9,17,134,4.46,1,1,0,10,0,40,0,1
hardcoded-secret,CWE-798,1,0,1,0,0,10,27,119,3.27,0,1,0,7,0,15,0,0
path-traversal,CWE-22,1,0,0,0,0,11,9,237,4.18,1,0,0,0,1,33,1,1
ssrf-request,CWE-918,0,0,0,0,0,4,5,321,3.9,1,0,0,7,1,3,0,1
ssrf-request,CWE-918,1,0,0,0,0,3,25,170,2.66,1,0,0,1,1,42,0,1
sqli-concat,CWE-89,1,0,0,0,0,11,9,220,2.82,0,1,0,4,0,25,0,1
ssrf-request,CWE-918,0,1,0,0,0,19,17,182,4.34,0,0,0,3,1,22,1,0
xss-unescaped,CWE-79,1,0,0,0,0,3,4,64,4.4,0,0,1,9,0,47,0,1
ssrf-request,CWE-918,1,0,0,0,0,10,3,112,2.44,0,0,1,2,0,34,1,1
insecure-deserialize,CWE-502,1,0,1,0,0,14,2,343,2.66,1,0,1,4,0,13,1,1
ssrf-request,CWE-918,0,1,1,0,0,7,1,290,1.8,0,0,0,9,0,40,1,0
insecure-deserialize,CWE-502,0,0,1,0,0,8,17,105,4.13,1,1,0,8,0,14,0,0
sqli-concat,CWE-89,0,1,1,0,0,15,27,249,2.72,0,0,1,10,0,38,0,0
sqli-concat,CWE-89,0,0,0,0,0,15,11,244,2.31,0,0,0,0,0,0,1,0
path-traversal,CWE-22,1,0,1,0,1,6,9,325,2.92,1,1,0,7,0,25,1,0
ssrf-request,CWE-918,1,0,1,1,0,12,4,375,3.74,1,1,1,5,0,19,1,0
insecure-deserialize,CWE-502,0,1,0,0,0,20,19,44,3.62,1,0,1,1,1,20,1,0
path-traversal,CWE-22,0,0,1,0,0,15,14,166,3.71,0,1,0,6,1,34,0,0
ssrf-request,CWE-918,0,0,0,1,0,8,9,242,2.47,1,1,0,6,0,40,1,0
insecure-deserialize,CWE-502,1,0,1,0,0,8,28,125,3.83,0,1,0,5,0,49,1,0
path-traversal,CWE-22,0,1,0,0,1,11,24,260,4.06,0,1,0,8,0,40,0,0
xss-unescaped,CWE-79,1,0,0,0,0,13,4,360,3.08,0,1,0,7,1,16,1,0
path-traversal,CWE-22,0,0,1,0,0,18,12,353,4.48,1,0,0,1,0,12,0,0
ssrf-request,CWE-918,0,0,1,0,0,6,30,379,2.17,0,1,0,3,0,16,0,0
ssrf-request,CWE-918,1,0,1,0,0,9,3,296,3.34,0,0,0,0,0,14,1,0
path-traversal,CWE-22,0,0,0,1,0,6,17,97,2.79,1,0,0,7,0,48,1,0
hardcoded-secret,CWE-798,1,0,0,0,0,17,19,385,2.81,0,0,1,5,0,26,0,1
ssrf-request,CWE-918,1,0,1,0,0,7,10,244,2.66,0,0,0,2,1,34,1,0
xss-unescaped,CWE-79,1,0,1,0,0,7,13,127,1.73,0,1,0,1,0,47,1,0
xss-unescaped,CWE-79,0,0,0,0,0,13,10,331,1.65,1,1,0,1,0,27,0,0
hardcoded-secret,CWE-798,0,0,0,1,0,2,23,373,1.79,1,1,0,2,0,23,1,0
hardcoded-secret,CWE-798,0,1,0,0,0,11,15,335,4.24,1,0,0,9,0,48,0,1
insecure-deserialize,CWE-502,0,1,1,0,0,13,24,232,3.74,0,0,1,0,0,37,0,0
insecure-deserialize,CWE-502,0,1,1,0,0,11,7,281,3.99,1,0,1,4,0,1,1,0
path-traversal,CWE-22,1,0,1,0,0,16,28,133,4.05,0,1,0,2,1,17,0,0
xss-unescaped,CWE-79,0,1,1,0,0,1,15,59,3.9,0,1,1,9,0,1,0,0
xss-unescaped,CWE-79,0,1,0,0,0,14,15,68,2.26,0,0,1,7,1,16,1,0
ssrf-request,CWE-918,1,0,1,0,0,3,6,308,4.26,0,1,1,9,0,0,0,0
ssrf-request,CWE-918,0,1,0,0,0,19,28,368,2.56,1,1,0,1,1,10,1,0
ssrf-request,CWE-918,1,0,0,0,0,2,28,187,3.78,0,0,0,9,0,38,1,1
xss-unescaped,CWE-79,0,0,0,0,0,6,16,148,3.3,0,0,0,4,0,48,0,0
path-traversal,CWE-22,1,0,1,0,0,20,19,323,2.3,1,0,0,0,0,40,1,1
sqli-concat,CWE-89,1,0,1,0,0,5,19,352,1.64,0,1,1,4,1,32,1,0
insecure-deserialize,CWE-502,0,1,0,0,0,4,18,84,4.23,0,0,0,0,0,18,1,0
path-traversal,CWE-22,0,0,0,0,0,16,9,385,1.53,1,1,0,10,1,44,1,0
ssrf-request,CWE-918,1,0,1,0,0,16,25,126,2.94,1,1,0,0,0,14,1,0
path-traversal,CWE-22,0,1,1,0,0,5,1,305,1.82,1,0,0,2,0,8,1,0
sqli-concat,CWE-89,1,0,0,0,0,12,4,225,1.55,1,1,1,5,0,27,1,0
ssrf-request,CWE-918,1,0,0,0,0,4,14,120,2.7,1,1,0,10,0,15,1,1
xss-unescaped,CWE-79,1,0,1,1,0,6,20,283,2.19,0,0,1,5,0,23,0,0
insecure-deserialize,CWE-502,1,0,0,0,0,18,12,116,2.04,1,0,0,0,0,16,1,1
insecure-deserialize,CWE-502,1,0,1,1,0,9,24,270,2.11,1,1,0,9,1,2,1,0
path-traversal,CWE-22,0,1,1,0,1,13,28,192,3.22,0,1,0,0,0,49,1,0
sqli-concat,CWE-89,1,0,1,0,1,13,18,393,3.24,0,1,1,10,0,20,1,0
ssrf-request,CWE-918,1,0,0,0,0,6,26,73,4.19,1,1,1,10,1,36,0,0
path-traversal,CWE-22,1,0,1,0,0,14,8,177,3.79,1,1,0,8,1,26,1,0
sqli-concat,CWE-89,0,1,1,0,0,6,18,54,3.16,0,0,1,8,0,34,1,0
insecure-deserialize,CWE-502,0,1,0,0,0,13,1,346,3.09,1,1,1,3,0,14,0,0
insecure-deserialize,CWE-502,1,0,0,0,0,14,7,83,3.09,1,1,0,1,0,39,1,1
hardcoded-secret,CWE-798,0,1,1,0,0,2,24,395,2.32,1,1,0,3,1,7,0,0
insecure-deserialize,CWE-502,1,0,1,1,0,2,15,330,2.96,0,0,0,8,0,21,1,0
xss-unescaped,CWE-79,1,0,0,0,0,9,19,384,2.96,0,1,0,10,1,30,0,0
path-traversal,CWE-22,1,0,1,1,0,15,24,207,3.03,0,1,1,0,1,20,0,0
ssrf-request,CWE-918,0,1,0,0,0,16,15,81,3.17,1,0,1,1,0,14,0,0
hardcoded-secret,CWE-798,0,0,1,0,1,2,2,170,1.86,1,1,1,7,0,30,0,0
path-traversal,CWE-22,0,0,1,0,0,15,4,244,2.79,1,0,0,4,0,44,1,0
xss-unescaped,CWE-79,0,1,0,0,0,4,16,388,2.72,0,1,0,5,0,4,1,0
insecure-deserialize,CWE-502,0,0,1,0,0,14,9,267,1.88,1,1,1,8,0,41,0,0
insecure-deserialize,CWE-502,0,1,0,0,0,4,11,383,3.89,0,1,1,3,0,44,1,0
xss-unescaped,CWE-79,0,0,0,0,0,2,27,384,2.8,1,1,0,0,0,47,0,1
hardcoded-secret,CWE-798,0,0,1,1,0,9,8,191,2.17,1,0,0,10,0,35,0,0
xss-unescaped,CWE-79,0,1,1,0,0,4,8,213,3.83,1,1,0,5,0,7,1,0
sqli-concat,CWE-89,0,1,0,1,0,12,22,207,4.45,0,1,0,6,0,17,1,0
sqli-concat,CWE-89,0,0,1,1,0,19,19,377,3.14,0,1,0,9,0,25,0,0
hardcoded-secret,CWE-798,1,0,0,0,0,6,11,360,2.54,1,1,0,5,0,37,0,1
path-traversal,CWE-22,1,0,1,0,0,6,15,121,2.3,1,0,0,9,1,27,0,1
sqli-concat,CWE-89,0,1,1,0,0,13,9,369,2.63,1,1,0,2,0,43,1,0
path-traversal,CWE-22,0,0,0,0,0,17,23,75,2.0,0,1,0,8,0,42,1,0
xss-unescaped,CWE-79,1,0,1,0,0,4,26,89,4.18,1,0,0,0,0,1,1,1
ssrf-request,CWE-918,0,1,0,0,0,9,1,118,2.15,0,1,1,8,1,7,0,0
hardcoded-secret,CWE-798,1,0,0,0,0,17,24,356,2.8,0,0,1,3,1,6,1,1
insecure-deserialize,CWE-502,1,0,1,0,1,5,21,58,1.98,1,1,1,6,1,9,0,0
xss-unescaped,CWE-79,1,0,0,0,0,6,2,254,3.95,1,1,0,2,0,37,0,1
sqli-concat,CWE-89,0,0,0,0,1,9,24,241,2.61,1,1,0,1,1,25,1,0
path-traversal,CWE-22,0,0,0,0,0,19,20,196,4.05,1,1,0,6,0,2,1,0
xss-unescaped,CWE-79,1,0,0,0,0,5,25,85,4.04,0,1,1,8,1,24,1,0
sqli-concat,CWE-89,0,1,0,1,0,19,12,205,2.97,1,0,0,0,0,32,0,0
ssrf-request,CWE-918,0,1,0,0,0,12,9,344,3.95,0,1,0,5,0,32,0,0
ssrf-request,CWE-918,0,0,1,0,0,12,13,333,2.09,1,0,1,6,0,8,0,0
path-traversal,CWE-22,0,0,0,0,0,8,29,150,1.87,1,1,0,7,1,47,0,0
xss-unescaped,CWE-79,0,0,0,1,0,16,3,367,4.42,1,1,1,0,0,24,1,0
hardcoded-secret,CWE-798,1,0,0,0,0,7,9,68,4.48,1,0,0,0,1,11,0,1
insecure-deserialize,CWE-502,0,1,1,1,0,19,21,45,4.17,1,1,0,10,0,48,0,0
insecure-deserialize,CWE-502,0,0,0,0,0,18,8,280,2.25,0,1,0,1,0,28,1,0
insecure-deserialize,CWE-502,1,0,1,0,0,7,28,164,1.93,0,0,0,2,0,48,1,0
path-traversal,CWE-22,1,0,0,0,0,9,12,248,3.52,0,1,0,1,1,18,1,0
path-traversal,CWE-22,0,0,1,0,0,8,19,222,3.63,1,0,1,0,1,50,1,0
path-traversal,CWE-22,1,0,0,0,0,17,26,324,2.43,0,1,0,3,0,11,1,0
xss-unescaped,CWE-79,0,0,0,1,0,11,10,228,1.74,1,1,0,7,0,33,0,0
ssrf-request,CWE-918,1,0,0,0,0,3,28,135,4.11,1,1,1,9,0,4,0,1
insecure-deserialize,CWE-502,1,0,1,0,0,11,21,46,1.76,0,1,0,6,0,43,0,0
ssrf-request,CWE-918,1,0,1,0,0,19,20,272,3.54,1,0,1,2,0,35,0,1
sqli-concat,CWE-89,0,0,1,0,0,14,22,233,3.29,1,0,0,5,0,6,1,0
ssrf-request,CWE-918,0,1,1,0,0,1,22,281,1.52,1,1,1,4,0,11,1,0
insecure-deserialize,CWE-502,1,0,1,0,0,5,20,172,3.95,0,1,0,1,0,9,1,1
sqli-concat,CWE-89,0,0,1,0,0,8,11,138,4.33,1,1,0,3,0,46,0,0
path-traversal,CWE-22,1,0,1,0,0,7,22,55,1.53,1,0,0,7,1,4,0,1
ssrf-request,CWE-918,0,1,0,1,0,19,20,38,2.94,1,1,1,6,0,31,1,0
path-traversal,CWE-22,0,0,1,0,0,6,10,137,2.6,0,0,0,5,1,24,1,0
insecure-deserialize,CWE-502,0,1,1,0,0,13,16,125,2.46,0,0,0,2,0,14,1,0
path-traversal,CWE-22,1,0,1,1,0,14,24,367,4.4,1,0,0,10,1,13,1,0
insecure-deserialize,CWE-502,0,0,1,0,0,15,11,221,3.59,0,1,0,9,1,25,1,0
xss-unescaped,CWE-79,0,0,1,0,0,5,23,80,3.88,0,1,0,7,0,47,0,0
hardcoded-secret,CWE-798,0,0,0,0,0,12,25,120,4.12,1,0,0,5,1,30,0,1
ssrf-request,CWE-918,1,0,1,0,0,16,23,51,2.5,0,1,0,2,0,38,1,0
ssrf-request,CWE-918,0,1,1,0,0,6,27,264,1.53,0,0,1,1,0,8,1,0
ssrf-request,CWE-918,0,1,1,0,0,6,3,147,2.8,1,0,0,7,0,8,0,0
ssrf-request,CWE-918,1,0,0,0,0,12,3,389,3.27,0,1,0,5,0,38,0,0
xss-unescaped,CWE-79,0,1,1,1,0,18,11,304,2.97,1,0,0,10,0,9,0,0
ssrf-request,CWE-918,0,0,1,1,0,18,28,244,3.08,1,0,0,9,0,19,1,0
xss-unescaped,CWE-79,1,0,1,1,0,16,9,231,2.33,0,1,0,8,0,48,0,0
sqli-concat,CWE-89,1,0,0,0,0,2,30,296,2.94,1,1,1,10,0,7,0,1
hardcoded-secret,CWE-798,0,0,0,0,0,18,29,368,3.97,1,1,0,6,0,13,1,1
ssrf-request,CWE-918,1,0,1,0,0,13,26,344,2.39,0,0,0,7,0,47,1,1
xss-unescaped,CWE-79,0,1,0,0,0,14,30,107,3.01,0,1,0,3,0,13,1,0
xss-unescaped,CWE-79,1,0,1,0,0,6,4,327,2.37,0,1,0,6,0,30,1,0
xss-unescaped,CWE-79,0,1,1,1,0,16,15,140,4.43,0,1,0,9,0,28,1,0
path-traversal,CWE-22,0,1,1,0,0,20,15,350,3.09,1,1,0,9,0,22,1,0
path-traversal,CWE-22,0,0,0,0,0,20,18,149,4.38,1,0,1,3,1,20,0,1
hardcoded-secret,CWE-798,1,0,1,0,0,16,9,141,2.82,0,0,0,8,0,23,1,0
sqli-concat,CWE-89,0,1,1,0,1,19,28,362,3.11,0,0,1,0,0,1,0,0
hardcoded-secret,CWE-798,0,1,1,0,0,4,15,137,2.64,1,0,0,9,0,14,1,0
hardcoded-secret,CWE-798,0,1,1,0,0,16,4,88,2.07,0,1,0,3,0,50,0,0
insecure-deserialize,CWE-502,1,0,1,0,0,19,22,297,1.56,0,0,0,1,0,0,1,0
ssrf-request,CWE-918,1,0,1,0,0,17,21,302,1.94,1,0,0,6,0,37,1,1
path-traversal,CWE-22,0,0,1,0,0,14,1,311,3.0,1,1,1,0,1,48,0,0
insecure-deserialize,CWE-502,1,0,1,1,0,2,15,380,1.92,0,0,0,7,0,45,0,0
insecure-deserialize,CWE-502,0,1,1,0,0,17,6,196,2.37,1,1,0,5,0,7,0,0
path-traversal,CWE-22,1,0,1,0,0,18,27,391,4.34,1,1,0,9,1,35,1,0
insecure-deserialize,CWE-502,0,1,0,0,0,11,25,122,3.57,1,0,0,5,0,30,0,0
path-traversal,CWE-22,0,1,0,0,0,1,12,62,3.89,1,1,0,1,1,34,0,0
hardcoded-secret,CWE-798,1,0,0,0,1,1,27,113,2.95,1,0,0,8,1,7,1,1
insecure-deserialize,CWE-502,0,1,0,0,0,4,16,143,1.51,0,0,1,8,0,13,0,1
path-traversal,CWE-22,1,0,0,1,0,14,25,284,4.29,0,0,0,6,0,26,0,1
path-traversal,CWE-22,1,0,1,0,0,12,19,202,2.85,1,1,0,0,0,47,1,0
path-traversal,CWE-22,0,1,0,0,0,6,11,372,3.98,0,0,0,5,1,33,1,0
xss-unescaped,CWE-79,0,1,1,0,0,12,26,261,3.39,0,0,0,1,0,18,0,0
hardcoded-secret,CWE-798,0,1,1,0,0,4,13,214,1.54,1,0,0,10,0,24,1,0
sqli-concat,CWE-89,0,1,0,0,0,15,22,355,2.57,1,1,0,0,1,35,0,0
xss-unescaped,CWE-79,1,0,0,0,0,19,20,369,1.61,1,1,0,5,0,22,0,1
insecure-deserialize,CWE-502,0,1,0,0,0,13,10,269,1.92,1,1,1,1,0,33,0,0
xss-unescaped,CWE-79,1,0,0,0,0,10,28,349,3.5,1,1,0,10,0,49,0,1
insecure-deserialize,CWE-502,0,1,1,0,0,18,1,159,3.6,1,1,0,5,0,0,1,0
sqli-concat,CWE-89,1,0,0,0,0,17,15,127,1.72,0,1,1,8,1,6,0,0
sqli-concat,CWE-89,0,1,1,0,0,6,18,69,2.59,1,1,0,6,0,9,1,0
path-traversal,CWE-22,0,0,0,1,0,8,14,75,1.88,1,1,0,2,1,37,1,0
path-traversal,CWE-22,1,0,1,0,0,2,18,50,3.39,1,0,0,3,0,5,1,1
path-traversal,CWE-22,0,1,0,1,1,6,13,62,2.3,1,1,0,6,0,16,1,0
sqli-concat,CWE-89,1,0,0,0,0,10,12,369,3.48,0,1,0,4,1,23,1,0
sqli-concat,CWE-89,0,0,1,0,0,9,20,279,2.96,0,0,1,3,0,38,1,0
hardcoded-secret,CWE-798,0,1,0,0,0,14,1,380,3.9,0,1,0,4,0,10,1,0
insecure-deserialize,CWE-502,0,0,1,0,0,5,11,200,2.52,0,0,1,6,1,5,0,0
ssrf-request,CWE-918,1,0,0,1,0,12,12,57,4.03,1,1,1,10,0,9,1,0
hardcoded-secret,CWE-798,0,1,1,1,0,17,21,51,3.03,0,0,0,7,0,25,0,0
xss-unescaped,CWE-79,1,0,0,0,0,6,22,336,2.14,0,0,0,7,0,15,0,1
xss-unescaped,CWE-79,1,0,0,0,0,14,15,169,2.8,0,1,1,8,1,40,1,0
hardcoded-secret,CWE-798,0,1,1,0,0,7,26,57,2.1,1,0,1,6,0,16,0,0
insecure-deserialize,CWE-502,1,0,0,0,0,14,29,244,3.44,0,0,0,6,0,45,0,1
sqli-concat,CWE-89,1,0,1,0,0,11,8,174,1.62,0,0,0,10,0,42,0,1
ssrf-request,CWE-918,0,0,1,0,0,18,27,25,1.97,0,0,1,3,0,44,1,0
xss-unescaped,CWE-79,0,0,1,0,0,8,19,267,3.13,1,0,0,1,1,37,0,1
sqli-concat,CWE-89,1,0,1,0,0,14,28,113,2.21,0,1,0,2,0,41,0,0
xss-unescaped,CWE-79,1,0,1,0,1,20,5,94,4.3,0,0,1,6,1,6,0,0
hardcoded-secret,CWE-798,0,1,0,0,0,17,10,36,1.73,1,0,0,9,1,4,0,0
ssrf-request,CWE-918,1,0,1,0,0,14,17,222,2.76,0,1,0,6,0,43,0,1
sqli-concat,CWE-89,1,0,0,0,0,8,16,120,1.66,1,0,1,3,0,12,0,1
ssrf-request,CWE-918,0,0,0,0,0,13,6,223,3.89,0,1,0,8,1,41,1,0
ssrf-request,CWE-918,0,0,0,0,1,8,18,80,4.17,0,0,0,9,0,43,0,0
hardcoded-secret,CWE-798,1,0,0,0,0,19,22,366,2.25,1,1,1,5,0,41,0,1
ssrf-request,CWE-918,1,0,1,0,0,9,15,299,1.66,0,1,1,3,0,38,0,0
path-traversal,CWE-22,1,0,1,1,1,12,21,28,2.34,0,1,0,0,1,31,1,0
sqli-concat,CWE-89,0,0,0,0,0,5,4,342,4.14,1,0,0,3,0,48,1,1
insecure-deserialize,CWE-502,1,0,1,0,0,4,2,62,2.44,0,0,0,0,1,27,0,1
xss-unescaped,CWE-79,1,0,0,0,0,7,3,218,3.73,1,1,1,3,0,24,0,1
hardcoded-secret,CWE-798,0,0,0,0,0,3,16,63,3.57,1,1,0,4,0,48,0,1
ssrf-request,CWE-918,1,0,0,0,0,20,29,383,1.53,1,1,1,3,0,10,1,1
xss-unescaped,CWE-79,1,0,1,0,0,14,8,205,2.05,0,0,0,8,1,24,1,0
sqli-concat,CWE-89,0,1,1,0,0,14,1,106,2.38,0,1,1,7,0,5,1,0
ssrf-request,CWE-918,0,1,1,0,0,11,7,97,1.89,1,1,0,1,0,29,0,0
path-traversal,CWE-22,0,0,1,1,0,11,28,78,1.78,1,0,0,8,0,23,1,0
path-traversal,CWE-22,1,0,0,0,0,7,15,58,4.27,1,0,0,0,0,25,1,1
hardcoded-secret,CWE-798,1,0,0,0,0,16,24,22,2.08,0,0,1,6,1,5,1,0
sqli-concat,CWE-89,1,0,0,0,0,2,4,73,3.52,0,0,0,8,0,41,0,1
path-traversal,CWE-22,0,0,0,1,0,16,19,214,2.57,1,0,0,9,0,49,1,0
hardcoded-secret,CWE-798,0,1,0,0,0,15,18,96,4.06,1,1,0,2,0,42,0,0
sqli-concat,CWE-89,1,0,1,0,0,10,22,222,4.33,0,0,0,0,0,18,0,1
insecure-deserialize,CWE-502,0,0,1,1,0,9,13,48,2.17,1,0,0,5,0,15,1,0
insecure-deserialize,CWE-502,1,0,1,0,0,3,28,273,2.36,0,0,0,6,1,17,1,0
sqli-concat,CWE-89,1,0,0,0,0,10,4,69,3.57,0,0,0,4,0,47,0,1
insecure-deserialize,CWE-502,0,0,1,0,0,2,21,267,3.11,1,1,0,0,0,49,0,1
sqli-concat,CWE-89,1,0,0,0,0,11,21,162,3.42,1,0,0,3,0,41,1,1
xss-unescaped,CWE-79,1,0,1,0,1,14,17,204,1.97,0,0,0,7,1,20,0,0
hardcoded-secret,CWE-798,0,0,1,0,0,4,17,187,3.36,1,1,0,9,0,36,0,1
hardcoded-secret,CWE-798,1,0,0,0,0,16,30,312,1.96,1,1,0,6,0,3,1,1
xss-unescaped,CWE-79,0,1,0,0,0,4,3,325,2.54,1,0,0,8,0,39,0,1
ssrf-request,CWE-918,0,1,0,0,0,4,5,361,3.97,1,0,1,2,1,10,0,0
xss-unescaped,CWE-79,0,0,1,0,0,16,5,197,1.51,0,1,1,6,0,11,1,0
insecure-deserialize,CWE-502,0,1,0,0,0,6,16,354,3.63,0,1,0,3,0,16,0,0
sqli-concat,CWE-89,1,0,0,0,0,9,6,37,2.82,1,1,0,10,0,4,1,1
xss-unescaped,CWE-79,1,0,0,1,0,11,19,89,3.49,1,0,1,10,1,0,1,0
hardcoded-secret,CWE-798,1,0,1,0,0,20,8,222,2.39,1,0,0,5,0,14,0,1
path-traversal,CWE-22,0,0,0,0,0,11,4,72,3.48,0,0,0,0,0,12,1,0
insecure-deserialize,CWE-502,0,0,1,0,0,19,9,288,4.0,0,0,0,2,0,10,0,0
ssrf-request,CWE-918,1,0,0,0,0,11,29,380,4.08,1,0,0,1,0,0,1,1
ssrf-request,CWE-918,1,0,0,0,0,6,4,135,4.35,0,0,0,0,0,39,0,1
path-traversal,CWE-22,0,1,0,0,0,3,30,249,4.03,0,0,0,10,0,41,1,0
insecure-deserialize,CWE-502,0,0,0,0,0,7,15,51,3.51,1,0,0,5,0,1,1,1
path-traversal,CWE-22,0,0,1,1,0,12,11,352,4.33,0,1,0,1,0,49,0,0
insecure-deserialize,CWE-502,0,0,1,0,0,5,24,293,2.34,0,1,0,5,0,4,1,0
path-traversal,CWE-22,1,0,0,0,0,8,7,400,1.6,1,1,0,7,0,42,1,1
xss-unescaped,CWE-79,0,0,0,0,1,3,23,240,3.59,1,1,0,0,0,31,0,1
insecure-deserialize,CWE-502,0,0,1,0,1,8,16,272,3.37,0,0,0,10,0,1,1,0
sqli-concat,CWE-89,0,0,0,0,0,12,17,86,1.64,0,1,0,4,0,44,1,0
xss-unescaped,CWE-79,1,0,1,0,0,16,8,95,2.58,1,0,1,5,1,36,0,0
hardcoded-secret,CWE-798,0,1,1,0,1,4,5,32,3.94,0,1,0,10,1,1,0,0
hardcoded-secret,CWE-798,1,0,0,1,0,18,4,311,3.31,1,1,0,6,0,45,1,0
insecure-deserialize,CWE-502,0,1,1,0,1,6,2,181,2.28,1,0,1,5,1,42,1,0
path-traversal,CWE-22,1,0,1,0,0,6,2,79,3.69,1,0,0,0,0,16,0,1
hardcoded-secret,CWE-798,0,1,0,0,0,16,1,312,1.72,1,1,0,8,0,3,0,0
sqli-concat,CWE-89,1,0,0,0,0,14,9,203,2.26,0,1,0,8,1,22,0,0
hardcoded-secret,CWE-798,1,0,0,0,0,18,19,329,1.93,1,0,0,6,0,12,0,1
insecure-deserialize,CWE-502,1,0,1,0,0,3,17,77,2.01,1,1,0,10,0,35,0,1
hardcoded-secret,CWE-798,1,0,0,0,0,4,11,31,2.82,0,1,0,10,0,17,1,1
path-traversal,CWE-22,1,0,0,0,0,4,21,40,3.57,0,0,0,7,0,3,0,1
hardcoded-secret,CWE-798,1,0,1,0,0,17,9,169,2.33,1,1,1,10,0,48,0,0
hardcoded-secret,CWE-798,1,0,0,1,0,18,8,114,3.03,0,0,1,10,0,47,1,0
path-traversal,CWE-22,0,1,1,1,0,3,23,156,4.25,1,0,1,9,0,24,1,0
ssrf-request,CWE-918,1,0,1,0,0,19,5,349,3.75,1,0,0,7,1,30,1,1
insecure-deserialize,CWE-502,1,0,1,0,0,19,16,125,2.86,0,1,1,5,0,6,1,0
sqli-concat,CWE-89,1,0,0,0,0,19,15,176,2.82,1,1,0,6,1,44,0,1
ssrf-request,CWE-918,0,0,1,0,0,9,5,195,3.23,0,0,0,9,0,0,1,0
path-traversal,CWE-22,1,0,1,0,0,1,21,211,4.04,0,1,0,10,0,17,1,0
path-traversal,CWE-22,1,0,0,0,0,12,26,250,4.04,0,0,1,0,0,23,1,0
hardcoded-secret,CWE-798,1,0,1,0,0,20,23,338,4.13,1,0,0,10,0,16,1,1
insecure-deserialize,CWE-502,1,0,1,0,0,11,23,362,3.46,1,0,0,5,0,11,0,1
insecure-deserialize,CWE-502,1,0,0,1,0,11,7,25,3.56,1,0,0,2,0,36,1,0
insecure-deserialize,CWE-502,1,0,0,1,0,18,19,159,4.02,1,1,0,6,1,39,0,0
insecure-deserialize,CWE-502,0,1,1,0,1,10,9,296,2.02,1,0,0,0,0,30,1,0
sqli-concat,CWE-89,1,0,1,0,0,16,28,259,3.54,1,1,0,4,0,4,0,1
path-traversal,CWE-22,0,1,1,0,0,16,26,108,2.53,0,0,0,1,0,39,1,0
ssrf-request,CWE-918,0,1,0,0,0,16,22,43,1.56,0,1,1,9,0,13,1,0
hardcoded-secret,CWE-798,0,0,1,0,0,6,25,162,3.37,0,0,0,10,0,22,0,1
sqli-concat,CWE-89,0,1,1,1,0,2,8,54,4.47,1,0,0,5,0,6,0,0
insecure-deserialize,CWE-502,0,0,0,0,0,19,27,50,4.48,1,1,0,10,0,9,0,1
ssrf-request,CWE-918,1,0,0,0,0,7,24,266,2.57,1,0,0,4,0,30,1,1
xss-unescaped,CWE-79,1,0,1,0,0,8,1,394,2.04,0,0,1,9,0,4,1,0
xss-unescaped,CWE-79,1,0,0,1,0,11,12,121,1.97,0,1,1,10,0,43,0,0
insecure-deserialize,CWE-502,1,0,0,0,0,18,23,256,3.79,0,1,1,1,1,33,1,0
path-traversal,CWE-22,0,1,1,0,0,18,13,335,1.75,1,1,0,2,0,39,1,0
hardcoded-secret,CWE-798,0,1,0,0,0,16,8,58,3.5,0,1,0,1,1,0,1,0
sqli-concat,CWE-89,0,0,1,0,0,8,15,48,4.47,1,1,0,1,0,25,0,0
hardcoded-secret,CWE-798,1,0,0,0,0,7,12,127,4.21,0,0,0,8,0,25,1,1
xss-unescaped,CWE-79,0,0,1,0,1,2,24,377,3.65,1,1,0,1,1,28,1,0
path-traversal,CWE-22,0,1,0,0,0,4,23,378,4.49,1,0,0,3,1,30,0,0
sqli-concat,CWE-89,0,0,1,0,1,14,6,59,3.98,0,0,1,10,1,0,0,0
path-traversal,CWE-22,0,0,1,0,1,19,14,226,1.66,1,0,1,4,0,34,0,0
hardcoded-secret,CWE-798,1,0,0,0,0,18,23,35,4.48,1,1,0,5,1,4,0,1
ssrf-request,CWE-918,1,0,1,0,0,5,16,227,3.3,1,1,1,9,0,3,1,0
hardcoded-secret,CWE-798,1,0,1,0,0,16,12,24,4.01,1,1,1,0,0,16,1,0
sqli-concat,CWE-89,1,0,1,1,0,4,24,285,1.98,0,0,0,8,1,6,1,0
sqli-concat,CWE-89,1,0,0,1,0,19,16,363,3.86,1,0,0,6,0,35,1,1
hardcoded-secret,CWE-798,0,1,1,0,0,3,29,173,4.22,0,1,1,6,0,40,0,0
ssrf-request,CWE-918,0,1,0,0,0,4,8,244,3.51,0,1,0,9,1,28,0,0
hardcoded-secret,CWE-798,0,1,0,0,0,19,22,278,1.85,0,1,1,10,0,28,0,0
sqli-concat,CWE-89,1,0,0,1,0,8,14,204,3.23,0,1,0,1,0,20,1,0
sqli-concat,CWE-89,1,0,0,0,0,1,26,273,2.8,1,1,1,1,1,34,0,1
sqli-concat,CWE-89,1,0,1,0,0,6,17,165,4.42,1,0,0,6,1,30,0,1
path-traversal,CWE-22,1,0,1,0,0,3,20,391,1.98,0,1,0,1,0,0,0,1
sqli-concat,CWE-89,1,0,0,0,0,6,24,206,3.37,0,1,1,7,1,17,0,0
ssrf-request,CWE-918,0,0,0,0,0,19,26,157,3.92,1,0,0,10,1,21,1,0
xss-unescaped,CWE-79,0,0,1,0,0,1,28,306,3.12,1,0,1,6,1,10,0,0
insecure-deserialize,CWE-502,1,0,0,0,0,8,29,210,4.28,0,1,0,7,1,48,0,0
path-traversal,CWE-22,1,0,0,1,0,13,29,197,3.13,0,1,1,0,0,23,0,0
path-traversal,CWE-22,1,0,0,1,0,2,20,95,2.03,1,0,1,0,0,17,0,1
ssrf-request,CWE-918,1,0,1,0,0,18,16,69,3.95,0,1,1,0,1,40,0,0
path-traversal,CWE-22,1,0,1,0,0,17,10,143,4.05,0,0,1,4,0,14,1,0
insecure-deserialize,CWE-502,1,0,0,0,0,20,23,341,2.99,1,0,0,9,1,18,1,1
path-traversal,CWE-22,0,1,0,0,0,16,1,84,2.97,0,0,1,6,0,7,0,0
sqli-concat,CWE-89,0,1,0,1,1,4,29,339,3.14,1,1,0,3,1,32,0,0
ssrf-request,CWE-918,1,0,0,0,0,1,13,101,3.03,0,1,0,5,0,0,1,0
insecure-deserialize,CWE-502,0,1,0,0,0,12,29,48,1.85,1,1,0,7,0,30,1,0
sqli-concat,CWE-89,1,0,0,0,0,20,24,374,1.86,1,0,0,5,1,18,0,1
xss-unescaped,CWE-79,0,0,1,0,0,2,9,396,4.43,1,0,0,2,0,44,0,1
path-traversal,CWE-22,1,0,1,0,0,15,27,333,2.11,0,1,0,3,0,24,0,1
hardcoded-secret,CWE-798,1,0,0,0,0,2,15,61,1.95,0,0,0,9,1,39,0,1
xss-unescaped,CWE-79,1,0,0,0,0,14,13,316,2.36,1,0,1,5,0,12,0,1
insecure-deserialize,CWE-502,1,0,1,0,0,20,26,163,2.62,0,1,0,8,0,6,1,0
path-traversal,CWE-22,0,0,1,0,0,19,16,230,3.84,0,0,0,4,0,13,0,0
xss-unescaped,CWE-79,0,0,1,0,0,5,11,33,3.33,0,1,0,0,0,19,0,0
ssrf-request,CWE-918,1,0,1,0,0,10,15,40,3.94,1,0,0,7,0,46,1,1
path-traversal,CWE-22,0,1,0,0,0,16,7,291,1.67,0,0,0,0,0,1,0,0
ssrf-request,CWE-918,0,1,1,0,1,15,12,70,3.07,0,0,0,8,0,50,1,0
xss-unescaped,CWE-79,1,0,1,0,0,6,17,352,3.45,1,0,0,6,1,32,0,1
xss-unescaped,CWE-79,1,0,0,0,0,6,12,107,3.13,1,0,0,1,0,38,0,1
xss-unescaped,CWE-79,1,0,0,0,0,20,26,253,4.48,0,0,0,0,0,16,0,1
ssrf-request,CWE-918,1,0,1,0,1,17,15,302,3.22,1,0,0,6,1,20,1,0
insecure-deserialize,CWE-502,1,0,0,0,1,6,4,130,1.71,0,1,0,6,0,20,1,0
insecure-deserialize,CWE-502,1,0,0,0,0,17,16,391,3.17,0,1,0,10,1,45,0,0
path-traversal,CWE-22,0,0,1,0,1,17,17,274,1.57,0,1,1,5,0,40,0,0
xss-unescaped,CWE-79,1,0,0,0,0,10,27,105,4.42,1,1,0,2,0,38,1,1
insecure-deserialize,CWE-502,1,0,0,0,0,4,16,298,1.98,0,1,0,9,0,27,0,1
sqli-concat,CWE-89,1,0,0,1,0,15,17,160,3.64,0,0,0,7,0,24,0,0
sqli-concat,CWE-89,1,0,1,0,0,11,21,84,2.45,1,0,0,8,1,25,1,1
xss-unescaped,CWE-79,0,0,1,0,0,14,16,335,2.31,0,0,0,4,0,33,0,0
path-traversal,CWE-22,0,1,0,1,0,20,5,123,4.0,1,0,0,10,1,27,1,0
xss-unescaped,CWE-79,1,0,1,1,0,2,8,204,2.7,0,1,0,10,1,45,1,0
ssrf-request,CWE-918,0,1,0,0,0,12,1,351,2.7,0,0,1,6,1,24,0,0
ssrf-request,CWE-918,1,0,0,0,0,2,19,62,1.52,1,1,0,10,0,20,1,1
hardcoded-secret,CWE-798,1,0,0,0,0,4,16,285,4.11,0,1,0,10,0,0,1,1
xss-unescaped,CWE-79,0,1,1,0,0,7,2,275,3.82,0,1,1,5,1,25,0,0
sqli-concat,CWE-89,1,0,0,0,0,13,25,53,4.09,0,0,0,4,0,9,1,1
sqli-concat,CWE-89,0,1,1,0,0,15,14,151,2.24,1,1,0,6,0,22,0,0
hardcoded-secret,CWE-798,0,1,1,1,0,9,3,61,4.49,1,1,0,8,0,31,1,0
hardcoded-secret,CWE-798,1,0,1,0,0,6,2,153,3.67,1,0,1,8,1,10,0,1
sqli-concat,CWE-89,0,1,1,0,1,1,30,357,2.24,0,1,0,4,0,49,1,0
xss-unescaped,CWE-79,0,0,1,0,1,15,17,239,4.35,1,0,0,7,1,8,1,0
insecure-deserialize,CWE-502,1,0,1,1,0,16,5,398,3.92,1,0,0,0,0,40,0,0
sqli-concat,CWE-89,0,1,1,0,0,6,20,280,2.0,0,1,0,2,0,32,0,0
path-traversal,CWE-22,1,0,1,1,0,16,25,45,4.4,0,1,0,1,0,41,1,0
path-traversal,CWE-22,0,1,1,0,0,12,29,213,2.55,0,0,0,4,0,45,1,0
insecure-deserialize,CWE-502,0,0,1,1,0,7,3,395,2.22,1,0,0,7,0,50,1,0
hardcoded-secret,CWE-798,0,1,0,1,0,4,5,287,1.99,0,0,0,10,0,42,0,0
hardcoded-secret,CWE-798,1,0,1,0,0,18,17,318,2.15,1,0,0,5,1,28,0,1
ssrf-request,CWE-918,1,0,0,0,0,5,13,362,2.15,0,1,0,3,0,21,1,0
xss-unescaped,CWE-79,0,1,0,0,1,16,2,266,3.04,0,1,0,8,0,42,1,0
xss-unescaped,CWE-79,0,1,0,0,0,4,26,285,2.4,0,0,1,5,0,45,0,0
ssrf-request,CWE-918,0,1,0,0,0,1,4,234,3.91,1,1,0,4,0,34,1,0
sqli-concat,CWE-89,1,0,1,0,0,7,7,56,4.43,0,0,1,3,0,31,1,0
path-traversal,CWE-22,0,1,0,1,0,13,12,342,1.65,0,0,1,2,0,27,1,0
insecure-deserialize,CWE-502,1,0,1,0,1,1,12,81,3.41,0,0,1,6,0,39,0,0
hardcoded-secret,CWE-798,0,1,1,1,0,7,6,393,3.17,0,1,0,6,1,11,1,0
ssrf-request,CWE-918,1,0,1,0,0,3,24,198,1.99,0,1,0,10,0,20,1,0
ssrf-request,CWE-918,0,0,1,1,0,10,9,354,3.33,0,1,0,5,1,36,1,0
xss-unescaped,CWE-79,1,0,0,0,0,1,19,386,3.99,1,0,1,7,1,14,1,1
ssrf-request,CWE-918,1,0,0,0,0,2,11,365,1.83,1,0,0,1,1,12,0,1
insecure-deserialize,CWE-502,1,0,1,0,0,1,16,201,3.24,1,1,0,1,0,25,1,1
insecure-deserialize,CWE-502,1,0,0,1,0,11,2,386,2.31,0,0,0,2,0,23,1,0
path-traversal,CWE-22,1,0,1,0,0,14,28,348,4.04,1,1,0,3,1,37,1,0
path-traversal,CWE-22,1,0,0,0,0,11,1,241,3.06,0,0,0,9,1,27,0,1
sqli-concat,CWE-89,1,0,1,0,1,14,27,70,4.01,1,0,1,7,0,50,0,1
hardcoded-secret,CWE-798,0,1,0,0,0,1,16,383,3.08,1,0,0,0,1,41,1,1
sqli-concat,CWE-89,1,0,0,0,0,2,14,223,1.87,0,1,1,7,0,36,0,1
hardcoded-secret,CWE-798,0,0,1,0,0,19,21,368,2.91,0,0,0,4,0,2,1,0
insecure-deserialize,CWE-502,0,1,1,0,0,3,28,96,1.95,0,0,0,7,0,19,1,0
path-traversal,CWE-22,0,1,0,0,0,20,13,291,3.72,1,0,0,4,1,11,0,0
sqli-concat,CWE-89,0,1,0,1,0,9,16,190,3.27,0,0,1,3,0,9,0,0
sqli-concat,CWE-89,1,0,1,0,0,17,3,161,1.55,0,1,1,6,0,38,0,0
insecure-deserialize,CWE-502,0,1,0,0,0,11,2,310,2.34,0,0,0,9,0,15,1,0
ssrf-request,CWE-918,0,0,0,1,0,20,3,206,1.82,0,1,1,0,0,28,0,0
hardcoded-secret,CWE-798,1,0,1,0,0,9,2,197,3.55,1,0,0,3,0,9,1,1
ssrf-request,CWE-918,0,0,0,0,0,18,20,47,1.56,1,0,0,8,0,18,1,1
sqli-concat,CWE-89,1,0,1,1,0,13,4,72,2.93,0,1,0,0,0,30,0,0
ssrf-request,CWE-918,0,1,1,0,0,9,22,25,2.26,1,1,0,2,0,0,0,0
xss-unescaped,CWE-79,0,0,0,0,0,17,28,231,1.78,1,0,1,10,0,19,1,1
path-traversal,CWE-22,1,0,0,0,1,19,27,197,4.09,0,1,0,9,0,0,0,0
path-traversal,CWE-22,0,0,1,1,0,5,5,246,4.26,1,0,0,9,0,43,0,0
path-traversal,CWE-22,0,0,1,0,0,9,7,375,2.33,0,0,0,10,0,7,1,0
insecure-deserialize,CWE-502,1,0,1,0,0,9,25,71,3.52,0,0,0,5,1,15,0,0
xss-unescaped,CWE-79,1,0,1,0,0,7,20,273,2.23,0,1,0,3,0,15,1,0
insecure-deserialize,CWE-502,0,0,0,0,0,16,26,314,4.16,1,0,0,7,0,14,1,1
sqli-concat,CWE-89,0,1,1,1,0,11,25,186,3.66,1,0,0,4,0,43,0,0
ssrf-request,CWE-918,1,0,0,0,0,12,17,245,3.75,1,0,1,2,0,23,1,1
insecure-deserialize,CWE-502,0,1,0,0,0,12,12,295,1.9,1,0,1,10,0,26,1,0
hardcoded-secret,CWE-798,0,0,0,0,1,5,21,250,3.74,0,1,1,4,1,28,1,0
hardcoded-secret,CWE-798,1,0,1,0,1,16,3,141,4.46,1,0,0,5,0,11,0,1
xss-unescaped,CWE-79,0,0,1,0,0,11,15,372,3.74,1,1,0,4,0,10,1,0
path-traversal,CWE-22,0,0,0,0,0,7,26,163,3.81,1,0,0,10,1,7,0,0
ssrf-request,CWE-918,0,1,0,0,0,13,2,393,2.8,0,1,0,0,1,42,0,0
ssrf-request,CWE-918,0,0,0,0,0,19,17,394,2.63,0,1,0,7,1,6,0,0
xss-unescaped,CWE-79,1,0,0,0,1,12,13,326,2.5,1,0,0,0,0,24,1,1
sqli-concat,CWE-89,0,0,1,0,0,17,18,334,3.25,0,1,1,8,0,0,1,0
sqli-concat,CWE-89,1,0,0,1,0,7,23,224,1.58,1,0,0,5,1,42,1,0
hardcoded-secret,CWE-798,1,0,0,0,0,16,5,77,4.02,1,1,1,3,1,50,0,1
sqli-concat,CWE-89,0,0,1,0,0,10,23,143,1.64,1,1,0,6,0,50,1,0
xss-unescaped,CWE-79,0,0,0,0,0,17,28,261,2.34,0,0,0,2,1,22,1,0
hardcoded-secret,CWE-798,1,0,0,0,0,5,22,128,1.82,0,1,1,0,0,45,0,0
xss-unescaped,CWE-79,1,0,1,0,0,18,3,60,3.1,0,0,0,0,1,7,1,0
hardcoded-secret,CWE-798,0,1,0,1,0,3,18,310,1.81,0,0,1,0,1,4,1,0
ssrf-request,CWE-918,0,1,0,0,0,6,5,119,3.13,0,1,1,2,0,36,0,0
ssrf-request,CWE-918,1,0,0,0,0,9,13,335,2.66,0,1,0,7,0,31,0,0
sqli-concat,CWE-89,1,0,1,0,0,19,18,23,2.8,0,1,0,3,0,7,1,0
insecure-deserialize,CWE-502,0,1,0,0,0,3,2,179,4.03,1,0,0,0,1,23,0,1
insecure-deserialize,CWE-502,1,0,0,0,0,5,1,322,2.69,0,1,1,7,0,40,0,0
hardcoded-secret,CWE-798,1,0,1,0,0,8,19,45,2.17,1,1,0,3,0,37,1,0
ssrf-request,CWE-918,0,0,0,0,0,10,4,220,1.92,1,0,0,4,0,15,0,1
hardcoded-secret,CWE-798,1,0,1,0,0,1,8,315,2.27,1,1,0,10,1,18,1,0
insecure-deserialize,CWE-502,1,0,0,0,0,17,4,350,4.24,0,0,0,6,1,6,0,0
path-traversal,CWE-22,0,0,1,0,1,2,15,195,1.86,0,1,1,7,0,22,0,0
hardcoded-secret,CWE-798,1,0,0,1,1,6,22,94,3.52,1,0,0,10,0,27,1,0
xss-unescaped,CWE-79,0,0,0,0,0,18,16,61,4.17,1,1,0,7,0,18,0,1
hardcoded-secret,CWE-798,1,0,0,0,1,16,4,371,4.22,1,1,0,4,0,23,1,1
sqli-concat,CWE-89,0,0,0,0,0,1,14,388,3.25,0,1,0,4,0,28,0,0
ssrf-request,CWE-918,1,0,0,0,0,3,2,332,1.57,0,1,0,10,0,16,1,0
insecure-deserialize,CWE-502,1,0,1,0,0,7,14,23,2.82,0,1,0,2,0,21,1,0
xss-unescaped,CWE-79,0,0,1,0,0,15,14,115,4.48,1,1,1,7,0,43,0,0
sqli-concat,CWE-89,1,0,0,1,0,15,20,38,2.55,0,0,0,9,0,48,1,0
ssrf-request,CWE-918,0,0,0,0,0,14,21,358,4.43,0,0,1,6,0,17,1,0
path-traversal,CWE-22,1,0,1,0,0,12,13,106,2.49,1,1,0,10,0,19,0,0
ssrf-request,CWE-918,0,1,1,1,0,19,19,107,3.04,0,1,0,1,0,33,0,0
hardcoded-secret,CWE-798,1,0,0,0,0,6,30,364,4.11,1,1,1,1,0,7,0,1
hardcoded-secret,CWE-798,0,0,0,1,0,11,7,27,4.41,0,0,1,3,0,33,1,0
sqli-concat,CWE-89,0,1,1,0,0,13,19,92,3.59,0,0,0,7,1,37,1,0
sqli-concat,CWE-89,1,0,1,0,0,10,12,381,2.33,0,1,0,7,1,30,0,0
ssrf-request,CWE-918,1,0,0,0,0,11,24,210,2.74,1,1,0,9,0,47,1,1
xss-unescaped,CWE-79,0,1,0,0,0,9,8,270,3.77,0,0,0,6,1,43,0,0
hardcoded-secret,CWE-798,0,0,1,0,0,15,13,285,3.46,1,1,1,8,0,40,1,0
sqli-concat,CWE-89,1,0,0,0,0,16,26,23,1.98,0,1,0,7,0,42,0,1
path-traversal,CWE-22,0,0,0,0,0,3,17,154,2.08,1,1,0,6,1,9,1,0
sqli-concat,CWE-89,0,0,1,0,0,6,1,247,2.11,1,0,0,4,0,20,1,0
path-traversal,CWE-22,1,0,1,1,0,7,3,353,1.79,1,0,0,3,0,46,0,1
sqli-concat,CWE-89,1,0,0,0,0,2,4,172,3.14,0,1,0,6,0,33,0,1
insecure-deserialize,CWE-502,1,0,0,0,0,20,2,363,1.89,1,0,0,2,0,29,0,1
hardcoded-secret,CWE-798,1,0,0,1,0,18,15,131,3.79,0,0,0,3,0,33,0,0
xss-unescaped,CWE-79,1,0,0,0,1,19,24,123,3.06,1,1,0,3,0,41,0,1
hardcoded-secret,CWE-798,0,0,1,0,0,14,9,317,2.05,1,0,0,3,1,30,0,1
insecure-deserialize,CWE-502,0,1,0,0,0,12,12,126,3.48,0,0,1,1,0,31,0,0
path-traversal,CWE-22,0,0,0,0,0,3,30,391,2.92,1,0,0,7,0,0,1,1
xss-unescaped,CWE-79,1,0,1,0,0,3,1,193,3.58,0,1,0,1,0,32,0,0
path-traversal,CWE-22,0,1,0,1,1,2,25,304,4.18,0,1,0,8,0,27,1,0
xss-unescaped,CWE-79,1,0,0,0,0,14,19,284,3.69,0,0,0,10,0,32,1,1
sqli-concat,CWE-89,0,1,1,0,0,6,8,46,3.95,0,0,0,4,0,2,0,0
hardcoded-secret,CWE-798,0,0,0,0,0,15,4,101,1.61,1,0,0,7,0,21,1,0
xss-unescaped,CWE-79,0,1,1,0,0,16,30,133,3.91,1,1,1,0,1,48,0,0
ssrf-request,CWE-918,1,0,0,0,0,14,18,311,4.08,1,1,0,6,0,16,0,1
path-traversal,CWE-22,1,0,0,0,0,16,24,210,2.75,1,1,0,7,0,45,1,1
ssrf-request,CWE-918,1,0,0,0,0,9,11,278,2.2,0,1,0,8,1,10,0,0
ssrf-request,CWE-918,1,0,0,0,0,9,9,186,1.51,1,1,0,2,0,30,0,1
ssrf-request,CWE-918,1,0,0,1,0,4,24,21,4.39,1,0,1,9,0,14,0,1
hardcoded-secret,CWE-798,0,1,1,0,0,6,14,332,4.18,0,1,0,1,0,26,0,0
ssrf-request,CWE-918,1,0,0,1,0,17,7,339,3.87,0,0,0,0,0,30,1,0
ssrf-request,CWE-918,1,0,0,0,0,2,3,226,2.62,1,1,0,6,0,9,0,1
sqli-concat,CWE-89,1,0,0,0,0,13,2,192,4.47,1,0,0,6,0,1,1,1
path-traversal,CWE-22,0,1,0,0,0,7,3,245,2.64,0,1,0,5,0,29,0,0
ssrf-request,CWE-918,0,1,0,0,0,13,28,337,4.43,1,1,0,0,0,12,1,0
xss-unescaped,CWE-79,1,0,0,0,0,8,28,288,3.14,1,1,0,6,1,34,0,1
ssrf-request,CWE-918,1,0,1,0,0,2,10,75,2.37,1,0,1,8,0,21,0,1
xss-unescaped,CWE-79,1,0,0,1,0,8,28,250,3.34,0,0,1,9,0,18,1,0
xss-unescaped,CWE-79,0,0,0,0,0,9,28,385,2.47,0,0,0,5,0,50,1,0
xss-unescaped,CWE-79,0,0,1,0,1,14,12,248,4.09,1,0,0,5,0,50,0,0
hardcoded-secret,CWE-798,0,0,1,0,0,16,13,269,3.32,0,0,0,2,0,38,1,0
path-traversal,CWE-22,0,1,0,0,0,16,11,188,3.84,0,0,0,9,0,16,0,0
xss-unescaped,CWE-79,1,0,1,0,0,17,5,213,4.02,1,0,0,6,0,17,1,1
ssrf-request,CWE-918,1,0,0,0,1,16,17,237,2.2,1,0,0,3,0,2,1,1
ssrf-request,CWE-918,0,1,1,0,0,9,6,254,1.66,1,1,0,2,0,26,0,0
sqli-concat,CWE-89,1,0,1,0,0,6,18,263,2.33,1,0,1,3,0,16,1,1
sqli-concat,CWE-89,0,1,0,1,1,1,8,180,2.74,0,0,0,10,0,31,1,0
path-traversal,CWE-22,0,1,1,0,0,7,19,354,3.52,0,1,0,7,1,30,1,0
insecure-deserialize,CWE-502,1,0,0,0,0,16,25,266,1.7,1,1,0,8,0,25,0,1
xss-unescaped,CWE-79,1,0,0,0,0,4,8,25,4.32,1,0,0,9,0,19,0,1
ssrf-request,CWE-918,1,0,1,0,0,9,19,269,2.86,0,1,0,3,1,36,1,0
hardcoded-secret,CWE-798,0,0,0,0,0,13,6,44,4.22,0,0,1,9,0,16,0,0
ssrf-request,CWE-918,0,0,0,0,0,12,8,217,2.46,1,1,0,9,0,2,0,1
sqli-concat,CWE-89,0,0,0,0,0,11,5,173,1.54,0,1,0,5,0,17,0,0
path-traversal,CWE-22,1,0,1,1,0,3,21,109,2.94,0,0,0,5,0,39,1,0
xss-unescaped,CWE-79,0,0,1,0,0,11,15,221,4.39,0,1,0,6,0,0,0,0
sqli-concat,CWE-89,1,0,0,0,0,16,29,145,3.51,1,0,0,10,1,23,1,1
hardcoded-secret,CWE-798,1,0,0,0,1,2,8,297,2.34,1,0,0,4,0,4,0,1
insecure-deserialize,CWE-502,0,1,0,0,0,7,11,347,2.29,1,0,1,8,0,27,0,0
path-traversal,CWE-22,0,0,1,1,0,15,26,190,4.04,1,0,0,4,0,32,1,0
sqli-concat,CWE-89,1,0,0,0,0,2,25,197,3.51,1,1,0,1,0,25,0,1
insecure-deserialize,CWE-502,1,0,0,0,0,12,25,323,2.86,0,1,0,0,0,20,1,0
path-traversal,CWE-22,1,0,0,1,0,20,26,148,2.31,0,0,0,4,0,3,0,0
insecure-deserialize,CWE-502,0,0,1,1,0,2,16,306,2.99,1,0,0,0,0,17,0,0
xss-unescaped,CWE-79,0,1,0,0,0,11,22,206,3.81,1,1,1,8,0,31,1,0
path-traversal,CWE-22,1,0,1,0,0,8,27,137,3.28,1,0,0,9,0,5,1,1
path-traversal,CWE-22,1,0,0,0,0,17,28,27,3.54,1,0,0,8,0,28,0,1
sqli-concat,CWE-89,0,1,1,0,0,19,28,368,3.07,0,1,1,5,1,10,1,0
insecure-deserialize,CWE-502,1,0,1,0,1,7,30,100,2.84,1,1,0,5,0,37,0,0
insecure-deserialize,CWE-502,0,0,1,0,0,5,2,149,2.7,0,1,1,3,0,40,1,0
hardcoded-secret,CWE-798,1,0,1,1,0,7,20,105,1.62,1,1,0,7,0,6,1,0
sqli-concat,CWE-89,0,0,0,0,0,7,25,223,2.96,0,1,0,10,0,8,1,0
sqli-concat,CWE-89,1,0,1,0,0,9,16,53,4.47,0,1,0,5,0,8,0,0
ssrf-request,CWE-918,0,0,0,0,0,1,3,397,2.66,0,0,0,2,1,2,0,0
path-traversal,CWE-22,1,0,0,0,0,13,29,213,3.63,0,1,0,4,0,42,0,1
sqli-concat,CWE-89,1,0,1,0,0,5,28,173,2.65,1,1,0,6,0,25,0,1
path-traversal,CWE-22,1,0,0,0,0,15,17,292,4.16,1,0,0,0,0,10,0,1
ssrf-request,CWE-918,1,0,1,0,0,18,24,43,3.68,1,0,0,6,0,40,1,1
insecure-deserialize,CWE-502,1,0,1,0,0,12,15,323,1.56,0,1,0,5,0,48,1,0
path-traversal,CWE-22,0,0,0,0,0,16,17,164,3.12,1,0,0,0,0,18,1,1
xss-unescaped,CWE-79,0,1,0,0,0,20,27,298,2.02,0,0,0,6,1,29,1,0
hardcoded-secret,CWE-798,1,0,1,0,0,20,14,168,3.87,1,0,0,5,0,30,0,1
insecure-deserialize,CWE-502,0,0,0,0,0,12,17,103,1.77,0,1,1,10,0,1,0,0
insecure-deserialize,CWE-502,1,0,0,0,0,17,23,239,4.14,0,1,0,4,0,14,0,1
path-traversal,CWE-22,1,0,1,1,0,5,3,71,1.9,1,0,0,8,1,42,1,1
path-traversal,CWE-22,1,0,0,1,0,5,3,190,1.96,0,1,0,0,0,0,1,0
ssrf-request,CWE-918,1,0,1,0,0,10,4,168,2.92,1,1,0,5,0,29,1,1
xss-unescaped,CWE-79,1,0,0,0,0,15,30,214,3.12,1,1,1,3,0,36,1,1
sqli-concat,CWE-89,1,0,1,0,0,6,22,353,2.25,0,0,0,0,1,22,0,1
insecure-deserialize,CWE-502,1,0,0,0,0,4,20,332,4.34,0,0,0,10,0,31,0,1
hardcoded-secret,CWE-798,1,0,0,0,0,12,21,348,3.33,0,0,1,8,1,5,1,0
xss-unescaped,CWE-79,0,1,0,0,0,17,3,184,3.66,1,0,0,3,0,36,0,0
hardcoded-secret,CWE-798,0,0,1,1,0,9,27,310,2.11,1,0,0,8,0,39,0,0
hardcoded-secret,CWE-798,1,0,0,0,0,9,4,380,2.77,0,1,0,3,0,26,1,0
path-traversal,CWE-22,1,0,0,0,0,7,5,220,3.08,1,0,0,10,0,21,0,1
path-traversal,CWE-22,0,0,1,0,0,17,26,99,2.63,0,0,0,2,0,6,0,0
insecure-deserialize,CWE-502,1,0,1,1,0,8,9,23,2.27,1,1,0,7,0,45,0,0
xss-unescaped,CWE-79,1,0,1,0,0,13,17,189,4.32,0,0,0,1,0,15,1,0
insecure-deserialize,CWE-502,0,1,1,0,0,15,1,384,3.38,0,1,1,7,0,21,0,0
path-traversal,CWE-22,1,0,1,0,0,15,17,172,1.85,0,0,0,6,0,34,0,1
xss-unescaped,CWE-79,1,0,1,0,0,5,30,151,2.59,0,1,1,10,0,23,0,0
hardcoded-secret,CWE-798,0,1,1,0,0,12,10,228,1.82,0,0,0,1,0,49,1,0
xss-unescaped,CWE-79,0,0,0,1,1,11,17,148,2.35,0,0,0,7,0,28,1,0
insecure-deserialize,CWE-502,0,1,1,0,0,11,7,328,1.51,1,1,0,9,1,16,0,0
ssrf-request,CWE-918,0,0,0,0,0,18,20,395,1.98,0,1,0,1,0,48,1,0
hardcoded-secret,CWE-798,1,0,0,0,0,19,8,257,2.76,1,1,0,2,0,10,0,1
ssrf-request,CWE-918,1,0,1,0,0,14,2,26,3.16,0,0,1,8,0,0,0,0
sqli-concat,CWE-89,0,1,0,0,0,5,18,223,4.1,0,0,0,3,0,4,0,0
ssrf-request,CWE-918,0,1,0,1,0,7,28,382,3.27,1,0,0,4,0,44,0,0
ssrf-request,CWE-918,0,1,0,0,0,5,15,395,1.9,1,0,0,6,0,34,0,0
hardcoded-secret,CWE-798,0,1,0,0,0,18,16,350,3.47,1,0,0,2,1,47,0,1
xss-unescaped,CWE-79,1,0,1,0,0,17,12,253,4.04,0,1,0,3,0,38,0,0
path-traversal,CWE-22,0,0,1,0,0,18,16,207,2.12,0,1,0,9,0,48,0,0
insecure-deserialize,CWE-502,1,0,0,0,0,19,11,341,3.48,0,1,0,8,0,46,0,1
hardcoded-secret,CWE-798,1,0,1,1,0,3,26,56,3.19,0,1,0,8,0,50,1,0
ssrf-request,CWE-918,1,0,1,0,0,2,27,42,3.23,0,1,0,8,1,31,0,0
sqli-concat,CWE-89,0,0,1,0,0,1,3,311,4.21,0,1,0,10,0,39,0,0
hardcoded-secret,CWE-798,1,0,1,1,0,14,17,32,3.61,1,0,0,5,0,35,0,1
xss-unescaped,CWE-79,0,1,0,0,0,6,10,337,3.44,1,0,0,5,0,44,0,1
path-traversal,CWE-22,1,0,0,0,1,9,25,237,1.65,1,1,1,4,0,31,1,0
path-traversal,CWE-22,1,0,0,1,0,2,22,292,2.14,0,0,1,10,0,45,1,0
xss-unescaped,CWE-79,1,0,1,0,0,3,17,27,3.96,0,0,0,2,0,20,1,1
hardcoded-secret,CWE-798,1,0,0,0,1,14,18,354,3.75,1,1,0,7,0,22,1,1
xss-unescaped,CWE-79,1,0,1,0,0,13,29,296,2.58,1,1,0,8,0,10,1,1
hardcoded-secret,CWE-798,1,0,0,0,0,2,2,109,2.53,1,1,1,3,0,39,1,1
xss-unescaped,CWE-79,1,0,1,0,0,1,10,80,3.57,0,1,0,6,0,12,1,0
sqli-concat,CWE-89,1,0,1,0,0,3,17,73,3.27,0,1,1,5,0,22,1,0
ssrf-request,CWE-918,1,0,0,0,0,17,4,360,2.07,0,1,0,10,0,29,0,0
sqli-concat,CWE-89,0,0,1,0,0,15,10,119,2.64,0,1,0,7,0,16,0,0
insecure-deserialize,CWE-502,1,0,1,0,0,20,7,345,2.42,0,1,0,10,1,44,1,0
path-traversal,CWE-22,1,0,1,1,0,11,17,365,1.67,0,1,0,2,1,44,1,0
ssrf-request,CWE-918,0,0,1,0,0,3,5,234,1.56,1,1,0,10,1,34,1,0
hardcoded-secret,CWE-798,1,0,1,0,0,11,12,309,4.11,0,1,0,3,0,33,0,0
path-traversal,CWE-22,0,0,0,0,0,10,4,107,3.71,1,1,0,2,0,23,0,1
insecure-deserialize,CWE-502,0,1,1,0,1,16,3,72,3.8,1,1,1,5,0,50,1,0
ssrf-request,CWE-918,0,1,0,0,0,2,5,125,1.8,0,0,0,1,0,24,0,0
insecure-deserialize,CWE-502,1,0,1,0,0,10,9,126,2.12,0,0,0,6,1,13,0,0
insecure-deserialize,CWE-502,1,0,1,0,0,13,21,111,3.28,1,0,1,5,0,23,0,1
hardcoded-secret,CWE-798,0,1,0,0,0,7,22,215,4.27,1,1,0,2,0,40,0,0
insecure-deserialize,CWE-502,0,1,1,0,0,5,29,106,2.27,1,0,0,6,1,7,0,0
ssrf-request,CWE-918,0,0,1,0,0,17,30,329,1.91,0,0,0,8,0,48,1,0
path-traversal,CWE-22,0,0,1,0,0,12,13,142,3.03,0,0,0,3,0,49,1,0
hardcoded-secret,CWE-798,1,0,0,0,1,12,23,204,2.96,0,0,0,2,0,24,0,1
ssrf-request,CWE-918,1,0,0,0,0,15,29,209,1.58,1,0,0,10,1,22,1,1
ssrf-request,CWE-918,0,1,1,0,0,13,28,322,2.99,0,0,0,4,0,16,0,0
sqli-concat,CWE-89,0,1,0,0,0,19,4,39,3.98,1,0,0,3,0,15,1,0
ssrf-request,CWE-918,0,0,1,1,0,5,27,45,4.43,1,0,0,2,0,35,1,0
insecure-deserialize,CWE-502,0,1,0,0,0,5,21,167,4.29,0,1,0,2,0,15,0,0
xss-unescaped,CWE-79,0,0,0,0,1,4,7,86,2.84,0,0,0,3,0,41,1,0
ssrf-request,CWE-918,0,0,1,0,0,6,20,185,4.42,1,1,0,4,1,44,1,0
path-traversal,CWE-22,1,0,1,0,0,18,25,325,4.1,1,0,0,4,0,12,0,1
insecure-deserialize,CWE-502,1,0,0,0,0,13,8,141,2.63,0,0,0,5,0,46,0,1
path-traversal,CWE-22,0,1,0,0,0,19,5,169,2.46,1,1,1,3,0,47,0,0
insecure-deserialize,CWE-502,1,0,0,1,0,5,3,163,2.8,0,0,1,8,1,12,0,0
xss-unescaped,CWE-79,1,0,0,0,0,7,11,327,4.48,1,0,1,4,1,2,0,1
hardcoded-secret,CWE-798,1,0,0,0,1,11,30,102,2.06,1,1,0,10,0,42,0,1
ssrf-request,CWE-918,0,1,0,0,0,6,23,334,3.57,1,1,0,3,1,35,0,0
xss-unescaped,CWE-79,1,0,1,0,0,3,24,332,1.56,0,1,0,7,0,22,0,0
ssrf-request,CWE-918,0,1,1,0,0,6,24,377,3.54,1,0,0,1,0,38,1,0
ssrf-request,CWE-918,1,0,1,0,0,10,15,388,3.39,0,1,0,5,1,24,1,0
sqli-concat,CWE-89,1,0,0,0,0,5,15,358,1.5,0,1,1,10,0,16,0,0
sqli-concat,CWE-89,0,1,1,0,0,6,21,175,4.44,1,1,0,10,0,50,1,0
sqli-concat,CWE-89,1,0,1,0,0,2,8,122,2.77,1,1,1,2,0,20,1,1
insecure-deserialize,CWE-502,0,0,1,0,0,10,8,172,4.11,0,1,0,2,1,45,1,0
xss-unescaped,CWE-79,0,0,0,0,0,14,18,146,3.45,1,0,0,1,1,11,0,1
hardcoded-secret,CWE-798,0,1,1,0,0,10,15,301,2.89,1,1,0,8,0,14,0,0
path-traversal,CWE-22,0,1,0,0,0,3,24,38,1.83,1,0,0,9,0,8,0,1
sqli-concat,CWE-89,1,0,1,0,0,1,1,163,2.27,0,0,0,3,0,46,1,1
ssrf-request,CWE-918,0,0,1,0,0,7,1,385,4.37,1,0,0,0,0,42,1,0
insecure-deserialize,CWE-502,0,0,0,0,0,12,26,24,2.15,1,1,0,6,0,27,1,0
hardcoded-secret,CWE-798,0,1,0,0,0,8,12,56,2.5,1,0,0,2,1,30,0,0
insecure-deserialize,CWE-502,0,0,1,0,0,18,13,78,1.81,0,0,1,6,0,46,1,0
sqli-concat,CWE-89,1,0,0,0,0,20,7,154,1.84,1,1,0,4,1,31,0,1
hardcoded-secret,CWE-798,1,0,0,0,0,2,16,122,3.0,0,0,0,5,1,34,1,1
hardcoded-secret,CWE-798,0,1,0,0,0,14,24,37,3.72,0,1,1,3,1,26,0,0
sqli-concat,CWE-89,0,0,0,0,0,19,4,381,4.01,0,0,0,9,0,45,0,0
ssrf-request,CWE-918,0,0,1,1,0,10,24,59,2.51,1,0,1,4,0,19,1,0
sqli-concat,CWE-89,0,1,1,0,0,6,16,144,3.1,1,1,1,8,0,5,0,0
hardcoded-secret,CWE-798,0,0,0,0,0,15,5,158,2.07,1,1,0,8,0,24,1,1
path-traversal,CWE-22,0,0,1,0,0,5,9,47,3.01,1,0,0,3,0,48,0,1
hardcoded-secret,CWE-798,1,0,0,0,0,6,22,147,3.87,1,0,0,7,1,9,1,1
insecure-deserialize,CWE-502,0,0,1,0,0,13,2,369,3.19,1,0,1,0,0,0,0,0
ssrf-request,CWE-918,0,0,1,0,0,16,7,230,1.56,0,0,0,9,0,22,0,0
path-traversal,CWE-22,1,0,1,0,0,16,14,24,3.88,0,0,0,5,1,3,0,0
ssrf-request,CWE-918,0,0,1,0,0,6,12,44,3.58,0,1,1,5,1,18,1,0
sqli-concat,CWE-89,1,0,0,0,0,9,7,233,1.7,0,0,0,9,0,2,1,1
path-traversal,CWE-22,0,0,0,0,0,10,20,294,2.13,1,0,0,1,0,17,0,1
sqli-concat,CWE-89,1,0,1,0,0,12,1,374,4.49,1,0,1,5,0,12,0,1
hardcoded-secret,CWE-798,1,0,1,0,0,5,29,110,3.36,0,1,0,3,1,3,0,0
path-traversal,CWE-22,1,0,1,0,0,15,28,204,4.15,1,0,1,5,1,20,0,0
hardcoded-secret,CWE-798,1,0,1,0,0,5,16,20,3.05,1,0,1,0,0,34,0,1
sqli-concat,CWE-89,0,0,0,0,0,1,17,97,4.04,0,1,0,10,0,36,1,0
hardcoded-secret,CWE-798,1,0,1,0,0,13,13,63,3.19,1,1,0,9,0,14,1,1
insecure-deserialize,CWE-502,1,0,0,0,0,5,5,373,2.01,1,0,0,0,0,49,0,1
xss-unescaped,CWE-79,1,0,0,0,0,6,17,352,2.41,1,1,0,1,1,37,1,1
path-traversal,CWE-22,1,0,1,1,0,20,19,131,4.05,1,1,0,9,1,34,0,0
xss-unescaped,CWE-79,0,1,1,0,0,10,10,150,2.17,0,1,1,6,1,41,0,0
ssrf-request,CWE-918,0,1,1,0,0,15,20,176,2.83,0,0,0,2,1,1,0,0
xss-unescaped,CWE-79,1,0,0,0,0,18,30,195,1.97,1,0,0,2,0,27,1,1
path-traversal,CWE-22,0,1,0,0,0,13,29,238,4.12,1,0,0,2,1,26,1,0
ssrf-request,CWE-918,0,0,1,0,0,2,21,357,2.4,1,0,0,9,0,12,0,1
insecure-deserialize,CWE-502,1,0,1,1,1,13,20,31,3.07,1,1,1,2,0,25,1,0
xss-unescaped,CWE-79,0,0,0,0,0,7,1,265,1.55,0,0,1,8,0,33,1,0
sqli-concat,CWE-89,0,1,0,0,0,8,30,142,4.29,1,0,0,8,0,41,1,0
hardcoded-secret,CWE-798,1,0,0,0,0,7,25,274,3.18,1,1,0,5,0,19,0,1
ssrf-request,CWE-918,0,0,0,0,0,2,21,384,3.91,1,1,0,5,0,2,1,0
xss-unescaped,CWE-79,1,0,1,0,0,13,23,50,3.46,1,0,0,6,0,11,1,0
path-traversal,CWE-22,1,0,0,1,0,3,27,242,3.7,1,1,0,1,0,32,0,1
insecure-deserialize,CWE-502,1,0,0,0,0,18,11,58,2.83,1,1,0,7,0,48,1,1
sqli-concat,CWE-89,1,0,1,0,0,16,22,150,3.8,1,0,1,0,0,46,0,1
hardcoded-secret,CWE-798,1,0,0,1,0,11,30,327,3.46,0,1,0,10,1,35,1,0
path-traversal,CWE-22,1,0,1,0,1,1,5,134,2.39,0,1,0,3,0,42,0,0
xss-unescaped,CWE-79,0,1,1,0,1,14,11,112,3.21,1,1,0,2,0,48,1,0
hardcoded-secret,CWE-798,1,0,0,0,0,10,19,344,4.41,0,1,0,5,0,25,1,0
insecure-deserialize,CWE-502,0,0,0,1,0,9,15,37,2.5,1,1,0,3,0,49,0,0
sqli-concat,CWE-89,1,0,1,0,0,20,6,248,1.69,1,0,1,8,0,22,0,1
hardcoded-secret,CWE-798,1,0,0,0,0,19,20,372,3.49,0,1,0,2,1,3,0,1
ssrf-request,CWE-918,1,0,0,0,0,14,17,288,2.66,0,1,0,4,1,11,1,0
xss-unescaped,CWE-79,1,0,1,0,0,4,4,199,2.84,1,0,0,6,0,25,0,1
sqli-concat,CWE-89,1,0,0,0,0,16,28,63,2.2,1,0,0,0,0,13,0,1
ssrf-request,CWE-918,0,1,1,0,0,4,14,106,2.43,1,1,0,6,0,47,0,0
ssrf-request,CWE-918,0,0,1,0,0,6,5,151,2.98,1,1,0,10,0,25,1,0
sqli-concat,CWE-89,1,0,1,0,0,5,11,253,3.11,0,1,1,9,0,1,0,0
hardcoded-secret,CWE-798,0,0,1,0,0,11,9,85,4.49,0,0,0,5,0,11,0,0
sqli-concat,CWE-89,0,1,0,0,0,20,1,250,3.97,1,1,1,9,0,7,0,0
sqli-concat,CWE-89,1,0,1,0,0,18,7,118,2.7,1,1,1,3,1,15,0,0
insecure-deserialize,CWE-502,0,0,0,0,0,11,10,377,2.71,0,1,0,10,0,36,1,0
path-traversal,CWE-22,0,0,0,0,0,16,1,204,2.79,0,1,0,2,0,17,0,0
hardcoded-secret,CWE-798,1,0,1,0,0,7,26,222,4.12,0,1,0,3,0,19,1,0
insecure-deserialize,CWE-502,1,0,0,0,0,13,30,119,3.75,1,0,0,10,0,45,0,1
hardcoded-secret,CWE-798,0,1,0,0,0,5,25,59,1.77,1,1,0,3,0,50,1,0
sqli-concat,CWE-89,1,0,1,0,0,6,2,314,3.24,1,0,1,1,0,1,0,1
ssrf-request,CWE-918,0,0,0,0,0,1,25,361,4.35,1,1,1,7,1,5,1,0
ssrf-request,CWE-918,0,1,0,1,0,2,10,392,4.4,1,1,1,8,0,44,0,0
sqli-concat,CWE-89,1,0,0,1,0,14,1,203,2.98,0,0,0,5,0,21,0,0
ssrf-request,CWE-918,0,1,0,0,0,20,26,356,1.64,0,1,0,7,0,20,0,0
sqli-concat,CWE-89,1,0,1,0,0,7,26,223,1.58,0,0,0,8,0,48,0,1
hardcoded-secret,CWE-798,0,1,0,0,0,10,7,331,2.4,0,1,1,7,0,3,0,0
ssrf-request,CWE-918,1,0,0,1,0,12,7,191,2.1,0,1,0,5,1,47,0,0
hardcoded-secret,CWE-798,0,1,1,0,0,14,9,302,4.15,1,0,0,9,1,10,1,0
sqli-concat,CWE-89,1,0,1,0,0,10,4,61,4.23,1,0,0,10,0,32,0,1
insecure-deserialize,CWE-502,1,0,1,0,0,1,20,367,4.45,1,1,0,0,0,12,1,1
xss-unescaped,CWE-79,0,0,0,0,0,18,27,344,2.47,0,0,0,0,0,30,0,0
sqli-concat,CWE-89,0,0,1,1,0,18,14,310,3.43,1,0,0,7,0,29,0,0
xss-unescaped,CWE-79,1,0,0,0,0,12,23,354,1.85,1,0,0,8,0,45,1,1
sqli-concat,CWE-89,1,0,0,0,0,9,17,203,2.41,0,0,0,8,1,0,1,0
insecure-deserialize,CWE-502,1,0,0,0,0,8,23,312,2.66,1,1,0,4,0,9,1,1
sqli-concat,CWE-89,0,0,0,0,0,4,11,94,3.27,1,0,0,4,0,14,0,1
hardcoded-secret,CWE-798,0,1,1,1,0,5,30,366,2.73,0,1,1,6,1,36,1,0
ssrf-request,CWE-918,0,0,0,0,0,6,23,126,2.16,0,1,0,6,0,23,1,0
insecure-deserialize,CWE-502,1,0,0,0,1,18,24,351,3.9,1,1,0,3,0,25,0,1
xss-unescaped,CWE-79,0,1,1,0,1,2,11,122,3.04,0,1,0,5,0,48,1,0
xss-unescaped,CWE-79,0,1,0,0,0,11,15,271,2.04,1,0,0,1,1,23,0,0
hardcoded-secret,CWE-798,1,0,0,0,0,11,3,302,2.44,1,0,0,4,0,20,0,1
xss-unescaped,CWE-79,0,1,0,0,0,10,5,155,3.83,0,0,0,0,1,39,0,0
insecure-deserialize,CWE-502,1,0,0,0,0,4,21,351,2.23,0,1,0,7,0,7,0,1
sqli-concat,CWE-89,1,0,1,1,0,13,5,389,2.62,0,0,0,1,0,0,0,0
sqli-concat,CWE-89,0,0,1,0,0,10,6,62,2.35,1,0,1,5,0,39,0,0
insecure-deserialize,CWE-502,0,1,1,0,0,5,14,47,3.72,1,1,0,8,1,44,0,0
hardcoded-secret,CWE-798,1,0,1,0,0,10,3,52,2.14,1,1,1,9,0,28,0,0
insecure-deserialize,CWE-502,1,0,1,0,0,19,14,279,1.58,0,0,0,4,0,3,1,1
insecure-deserialize,CWE-502,0,0,0,0,1,5,29,267,3.94,1,0,0,5,1,46,0,0
xss-unescaped,CWE-79,0,0,0,0,1,8,7,77,2.72,0,1,1,9,1,30,1,0
insecure-deserialize,CWE-502,1,0,1,0,1,2,16,78,1.84,1,0,1,1,0,34,1,1
xss-unescaped,CWE-79,0,0,0,0,0,11,21,208,4.31,0,0,0,2,0,11,1,1
hardcoded-secret,CWE-798,1,0,1,0,0,7,15,55,3.94,1,1,1,8,0,22,1,1
insecure-deserialize,CWE-502,0,0,1,0,0,10,9,45,1.68,1,1,0,4,1,28,0,0
path-traversal,CWE-22,1,0,1,1,0,10,10,295,3.77,1,0,0,8,0,4,0,0
insecure-deserialize,CWE-502,1,0,1,0,0,10,27,248,2.89,1,1,0,2,0,15,0,1
insecure-deserialize,CWE-502,0,0,1,0,0,11,28,165,1.86,1,1,0,10,0,42,1,0
ssrf-request,CWE-918,1,0,0,0,0,20,26,388,1.68,0,1,0,5,0,13,0,1
sqli-concat,CWE-89,0,1,0,0,1,9,4,97,2.91,0,0,0,9,0,22,1,0
path-traversal,CWE-22,0,1,0,0,0,11,26,350,4.25,0,1,0,10,0,27,1,0
xss-unescaped,CWE-79,1,0,1,1,0,9,7,244,2.42,0,0,0,2,0,4,0,0
path-traversal,CWE-22,1,0,1,0,0,6,13,194,1.97,0,1,0,6,0,26,1,0
xss-unescaped,CWE-79,1,0,0,0,1,2,19,142,4.47,1,1,0,9,0,11,0,1
hardcoded-secret,CWE-798,0,1,1,0,0,19,13,341,1.84,1,1,0,5,0,25,1,0
ssrf-request,CWE-918,1,0,0,0,0,1,26,37,3.88,0,1,0,0,0,50,1,0
xss-unescaped,CWE-79,0,0,0,0,0,4,23,258,2.45,1,0,1,6,0,33,1,1
hardcoded-secret,CWE-798,0,0,1,0,0,7,9,111,2.04,0,1,0,10,0,29,1,0
xss-unescaped,CWE-79,0,0,1,0,0,20,28,190,4.24,1,1,1,2,0,25,0,0
sqli-concat,CWE-89,1,0,1,1,0,16,22,291,2.85,0,0,0,3,0,22,0,0
insecure-deserialize,CWE-502,0,0,0,0,0,6,5,127,2.9,1,1,1,0,0,15,0,0
hardcoded-secret,CWE-798,1,0,1,0,1,14,2,162,4.03,0,1,0,5,0,19,0,0
path-traversal,CWE-22,0,0,1,0,0,4,29,172,3.51,1,0,0,10,0,3,0,1
ssrf-request,CWE-918,1,0,1,0,0,3,19,42,3.77,1,1,1,2,0,26,1,1
sqli-concat,CWE-89,1,0,0,0,0,14,25,106,2.21,0,1,0,4,1,25,0,1
hardcoded-secret,CWE-798,1,0,0,0,0,19,2,227,2.46,0,0,1,10,0,38,0,1
sqli-concat,CWE-89,0,1,1,0,0,12,20,384,2.01,0,1,0,2,1,8,0,0
hardcoded-secret,CWE-798,0,1,0,0,0,11,26,264,4.4,1,1,0,7,0,42,1,0
hardcoded-secret,CWE-798,0,1,1,0,0,19,18,130,2.2,0,0,0,3,0,13,1,0
insecure-deserialize,CWE-502,0,1,0,1,0,14,17,227,2.65,0,1,0,6,0,3,0,0
sqli-concat,CWE-89,0,0,1,1,0,1,20,123,3.58,0,1,0,0,0,35,0,0
xss-unescaped,CWE-79,0,1,0,0,0,4,7,261,2.37,1,0,0,10,0,26,1,0
ssrf-request,CWE-918,1,0,1,0,0,14,24,84,3.33,0,1,0,8,0,48,1,0
sqli-concat,CWE-89,1,0,0,0,0,17,3,335,3.99,0,1,1,10,0,37,0,0
ssrf-request,CWE-918,0,1,0,0,0,8,13,390,2.03,1,1,0,2,0,23,1,0
xss-unescaped,CWE-79,1,0,1,0,0,5,23,380,3.63,0,0,0,5,1,15,0,1
hardcoded-secret,CWE-798,0,0,1,0,1,19,7,115,3.2,1,1,0,10,0,44,0,0
path-traversal,CWE-22,0,1,0,0,0,10,27,323,3.85,0,0,0,6,1,0,1,0
path-traversal,CWE-22,1,0,0,0,1,13,13,400,2.41,0,0,0,3,1,8,0,0
path-traversal,CWE-22,0,0,0,0,0,3,18,154,4.42,1,0,1,3,0,44,1,1
sqli-concat,CWE-89,1,0,1,1,0,14,21,204,2.57,0,1,1,6,0,25,0,0
insecure-deserialize,CWE-502,0,0,0,0,0,10,19,383,3.22,0,1,0,10,0,17,0,0
insecure-deserialize,CWE-502,1,0,0,0,0,4,28,234,1.97,1,1,0,4,1,17,0,1
xss-unescaped,CWE-79,0,0,0,0,0,5,21,75,3.93,1,0,1,1,0,43,0,1
xss-unescaped,CWE-79,1,0,1,0,0,15,11,71,1.59,1,0,0,5,0,47,0,1
xss-unescaped,CWE-79,0,1,0,0,0,11,7,396,4.37,0,1,0,3,1,45,1,0
xss-unescaped,CWE-79,0,1,0,0,0,3,29,214,2.19,1,1,0,1,1,16,0,1
xss-unescaped,CWE-79,0,1,1,0,0,14,18,312,4.39,0,0,0,8,0,41,1,0
hardcoded-secret,CWE-798,0,0,1,0,1,4,22,305,2.75,0,0,0,2,0,18,0,0
sqli-concat,CWE-89,1,0,1,0,1,14,11,71,2.1,1,0,1,6,0,18,1,0
sqli-concat,CWE-89,1,0,0,0,0,1,11,159,2.22,0,1,1,3,0,5,0,1
path-traversal,CWE-22,1,0,1,0,0,20,25,211,4.39,0,0,0,8,1,38,1,0
sqli-concat,CWE-89,1,0,1,0,0,20,14,248,4.46,1,0,0,2,0,4,0,1
insecure-deserialize,CWE-502,1,0,1,0,0,15,11,400,3.57,1,1,1,0,1,7,0,0
insecure-deserialize,CWE-502,1,0,1,0,0,4,15,191,2.48,1,0,0,4,1,34,1,1
sqli-concat,CWE-89,0,1,0,0,0,16,11,164,2.54,0,1,0,2,0,42,0,0
ssrf-request,CWE-918,1,0,1,0,0,2,7,280,2.49,0,0,0,3,0,39,1,1
path-traversal,CWE-22,0,1,0,1,0,18,23,369,3.51,0,1,1,7,0,32,1,0
ssrf-request,CWE-918,1,0,0,0,0,9,8,269,3.58,1,0,0,1,0,7,1,1
hardcoded-secret,CWE-798,0,1,1,0,0,7,20,157,4.28,1,1,0,10,0,16,1,0
xss-unescaped,CWE-79,0,1,0,0,0,11,23,341,2.33,0,1,1,1,0,36,0,0
hardcoded-secret,CWE-798,0,0,1,0,0,2,19,225,2.89,1,0,0,5,0,2,1,1
sqli-concat,CWE-89,1,0,0,0,1,16,21,373,2.9,0,0,0,7,0,14,0,1
path-traversal,CWE-22,1,0,1,0,0,1,19,34,2.69,0,1,0,2,1,14,1,0
path-traversal,CWE-22,0,1,0,0,0,3,16,45,3.04,0,0,0,5,0,44,0,0
ssrf-request,CWE-918,0,0,0,0,0,12,2,52,3.85,1,1,1,7,0,36,0,0
insecure-deserialize,CWE-502,1,0,1,0,0,8,16,278,2.06,1,1,0,4,0,34,1,1
hardcoded-secret,CWE-798,0,1,0,0,0,8,25,344,3.17,1,1,0,0,0,18,0,0
sqli-concat,CWE-89,0,1,0,0,0,4,14,45,2.72,1,1,1,0,0,40,0,0
hardcoded-secret,CWE-798,0,1,1,0,0,7,7,165,3.65,0,1,0,2,1,6,0,0
sqli-concat,CWE-89,1,0,0,1,0,7,19,104,4.38,1,1,1,10,0,43,0,0
insecure-deserialize,CWE-502,0,0,0,1,0,8,30,297,3.17,1,0,1,2,1,42,1,0
path-traversal,CWE-22,1,0,0,0,1,14,10,158,3.48,0,1,0,7,0,33,1,0
xss-unescaped,CWE-79,1,0,0,0,0,1,22,100,2.19,0,0,0,7,0,39,0,1
hardcoded-secret,CWE-798,1,0,0,0,0,20,21,32,3.46,1,1,0,6,0,39,1,1
xss-unescaped,CWE-79,0,0,1,1,0,16,8,132,2.14,1,1,1,5,1,48,1,0
ssrf-request,CWE-918,0,0,1,0,0,13,17,335,3.22,1,1,0,2,0,0,0,0
insecure-deserialize,CWE-502,1,0,1,0,0,10,18,178,2.97,1,1,0,1,1,44,1,1
sqli-concat,CWE-89,0,0,0,0,0,15,15,188,3.35,1,1,0,10,0,33,0,0
ssrf-request,CWE-918,0,0,0,0,0,9,4,390,1.66,0,0,0,2,1,38,1,0
xss-unescaped,CWE-79,1,0,1,0,0,12,29,78,1.97,0,0,0,9,0,41,0,1
xss-unescaped,CWE-79,0,0,0,0,0,15,13,239,2.81,0,0,1,7,0,10,0,0
xss-unescaped,CWE-79,0,1,1,0,1,12,18,110,3.42,1,1,0,1,0,10,1,0
ssrf-request,CWE-918,0,1,1,0,0,10,16,206,4.26,1,0,1,8,1,11,1,0
path-traversal,CWE-22,1,0,1,0,0,10,16,243,2.75,1,1,0,0,0,35,1,1
hardcoded-secret,CWE-798,0,1,1,0,0,19,14,163,4.09,1,0,0,2,1,21,1,0
ssrf-request,CWE-918,1,0,0,0,0,6,14,154,2.63,1,0,1,8,0,49,1,1
insecure-deserialize,CWE-502,1,0,1,0,0,13,8,279,3.61,0,1,0,4,0,9,1,0
hardcoded-secret,CWE-798,0,0,0,0,0,6,6,191,2.02,0,0,0,10,1,16,1,0
xss-unescaped,CWE-79,1,0,1,0,0,4,29,170,3.03,1,0,0,1,0,38,1,1
hardcoded-secret,CWE-798,1,0,0,0,1,18,11,134,4.19,0,1,0,10,0,38,0,0
path-traversal,CWE-22,1,0,0,1,0,20,23,193,1.93,1,1,0,0,0,2,0,0
ssrf-request,CWE-918,0,1,1,0,0,15,8,52,1.87,1,0,0,0,0,39,0,0
sqli-concat,CWE-89,1,0,0,0,0,11,20,219,3.41,1,1,0,5,0,23,0,1
hardcoded-secret,CWE-798,1,0,1,0,0,9,6,65,1.55,0,1,1,8,0,40,1,0
hardcoded-secret,CWE-798,1,0,0,0,0,18,15,109,2.47,1,1,0,1,0,36,0,1
path-traversal,CWE-22,1,0,1,0,0,1,27,246,3.99,1,0,1,10,0,42,1,1
ssrf-request,CWE-918,1,0,0,0,0,12,27,71,2.02,0,1,1,5,1,50,1,0
ssrf-request,CWE-918,1,0,0,0,0,2,23,229,3.25,0,1,0,10,0,23,1,1
ssrf-request,CWE-918,1,0,0,0,0,1,28,288,3.44,0,0,0,3,0,4,0,1
sqli-concat,CWE-89,1,0,1,1,0,13,19,76,2.5,0,1,0,3,0,40,1,0
xss-unescaped,CWE-79,0,1,1,0,0,17,23,389,2.31,0,1,1,8,0,0,0,0
ssrf-request,CWE-918,0,0,0,0,0,8,26,262,3.33,0,0,0,4,0,17,0,0
insecure-deserialize,CWE-502,1,0,0,0,0,4,5,270,3.01,1,0,0,8,0,39,0,1
ssrf-request,CWE-918,0,0,0,0,0,2,27,279,4.31,0,1,0,4,0,45,0,0
hardcoded-secret,CWE-798,0,1,0,0,0,9,19,200,2.93,0,1,1,10,1,39,0,0
sqli-concat,CWE-89,0,1,0,0,0,4,16,42,3.62,0,0,0,7,0,13,1,0
sqli-concat,CWE-89,0,0,1,0,0,16,19,107,2.5,0,1,0,3,1,33,0,0
xss-unescaped,CWE-79,1,0,0,0,0,2,3,341,4.14,1,1,0,4,0,5,0,1
path-traversal,CWE-22,1,0,0,0,1,14,6,42,3.04,0,1,0,10,0,18,1,0
insecure-deserialize,CWE-502,0,1,0,0,0,5,4,376,2.24,0,0,0,4,0,38,1,0
ssrf-request,CWE-918,1,0,0,0,1,19,3,289,2.36,1,1,0,9,0,38,1,0
xss-unescaped,CWE-79,1,0,1,0,0,5,22,48,2.37,1,0,0,7,1,26,0,1
ssrf-request,CWE-918,1,0,0,1,0,13,11,71,4.12,1,1,0,5,0,33,0,0
hardcoded-secret,CWE-798,1,0,0,0,0,17,25,281,3.1,1,1,0,0,1,39,0,1
sqli-concat,CWE-89,1,0,0,1,0,16,30,305,2.38,0,0,1,9,0,31,1,0
hardcoded-secret,CWE-798,0,0,1,0,1,5,24,245,3.71,1,0,0,1,0,20,0,1
insecure-deserialize,CWE-502,0,0,1,0,0,6,10,263,1.91,1,0,0,4,1,38,1,0
hardcoded-secret,CWE-798,0,1,0,1,0,2,28,239,2.21,1,1,0,5,0,0,1,0
ssrf-request,CWE-918,0,1,1,0,1,18,29,111,4.41,0,0,0,4,1,49,1,0
sqli-concat,CWE-89,0,1,0,0,0,4,26,328,3.36,0,1,1,8,0,8,0,0
path-traversal,CWE-22,1,0,0,0,0,19,24,355,4.18,0,1,0,4,0,29,0,0
ssrf-request,CWE-918,1,0,0,0,0,9,2,309,3.52,1,0,0,3,1,49,0,1
sqli-concat,CWE-89,0,1,0,0,0,7,8,88,2.38,1,0,0,7,0,36,0,1
path-traversal,CWE-22,0,0,0,1,0,6,12,273,3.36,1,0,0,4,1,36,0,0
path-traversal,CWE-22,0,1,1,0,0,12,6,39,2.82,0,1,0,8,0,5,1,0
path-traversal,CWE-22,1,0,0,0,0,12,28,48,4.29,0,0,0,4,1,48,0,1
path-traversal,CWE-22,1,0,1,0,0,5,8,69,2.67,1,1,0,0,0,24,1,0
ssrf-request,CWE-918,1,0,1,1,0,8,19,263,4.48,1,1,1,1,1,34,1,0
hardcoded-secret,CWE-798,0,1,0,1,0,6,4,109,3.28,0,0,0,7,1,21,0,0
sqli-concat,CWE-89,0,0,0,1,0,3,2,98,2.64,0,1,0,7,0,35,0,0
insecure-deserialize,CWE-502,1,0,0,1,0,5,19,101,2.48,1,1,1,10,0,24,0,0
sqli-concat,CWE-89,1,0,0,0,0,12,29,324,4.36,1,1,0,4,0,13,1,1
xss-unescaped,CWE-79,1,0,1,0,1,13,24,84,2.0,1,1,0,4,0,37,0,0
hardcoded-secret,CWE-798,1,0,1,1,0,5,10,390,3.77,1,1,0,2,0,38,1,0
ssrf-request,CWE-918,0,1,1,0,0,3,20,355,4.28,0,1,1,8,0,14,0,0
sqli-concat,CWE-89,1,0,0,0,0,13,28,195,2.2,1,0,1,1,1,40,1,1
hardcoded-secret,CWE-798,0,1,0,0,0,1,22,399,2.28,1,0,0,6,1,1,0,1
hardcoded-secret,CWE-798,1,0,1,1,0,8,14,153,2.46,1,1,1,7,0,49,1,0
hardcoded-secret,CWE-798,0,1,1,1,0,19,21,49,3.69,0,1,0,7,0,32,1,0
ssrf-request,CWE-918,1,0,1,0,1,15,17,348,4.12,1,0,1,3,0,32,0,1
hardcoded-secret,CWE-798,0,1,1,0,0,20,9,211,1.82,0,0,1,6,0,41,0,0
path-traversal,CWE-22,1,0,0,0,0,4,1,24,3.67,1,1,0,1,1,35,1,1
hardcoded-secret,CWE-798,1,0,0,0,0,6,2,308,3.65,0,0,0,4,1,17,0,0
ssrf-request,CWE-918,1,0,0,0,0,10,3,356,1.67,1,0,0,3,0,46,1,1
sqli-concat,CWE-89,0,0,1,0,1,7,29,37,3.75,1,0,0,1,0,26,1,0
ssrf-request,CWE-918,0,1,1,0,0,8,16,130,4.41,1,0,0,9,0,19,1,0
sqli-concat,CWE-89,0,0,0,1,0,20,30,353,3.94,0,0,0,7,0,32,0,0
xss-unescaped,CWE-79,1,0,1,0,0,3,18,24,2.63,1,0,1,0,0,3,0,1
sqli-concat,CWE-89,0,0,0,0,0,4,6,379,2.69,0,1,0,0,0,4,0,1
insecure-deserialize,CWE-502,1,0,0,0,1,19,4,22,3.85,1,1,1,0,1,7,1,0
ssrf-request,CWE-918,1,0,0,0,0,14,8,111,3.18,1,0,0,4,1,37,1,1
ssrf-request,CWE-918,1,0,0,0,0,5,4,52,4.19,0,1,0,4,1,38,1,0
hardcoded-secret,CWE-798,1,0,0,1,0,9,30,398,1.97,0,1,1,4,0,3,1,0
insecure-deserialize,CWE-502,1,0,1,0,1,11,1,107,2.38,0,1,0,5,0,7,1,0
insecure-deserialize,CWE-502,1,0,1,0,0,16,4,371,4.39,0,0,0,3,0,40,0,1
sqli-concat,CWE-89,0,0,1,0,0,15,9,177,3.05,1,0,0,3,0,2,1,0
ssrf-request,CWE-918,1,0,0,0,0,19,30,217,2.75,1,0,0,0,0,50,1,1
insecure-deserialize,CWE-502,1,0,0,1,1,2,9,385,2.98,1,1,1,5,0,16,1,0
path-traversal,CWE-22,1,0,1,0,0,4,8,372,3.95,0,1,0,2,0,47,0,0
insecure-deserialize,CWE-502,0,1,0,0,0,6,26,259,3.8,1,1,1,8,0,8,1,0
hardcoded-secret,CWE-798,1,0,1,0,0,11,21,160,3.44,0,0,0,1,1,14,1,0
path-traversal,CWE-22,1,0,1,0,1,7,18,303,2.02,0,0,0,5,1,13,1,0
path-traversal,CWE-22,1,0,0,1,0,17,20,395,3.8,1,1,0,10,0,0,0,1
insecure-deserialize,CWE-502,0,0,0,0,0,15,21,223,1.72,1,1,0,0,0,19,0,0
sqli-concat,CWE-89,0,1,0,0,0,5,7,55,2.56,0,0,0,8,0,46,1,0
hardcoded-secret,CWE-798,0,0,1,0,0,20,15,346,2.59,1,0,0,5,0,41,0,1
sqli-concat,CWE-89,0,1,1,0,0,2,5,255,2.96,0,1,0,9,0,28,1,0
insecure-deserialize,CWE-502,0,0,0,0,0,7,30,104,4.11,1,0,0,1,0,15,0,1
insecure-deserialize,CWE-502,0,1,1,0,0,20,17,263,4.48,1,0,0,4,0,14,0,0
path-traversal,CWE-22,1,0,1,1,0,10,7,279,3.7,0,1,0,2,0,46,1,0
hardcoded-secret,CWE-798,0,1,1,0,0,9,8,305,3.87,1,0,1,9,0,10,1,0
hardcoded-secret,CWE-798,1,0,0,0,0,10,11,196,3.58,1,0,0,0,0,40,1,1
sqli-concat,CWE-89,0,1,1,0,0,9,12,126,3.2,0,1,0,9,0,24,0,0
insecure-deserialize,CWE-502,1,0,0,0,0,7,8,310,2.52,0,0,0,10,1,41,1,0
insecure-deserialize,CWE-502,1,0,0,0,0,6,28,347,2.61,1,1,0,3,0,22,0,1
hardcoded-secret,CWE-798,1,0,1,0,0,4,8,68,3.71,1,1,0,3,0,23,0,1
path-traversal,CWE-22,0,1,0,0,0,3,11,239,3.24,1,1,0,1,0,43,0,0
hardcoded-secret,CWE-798,0,0,1,0,0,9,18,109,2.49,1,0,0,4,0,49,0,1
sqli-concat,CWE-89,1,0,0,0,1,1,21,326,3.35,1,1,0,2,0,30,1,1
hardcoded-secret,CWE-798,0,1,0,0,0,15,26,90,1.64,1,0,1,6,0,6,0,0
insecure-deserialize,CWE-502,1,0,1,0,0,19,28,160,2.37,0,0,0,1,0,24,1,1
hardcoded-secret,CWE-798,0,0,1,0,0,5,4,285,1.62,0,0,1,6,0,14,1,0
insecure-deserialize,CWE-502,0,1,0,0,0,3,14,201,2.7,0,1,0,3,1,32,1,0
sqli-concat,CWE-89,1,0,1,0,0,9,10,121,1.59,1,1,1,7,1,30,1,0
sqli-concat,CWE-89,1,0,1,0,0,12,28,71,3.0,0,0,1,5,0,50,0,1
insecure-deserialize,CWE-502,1,0,0,0,0,15,24,200,2.89,1,1,1,7,1,11,1,1
sqli-concat,CWE-89,1,0,1,0,0,2,30,217,3.23,0,1,0,6,0,3,1,0
ssrf-request,CWE-918,1,0,1,0,0,7,5,217,3.79,1,0,0,4,0,43,1,1
sqli-concat,CWE-89,1,0,0,0,0,17,10,283,4.03,1,0,0,1,0,43,0,1
sqli-concat,CWE-89,1,0,0,0,0,7,17,302,1.87,0,1,0,1,0,36,0,1
ssrf-request,CWE-918,0,1,0,0,1,11,1,69,4.04,1,1,0,0,0,2,1,0
insecure-deserialize,CWE-502,1,0,1,0,0,5,14,87,2.42,1,0,0,9,0,32,0,1
path-traversal,CWE-22,1,0,1,0,0,3,16,270,2.1,1,1,0,1,0,8,1,1
insecure-deserialize,CWE-502,1,0,0,0,0,12,11,335,2.24,1,0,0,8,1,20,1,1
path-traversal,CWE-22,1,0,0,0,0,20,4,253,2.01,1,1,0,3,0,34,0,1
insecure-deserialize,CWE-502,0,1,0,0,0,11,1,116,2.11,1,1,1,6,1,32,1,0
hardcoded-secret,CWE-798,1,0,1,0,0,10,14,378,2.45,0,0,0,7,0,35,0,0
sqli-concat,CWE-89,0,1,1,0,0,16,16,163,3.96,1,0,0,1,0,13,1,0
insecure-deserialize,CWE-502,1,0,1,0,0,14,11,374,2.75,1,0,0,4,0,31,0,1
xss-unescaped,CWE-79,1,0,0,0,1,8,21,285,4.01,0,1,1,1,0,23,1,0
xss-unescaped,CWE-79,1,0,1,0,0,12,14,100,4.35,1,1,0,3,1,14,0,0
path-traversal,CWE-22,1,0,1,0,0,10,28,68,1.6,1,0,0,1,1,48,0,1
ssrf-request,CWE-918,0,0,0,0,0,9,2,338,3.71,0,1,0,1,1,31,0,0
insecure-deserialize,CWE-502,0,0,0,0,1,1,14,223,2.68,1,0,1,8,1,30,1,0
insecure-deserialize,CWE-502,1,0,1,0,0,17,21,380,3.68,1,1,0,7,0,18,0,1
path-traversal,CWE-22,1,0,1,0,1,20,2,212,3.27,0,0,0,9,1,6,0,0
ssrf-request,CWE-918,0,0,1,0,0,13,13,286,4.07,1,0,0,3,0,24,1,0
sqli-concat,CWE-89,0,0,1,1,0,9,4,69,2.32,1,1,0,1,1,14,0,0
hardcoded-secret,CWE-798,0,1,1,0,0,2,8,384,4.47,1,0,1,8,0,40,0,0
insecure-deserialize,CWE-502,1,0,0,0,0,11,7,287,4.37,1,0,0,9,0,31,1,1
xss-unescaped,CWE-79,0,0,1,0,0,11,13,54,4.48,0,1,0,10,1,40,0,0
insecure-deserialize,CWE-502,1,0,1,0,0,3,6,45,1.6,0,1,0,0,1,17,0,1
insecure-deserialize,CWE-502,1,0,0,0,0,9,6,144,3.89,0,0,0,10,0,4,1,1
insecure-deserialize,CWE-502,1,0,0,0,0,19,29,266,4.11,0,1,1,7,0,42,1,0
insecure-deserialize,CWE-502,0,0,0,0,0,4,16,89,2.99,0,0,0,1,1,49,1,0
sqli-concat,CWE-89,1,0,1,0,0,8,5,160,3.56,1,1,1,9,1,44,1,0
sqli-concat,CWE-89,1,0,1,0,1,3,9,199,2.95,1,1,1,6,0,49,0,1
path-traversal,CWE-22,1,0,1,0,0,15,4,111,1.7,0,0,0,7,0,48,1,0
insecure-deserialize,CWE-502,0,0,0,0,0,15,19,237,3.82,1,1,0,8,1,18,0,0
sqli-concat,CWE-89,0,0,1,0,1,2,14,166,2.77,1,0,0,8,0,41,1,0
ssrf-request,CWE-918,1,0,1,0,0,7,23,111,1.52,0,0,0,6,0,1,0,0
path-traversal,CWE-22,1,0,1,1,0,16,18,208,3.86,1,1,1,3,0,9,1,0
insecure-deserialize,CWE-502,1,0,1,0,0,17,4,133,1.89,1,1,0,1,0,26,1,1
hardcoded-secret,CWE-798,0,1,0,0,0,11,12,398,3.44,0,1,1,2,0,27,1,0
xss-unescaped,CWE-79,0,1,1,0,0,1,7,304,1.96,0,1,1,0,0,16,1,0
ssrf-request,CWE-918,1,0,1,0,0,15,21,320,2.22,1,1,0,10,1,50,0,1
ssrf-request,CWE-918,0,0,0,0,0,17,15,239,3.16,1,0,0,1,1,13,1,1
ssrf-request,CWE-918,0,1,1,0,0,5,8,190,1.61,0,1,0,7,0,40,1,0
xss-unescaped,CWE-79,0,0,1,1,0,9,30,325,2.71,0,1,0,9,1,3,1,0
path-traversal,CWE-22,0,0,1,0,0,14,6,293,1.76,1,1,0,7,1,34,1,0
path-traversal,CWE-22,0,1,0,0,0,3,20,43,2.58,1,1,0,9,1,14,0,0
sqli-concat,CWE-89,1,0,0,0,1,9,2,362,2.77,0,1,0,3,0,17,1,0
path-traversal,CWE-22,0,1,1,0,0,18,9,330,1.83,1,1,0,2,0,1,1,0
xss-unescaped,CWE-79,1,0,1,0,0,15,13,124,3.3,0,1,0,8,0,0,1,0
xss-unescaped,CWE-79,1,0,0,0,0,12,17,24,1.58,1,1,1,9,0,44,1,1
insecure-deserialize,CWE-502,1,0,0,1,0,3,28,156,3.35,1,0,0,9,0,17,0,1
hardcoded-secret,CWE-798,1,0,0,1,0,10,20,309,2.68,1,1,0,9,0,28,1,0
xss-unescaped,CWE-79,0,0,0,0,0,10,28,213,3.69,1,0,0,0,0,31,0,1
xss-unescaped,CWE-79,1,0,1,0,1,16,27,234,3.91,1,1,0,3,1,44,0,1
hardcoded-secret,CWE-798,0,1,1,0,0,18,13,352,3.28,1,0,0,0,0,0,0,0
sqli-concat,CWE-89,1,0,0,1,0,12,17,197,4.28,0,0,1,4,0,27,1,0
xss-unescaped,CWE-79,0,0,0,0,0,18,20,178,2.34,1,0,1,6,0,12,0,1
sqli-concat,CWE-89,0,0,1,0,0,11,19,41,2.94,1,1,0,0,1,13,1,0
sqli-concat,CWE-89,0,0,1,0,0,17,21,77,1.69,0,1,0,9,0,33,0,0
sqli-concat,CWE-89,1,0,1,0,0,15,29,285,3.25,1,0,0,3,0,41,0,1
ssrf-request,CWE-918,1,0,0,0,0,3,17,203,1.64,0,0,0,9,0,41,1,1
sqli-concat,CWE-89,1,0,1,0,0,17,19,235,2.48,0,1,0,0,0,15,1,0
hardcoded-secret,CWE-798,1,0,1,0,1,6,29,275,3.42,1,1,0,4,0,2,1,0
path-traversal,CWE-22,1,0,0,0,0,2,27,210,2.68,1,1,0,1,0,6,0,1
insecure-deserialize,CWE-502,0,1,0,0,0,12,28,212,2.8,1,0,1,9,0,32,1,0
insecure-deserialize,CWE-502,1,0,1,0,0,16,18,314,2.14,0,0,1,4,0,14,1,0
xss-unescaped,CWE-79,0,0,1,1,1,3,23,310,3.7,0,0,0,7,0,50,1,0
path-traversal,CWE-22,0,1,0,0,0,8,6,61,1.8,0,0,0,6,1,8,0,0
path-traversal,CWE-22,1,0,0,1,0,18,4,132,4.35,0,0,0,4,0,10,0,0
path-traversal,CWE-22,0,0,1,0,0,7,24,112,3.04,0,1,0,6,1,35,1,0
path-traversal,CWE-22,0,1,0,0,0,12,30,304,3.23,0,0,0,5,1,3,0,0
hardcoded-secret,CWE-798,1,0,0,0,0,11,15,296,1.82,1,1,0,4,0,46,0,1
hardcoded-secret,CWE-798,0,1,0,1,0,9,14,228,1.78,1,1,0,1,0,26,1,0
path-traversal,CWE-22,0,1,1,0,0,18,12,168,4.07,1,0,1,10,0,14,1,0
path-traversal,CWE-22,1,0,1,0,0,20,29,200,3.35,0,1,0,2,0,35,0,0
path-traversal,CWE-22,0,0,1,0,0,9,17,178,3.34,1,0,0,2,0,14,1,1
xss-unescaped,CWE-79,1,0,0,0,0,7,7,64,3.47,0,0,0,3,0,7,0,1
path-traversal,CWE-22,0,0,1,0,1,16,7,172,2.42,0,1,0,2,0,39,0,0
path-traversal,CWE-22,1,0,0,0,0,14,18,102,4.14,1,1,0,1,0,45,1,1
insecure-deserialize,CWE-502,1,0,1,0,0,15,10,248,2.32,0,1,0,10,0,47,1,0
hardcoded-secret,CWE-798,1,0,1,0,0,19,19,48,2.65,0,1,0,5,0,32,0,1
ssrf-request,CWE-918,1,0,1,0,0,3,19,359,1.88,0,1,0,8,0,4,1,0
sqli-concat,CWE-89,1,0,0,1,0,13,9,330,4.23,1,0,1,7,0,22,0,1
sqli-concat,CWE-89,0,1,1,0,0,9,14,364,1.83,1,0,0,7,0,30,1,0
ssrf-request,CWE-918,1,0,0,0,0,3,7,156,1.72,0,0,0,7,0,23,1,1
insecure-deserialize,CWE-502,0,1,1,0,0,19,12,70,2.34,1,1,0,3,0,13,1,0
ssrf-request,CWE-918,0,1,0,0,0,14,24,59,4.03,1,0,1,8,1,24,1,0
ssrf-request,CWE-918,0,1,0,1,0,1,27,324,3.31,0,1,0,6,0,21,0,0
xss-unescaped,CWE-79,0,0,1,0,0,9,12,385,3.67,0,0,1,7,0,3,0,0
xss-unescaped,CWE-79,1,0,1,0,0,5,26,253,2.05,1,0,1,9,1,3,1,0
xss-unescaped,CWE-79,0,1,0,0,0,2,9,257,2.2,0,0,0,10,1,16,0,0
sqli-concat,CWE-89,1,0,0,1,0,19,15,117,3.81,0,0,0,5,1,37,1,0
hardcoded-secret,CWE-798,0,1,0,0,0,2,23,33,3.33,1,0,0,0,1,5,1,1
insecure-deserialize,CWE-502,0,0,1,0,0,3,20,334,4.06,1,1,0,0,1,48,0,1
insecure-deserialize,CWE-502,1,0,1,1,0,6,14,40,1.63,0,0,0,4,0,29,0,0
ssrf-request,CWE-918,1,0,1,0,0,18,19,105,1.97,1,1,1,5,0,17,1,0
path-traversal,CWE-22,1,0,1,0,0,4,6,283,4.04,1,1,0,3,0,26,1,1
hardcoded-secret,CWE-798,1,0,0,0,0,1,3,105,1.88,0,1,0,3,0,43,1,0
xss-unescaped,CWE-79,0,1,1,0,0,7,27,191,2.37,1,1,0,8,0,40,0,0
ssrf-request,CWE-918,1,0,0,0,0,5,12,97,2.61,0,0,1,3,1,21,0,1
sqli-concat,CWE-89,1,0,0,0,0,10,26,214,2.76,1,0,1,4,0,22,1,1
hardcoded-secret,CWE-798,1,0,0,0,0,2,22,59,1.62,0,0,0,1,1,13,1,1
hardcoded-secret,CWE-798,0,0,0,1,0,14,20,282,2.17,1,1,0,2,1,26,0,0
insecure-deserialize,CWE-502,0,1,0,0,0,9,11,123,4.23,0,1,0,9,0,34,1,0
path-traversal,CWE-22,0,0,0,0,0,20,4,126,2.04,0,0,1,10,0,21,1,0
hardcoded-secret,CWE-798,1,0,0,0,0,13,27,396,3.19,0,1,0,9,0,11,0,0
insecure-deserialize,CWE-502,0,1,1,0,0,5,15,306,3.69,0,1,0,2,1,21,1,0
hardcoded-secret,CWE-798,0,0,0,0,1,20,18,241,3.03,1,0,0,8,0,36,1,0
ssrf-request,CWE-918,0,0,0,1,1,19,10,307,4.41,1,1,0,2,0,42,0,0
ssrf-request,CWE-918,0,0,0,0,1,12,11,77,2.98,1,0,1,7,0,13,0,0
xss-unescaped,CWE-79,1,0,0,0,0,19,20,225,2.73,1,1,1,4,0,5,1,1
xss-unescaped,CWE-79,0,0,1,0,0,3,10,378,3.35,0,1,0,10,1,47,0,0
sqli-concat,CWE-89,0,1,1,0,0,3,22,43,4.3,0,1,0,6,0,40,1,0
ssrf-request,CWE-918,1,0,1,0,0,11,28,286,2.4,0,0,0,9,0,21,0,1
insecure-deserialize,CWE-502,0,0,1,0,0,18,14,43,2.77,0,0,0,10,0,41,0,0
hardcoded-secret,CWE-798,0,1,0,0,0,12,26,50,3.18,0,0,0,7,0,45,0,0
ssrf-request,CWE-918,1,0,0,0,0,9,3,113,2.02,1,0,0,4,0,44,0,1
hardcoded-secret,CWE-798,1,0,0,0,0,13,1,168,1.88,0,1,0,10,0,23,0,0
ssrf-request,CWE-918,1,0,1,0,0,6,15,241,3.01,0,0,0,4,1,49,1,0
path-traversal,CWE-22,0,1,0,0,0,18,2,329,3.91,0,1,0,0,0,43,0,0
hardcoded-secret,CWE-798,0,1,0,0,0,11,21,129,2.21,0,1,1,3,0,30,0,0
ssrf-request,CWE-918,1,0,0,0,0,8,15,265,4.26,0,1,0,1,0,2,0,1
hardcoded-secret,CWE-798,0,0,0,0,0,7,30,115,2.51,1,1,0,4,1,4,0,1
xss-unescaped,CWE-79,0,0,1,0,1,14,17,136,3.33,1,0,0,10,0,5,1,0
hardcoded-secret,CWE-798,0,0,0,1,0,10,23,311,1.85,1,1,0,6,0,5,0,0
path-traversal,CWE-22,1,0,1,1,0,7,11,62,3.74,0,0,0,10,0,8,1,0
insecure-deserialize,CWE-502,0,1,1,0,0,20,15,333,3.2,1,1,1,7,0,15,0,0
hardcoded-secret,CWE-798,0,0,1,0,0,13,10,23,4.36,0,0,1,10,0,17,0,0
xss-unescaped,CWE-79,1,0,1,1,0,17,7,24,4.15,1,0,0,3,0,40,0,0
xss-unescaped,CWE-79,1,0,0,0,1,1,22,197,1.88,1,0,1,6,1,10,1,1
xss-unescaped,CWE-79,0,0,1,1,0,9,22,180,4.32,1,1,0,7,0,27,1,0
insecure-deserialize,CWE-502,1,0,1,0,0,6,13,325,3.04,0,0,0,3,0,31,0,0
sqli-concat,CWE-89,1,0,0,0,0,14,22,267,1.86,0,1,1,4,0,34,1,0
sqli-concat,CWE-89,1,0,1,0,0,4,14,398,1.62,1,1,1,2,0,26,0,1
xss-unescaped,CWE-79,1,0,1,0,0,3,10,63,3.76,1,1,0,5,0,39,0,1
xss-unescaped,CWE-79,1,0,1,0,0,2,30,300,3.01,0,1,0,3,0,45,0,1
hardcoded-secret,CWE-798,1,0,0,0,0,2,5,260,2.14,0,0,1,10,1,23,1,0
insecure-deserialize,CWE-502,0,0,0,1,0,2,15,98,1.94,0,0,0,8,0,14,1,0
sqli-concat,CWE-89,0,0,0,0,0,20,19,274,3.79,0,1,0,7,0,29,1,0
path-traversal,CWE-22,0,0,1,0,0,18,23,170,2.05,1,1,0,4,0,16,1,0
hardcoded-secret,CWE-798,1,0,1,0,0,13,5,31,2.65,1,0,0,7,0,11,0,1
sqli-concat,CWE-89,0,0,0,0,0,8,30,351,2.16,1,0,0,8,0,4,1,1
ssrf-request,CWE-918,1,0,0,1,1,1,21,192,4.49,1,1,0,4,0,10,1,0
sqli-concat,CWE-89,0,0,0,0,0,9,21,155,3.79,1,0,0,9,0,43,1,1
xss-unescaped,CWE-79,1,0,0,0,0,17,25,189,4.45,1,0,0,8,0,31,0,1
insecure-deserialize,CWE-502,1,0,1,0,0,10,3,39,2.23,0,0,0,5,0,7,1,0
xss-unescaped,CWE-79,1,0,0,0,0,3,26,240,2.2,0,0,0,4,1,26,1,0
path-traversal,CWE-22,0,0,0,0,0,20,2,71,3.83,0,1,0,10,1,43,0,0
sqli-concat,CWE-89,1,0,0,1,0,2,4,166,2.65,1,0,1,10,1,25,0,0
ssrf-request,CWE-918,0,0,1,1,0,18,4,91,3.58,0,0,0,6,0,9,1,0
sqli-concat,CWE-89,1,0,0,0,0,18,18,160,4.11,1,0,0,9,0,34,0,1
hardcoded-secret,CWE-798,1,0,1,0,0,12,3,26,3.45,1,1,0,0,1,35,0,1
xss-unescaped,CWE-79,0,0,0,0,0,3,23,172,4.02,0,1,0,0,0,18,1,0
path-traversal,CWE-22,1,0,1,0,0,11,19,231,2.16,0,0,1,9,0,33,0,1
xss-unescaped,CWE-79,1,0,1,0,0,9,4,336,2.59,0,0,0,7,1,24,0,0
path-traversal,CWE-22,0,1,0,0,0,13,18,395,2.3,0,0,1,8,0,33,1,0
ssrf-request,CWE-918,0,0,1,0,0,20,5,135,3.84,1,0,0,7,0,19,1,0
path-traversal,CWE-22,0,0,0,0,0,14,28,120,3.45,0,0,0,10,1,37,1,0
sqli-concat,CWE-89,1,0,0,1,0,3,29,339,1.59,1,1,1,8,1,15,1,0
xss-unescaped,CWE-79,0,1,0,0,0,17,9,392,3.66,0,1,0,5,0,5,0,0
path-traversal,CWE-22,1,0,1,1,0,13,28,374,2.33,1,1,0,7,0,29,0,0
sqli-concat,CWE-89,0,0,0,1,0,1,4,287,3.57,1,0,1,9,0,40,0,0
path-traversal,CWE-22,0,1,1,0,0,15,14,60,2.55,0,0,0,9,1,32,1,0
ssrf-request,CWE-918,0,1,0,0,0,17,24,117,3.76,0,1,1,2,0,42,1,0
ssrf-request,CWE-918,1,0,0,0,0,4,23,373,1.51,0,0,0,0,0,3,0,1
path-traversal,CWE-22,1,0,1,0,0,19,22,28,1.82,1,1,0,0,0,22,1,0
ssrf-request,CWE-918,1,0,0,0,0,20,2,332,2.47,1,0,0,3,0,4,0,1
ssrf-request,CWE-918,0,1,1,0,0,18,7,214,1.9,1,0,0,3,0,28,1,0
sqli-concat,CWE-89,1,0,1,0,0,20,14,386,4.27,1,0,0,9,0,17,1,1
ssrf-request,CWE-918,0,1,0,0,0,9,11,103,3.88,1,0,0,8,1,30,1,0
hardcoded-secret,CWE-798,0,1,1,0,0,10,27,293,1.74,1,1,0,9,1,1,0,0
xss-unescaped,CWE-79,0,0,1,0,0,9,27,386,1.74,0,0,0,9,1,50,1,0
xss-unescaped,CWE-79,0,0,1,0,0,13,6,179,2.92,0,1,1,2,0,42,0,0
path-traversal,CWE-22,0,0,0,0,0,19,1,143,2.42,1,1,0,4,1,15,0,0
sqli-concat,CWE-89,0,1,1,1,0,13,18,234,1.81,0,0,1,7,0,0,0,0
insecure-deserialize,CWE-502,1,0,1,0,0,3,15,29,3.29,0,0,0,5,0,10,1,1
path-traversal,CWE-22,1,0,0,0,0,20,2,92,3.08,1,1,0,0,1,19,1,1
sqli-concat,CWE-89,1,0,1,1,1,13,22,141,1.62,1,0,0,6,0,11,0,0
xss-unescaped,CWE-79,0,1,1,0,0,6,27,307,2.14,1,0,0,1,1,41,1,0
insecure-deserialize,CWE-502,1,0,0,1,0,15,6,22,3.52,1,0,1,2,0,29,1,0
hardcoded-secret,CWE-798,1,0,1,0,0,9,30,212,2.66,0,0,0,4,0,9,1,0
insecure-deserialize,CWE-502,0,1,1,0,0,10,14,196,3.09,1,1,0,4,0,49,0,0
hardcoded-secret,CWE-798,0,1,0,0,0,18,22,85,4.04,1,0,0,2,0,33,1,0
xss-unescaped,CWE-79,1,0,0,0,0,15,16,291,2.68,0,1,0,7,0,28,1,0
path-traversal,CWE-22,1,0,0,0,0,3,1,118,1.7,0,1,0,9,1,3,1,0
insecure-deserialize,CWE-502,1,0,1,0,0,10,24,109,4.35,0,1,0,4,0,9,0,0
path-traversal,CWE-22,0,1,1,0,0,18,24,227,4.07,1,0,0,1,0,4,0,0
insecure-deserialize,CWE-502,0,1,0,0,0,14,22,280,2.78,1,1,1,0,1,6,1,0
sqli-concat,CWE-89,1,0,0,0,0,15,2,74,4.49,1,1,0,2,0,19,0,1
insecure-deserialize,CWE-502,0,1,1,1,1,12,11,98,3.56,1,1,0,3,1,7,1,0
ssrf-request,CWE-918,0,0,0,1,0,6,6,257,3.65,0,0,0,1,1,38,0,0
sqli-concat,CWE-89,1,0,1,1,0,11,27,190,2.58,0,1,0,3,0,11,0,0
ssrf-request,CWE-918,0,0,0,1,0,3,18,344,2.22,1,0,0,8,0,33,1,0
path-traversal,CWE-22,1,0,0,0,0,15,29,181,3.03,1,0,0,10,0,3,0,1
hardcoded-secret,CWE-798,1,0,1,0,1,17,9,198,3.19,0,0,0,0,0,29,0,0
sqli-concat,CWE-89,1,0,0,1,0,14,10,227,3.66,1,0,1,4,1,24,0,0
sqli-concat,CWE-89,0,1,0,0,0,2,19,108,2.88,0,0,0,2,0,11,0,1
hardcoded-secret,CWE-798,0,0,1,0,0,13,17,162,1.6,0,1,0,2,1,31,0,0
sqli-concat,CWE-89,1,0,1,0,0,3,20,47,3.75,0,1,0,3,0,29,1,0
xss-unescaped,CWE-79,0,1,1,1,0,18,10,236,2.32,0,0,1,3,0,14,1,0
hardcoded-secret,CWE-798,0,1,1,1,0,16,8,48,3.74,0,0,0,4,1,38,1,0
ssrf-request,CWE-918,0,0,1,0,0,5,22,360,4.14,1,0,0,2,0,1,1,1
ssrf-request,CWE-918,0,1,0,0,0,11,15,30,3.49,0,1,0,9,1,46,0,0
hardcoded-secret,CWE-798,1,0,1,0,0,16,11,354,3.31,0,0,1,5,1,44,1,0
ssrf-request,CWE-918,1,0,0,0,0,2,5,172,1.97,1,1,1,9,1,27,1,1
hardcoded-secret,CWE-798,0,0,0,0,0,1,7,197,3.16,1,0,0,10,0,30,1,1
sqli-concat,CWE-89,0,1,0,0,0,13,10,114,1.83,0,1,1,8,1,35,0,0
path-traversal,CWE-22,0,1,1,1,0,10,19,272,1.63,1,0,0,10,0,36,1,0
insecure-deserialize,CWE-502,1,0,0,0,0,8,12,231,1.93,0,0,0,1,1,32,1,1
sqli-concat,CWE-89,0,0,0,0,0,5,6,85,4.46,0,0,0,9,0,45,1,0
path-traversal,CWE-22,0,0,1,0,0,3,28,248,1.85,0,1,0,8,0,29,1,0
ssrf-request,CWE-918,0,0,1,0,0,2,26,220,2.76,1,1,0,6,1,11,1,0
xss-unescaped,CWE-79,0,1,0,0,0,12,2,98,3.57,1,0,0,3,0,29,0,0
insecure-deserialize,CWE-502,1,0,0,0,1,9,30,65,3.48,1,1,0,4,0,26,1,0
path-traversal,CWE-22,1,0,1,0,0,4,9,104,3.64,0,0,1,0,1,7,0,0
path-traversal,CWE-22,1,0,0,0,0,9,16,394,1.79,0,0,0,2,0,46,0,1
xss-unescaped,CWE-79,1,0,1,0,1,6,21,393,1.92,0,1,0,1,0,7,1,0
path-traversal,CWE-22,1,0,1,0,0,14,27,243,1.74,0,0,0,5,0,7,1,1
xss-unescaped,CWE-79,1,0,1,0,0,8,20,130,3.38,1,0,0,2,0,37,1,1
xss-unescaped,CWE-79,0,1,1,0,0,17,2,352,1.56,1,1,0,1,1,13,0,0
ssrf-request,CWE-918,0,0,0,0,0,18,9,160,2.27,1,0,0,3,0,5,0,1
ssrf-request,CWE-918,1,0,1,1,0,18,10,110,3.35,1,1,1,7,0,30,1,0
xss-unescaped,CWE-79,0,1,0,0,0,14,12,118,2.7,1,0,0,9,0,40,0,0
ssrf-request,CWE-918,0,1,0,0,0,16,15,180,2.76,0,1,0,4,0,27,1,0
sqli-concat,CWE-89,1,0,1,0,0,4,3,397,4.08,0,0,0,7,0,27,1,1
xss-unescaped,CWE-79,1,0,0,0,0,16,11,134,4.47,0,0,1,9,1,8,1,0
ssrf-request,CWE-918,0,1,0,0,0,11,21,222,3.14,1,1,1,6,1,42,0,0
xss-unescaped,CWE-79,0,1,0,0,0,11,17,143,1.66,1,0,0,8,1,23,1,0
insecure-deserialize,CWE-502,0,1,1,0,0,2,17,285,2.54,0,0,1,2,0,10,1,0
path-traversal,CWE-22,0,1,0,0,0,7,5,276,1.74,1,1,0,7,0,6,0,0
sqli-concat,CWE-89,0,1,0,0,0,16,28,132,2.81,1,1,1,4,0,40,0,0
ssrf-request,CWE-918,1,0,0,0,0,2,1,27,4.13,0,0,1,10,0,46,0,1
hardcoded-secret,CWE-798,0,1,0,0,0,8,27,348,3.21,0,0,0,7,1,17,1,0
xss-unescaped,CWE-79,1,0,1,1,1,11,13,58,3.05,1,1,0,1,0,44,0,0
xss-unescaped,CWE-79,1,0,1,0,1,15,10,269,4.15,0,1,0,1,0,44,0,0
ssrf-request,CWE-918,0,0,0,0,0,13,12,236,1.86,1,0,0,6,0,39,0,1
path-traversal,CWE-22,0,1,1,0,0,17,26,344,2.77,1,1,1,4,1,46,1,0
hardcoded-secret,CWE-798,1,0,1,0,0,11,20,257,2.97,0,0,1,5,0,26,0,1
xss-unescaped,CWE-79,0,1,0,0,0,8,19,142,2.34,0,0,0,8,0,21,1,0
sqli-concat,CWE-89,1,0,0,0,0,18,29,208,2.28,1,0,0,7,1,13,0,1
sqli-concat,CWE-89,0,0,0,0,0,17,26,244,3.54,0,0,1,10,1,37,1,0
hardcoded-secret,CWE-798,1,0,1,0,0,7,2,282,3.07,0,1,0,9,1,44,0,0
path-traversal,CWE-22,0,0,0,0,0,10,8,176,2.38,1,1,1,7,0,34,1,0
ssrf-request,CWE-918,1,0,1,0,0,15,25,101,2.38,1,1,0,3,0,50,0,1
ssrf-request,CWE-918,1,0,0,0,0,5,21,376,3.84,1,0,0,8,0,10,1,1
sqli-concat,CWE-89,0,0,0,0,0,12,28,223,2.77,0,1,0,1,0,50,1,0
insecure-deserialize,CWE-502,0,0,1,0,0,17,28,331,3.15,0,0,0,3,0,35,1,0
sqli-concat,CWE-89,1,0,0,0,0,10,13,75,4.1,1,0,0,7,1,16,0,1
hardcoded-secret,CWE-798,1,0,1,0,0,11,3,113,4.38,1,1,0,6,1,48,1,0
insecure-deserialize,CWE-502,0,1,1,0,0,1,23,120,2.65,1,1,0,5,0,28,1,0
hardcoded-secret,CWE-798,0,1,0,1,1,11,28,353,1.5,0,1,0,6,0,1,1,0
insecure-deserialize,CWE-502,1,0,1,0,0,16,16,279,3.38,0,1,0,5,0,17,1,0
hardcoded-secret,CWE-798,0,1,0,0,0,1,19,28,3.51,1,0,1,4,0,24,0,1
ssrf-request,CWE-918,0,1,1,0,0,7,5,253,1.76,0,0,0,4,1,15,1,0
path-traversal,CWE-22,0,0,0,0,0,12,2,330,1.79,0,0,0,2,0,25,0,0
hardcoded-secret,CWE-798,0,0,1,0,0,4,4,375,4.09,1,0,0,3,0,1,1,1
xss-unescaped,CWE-79,0,0,0,1,0,20,6,157,2.59,0,1,0,1,0,36,1,0
sqli-concat,CWE-89,1,0,0,0,1,5,20,96,2.21,1,0,0,3,0,5,1,1
xss-unescaped,CWE-79,1,0,1,0,0,18,28,255,3.66,1,0,1,0,0,6,1,1
path-traversal,CWE-22,1,0,0,0,0,14,18,104,3.1,0,0,0,2,0,24,0,1
sqli-concat,CWE-89,1,0,0,0,0,20,16,22,2.14,1,1,1,2,1,10,0,0
xss-unescaped,CWE-79,0,1,0,1,0,7,15,304,3.68,0,0,0,1,0,8,1,0
ssrf-request,CWE-918,1,0,1,0,0,1,9,152,2.9,1,1,0,4,0,0,1,0
path-traversal,CWE-22,1,0,0,0,0,11,6,199,2.15,0,1,0,4,0,48,0,0
hardcoded-secret,CWE-798,1,0,0,0,0,19,12,183,4.26,1,1,0,4,0,45,0,1
insecure-deserialize,CWE-502,1,0,1,0,0,14,14,111,2.54,0,1,1,2,0,12,1,0
path-traversal,CWE-22,0,1,1,0,0,16,6,164,3.05,0,1,0,2,1,48,0,0
sqli-concat,CWE-89,1,0,1,0,0,2,28,306,4.07,0,1,0,0,0,32,0,1
xss-unescaped,CWE-79,0,0,1,0,0,4,1,351,3.61,0,0,0,10,0,36,0,1
xss-unescaped,CWE-79,0,0,1,1,0,19,5,320,4.04,0,1,0,0,1,10,0,0
path-traversal,CWE-22,0,1,1,0,0,19,27,282,4.2,1,0,0,0,0,10,1,0
sqli-concat,CWE-89,0,1,1,0,0,1,8,266,3.82,0,1,0,6,0,9,1,0
path-traversal,CWE-22,0,1,0,1,0,2,18,187,1.85,0,0,0,8,0,24,0,0
sqli-concat,CWE-89,1,0,1,0,1,4,4,246,1.83,0,0,0,8,1,15,1,0
xss-unescaped,CWE-79,1,0,0,0,0,5,11,328,3.23,0,1,1,2,1,43,1,0
ssrf-request,CWE-918,1,0,1,0,0,10,22,114,3.93,1,1,1,1,1,19,1,1
insecure-deserialize,CWE-502,1,0,0,0,0,3,20,62,3.73,0,0,0,3,0,14,1,1
ssrf-request,CWE-918,0,0,1,0,0,9,1,193,3.76,1,1,0,1,1,41,1,0
insecure-deserialize,CWE-502,0,1,0,0,1,3,11,175,1.94,0,0,1,8,1,39,1,0
ssrf-request,CWE-918,1,0,0,0,0,13,11,363,3.24,0,0,0,6,0,35,0,1
hardcoded-secret,CWE-798,0,0,0,0,0,9,1,20,3.6,0,0,1,0,1,15,0,0
xss-unescaped,CWE-79,1,0,1,0,0,13,12,155,4.4,1,0,0,9,0,32,0,1
insecure-deserialize,CWE-502,1,0,1,1,0,3,15,326,1.84,0,1,0,0,1,13,1,0
hardcoded-secret,CWE-798,1,0,0,0,0,10,20,159,1.65,0,0,1,6,0,25,0,1
ssrf-request,CWE-918,0,0,0,0,0,16,19,106,2.67,0,0,0,7,0,21,0,0
insecure-deserialize,CWE-502,1,0,1,0,0,4,2,212,2.84,0,1,0,5,0,20,0,1
sqli-concat,CWE-89,1,0,1,0,0,16,10,316,2.31,0,0,0,5,1,46,1,0
path-traversal,CWE-22,1,0,1,1,0,8,9,256,4.37,0,1,0,8,1,0,1,0
insecure-deserialize,CWE-502,1,0,0,0,0,3,20,257,1.62,0,1,0,8,0,47,1,1
xss-unescaped,CWE-79,0,0,1,0,0,17,18,78,1.75,0,0,0,7,0,23,0,0
ssrf-request,CWE-918,0,1,1,0,0,9,13,259,2.8,0,0,0,10,1,22,1,0
path-traversal,CWE-22,1,0,1,0,0,11,9,172,4.12,1,1,0,6,0,36,0,1
sqli-concat,CWE-89,1,0,0,0,0,19,1,191,2.41,1,1,0,5,0,7,1,0
hardcoded-secret,CWE-798,0,1,0,0,0,2,15,226,2.67,1,0,1,10,0,0,0,1
sqli-concat,CWE-89,1,0,1,0,0,16,1,227,4.26,0,0,1,4,0,3,1,1
path-traversal,CWE-22,0,1,0,0,0,20,14,396,3.03,0,0,0,6,0,13,0,0
hardcoded-secret,CWE-798,0,1,0,0,0,15,6,233,2.53,0,0,1,6,0,21,1,0
xss-unescaped,CWE-79,1,0,0,0,0,18,5,129,2.11,0,0,0,5,1,43,0,1
sqli-concat,CWE-89,1,0,1,0,1,10,1,252,1.78,1,0,0,1,0,18,0,1
hardcoded-secret,CWE-798,1,0,0,1,0,18,29,255,2.52,1,0,0,4,0,7,1,0
xss-unescaped,CWE-79,1,0,1,0,0,17,15,52,2.63,0,0,0,2,0,27,0,0
path-traversal,CWE-22,0,0,0,1,0,3,27,378,3.97,1,1,0,10,0,8,1,0
sqli-concat,CWE-89,0,0,0,1,0,7,10,27,4.06,0,1,0,5,0,30,1,0
insecure-deserialize,CWE-502,1,0,1,0,0,7,14,251,4.0,0,0,0,4,1,44,1,0
insecure-deserialize,CWE-502,1,0,0,0,0,15,11,214,2.53,0,0,1,0,1,11,1,1
xss-unescaped,CWE-79,0,0,1,0,0,13,10,136,4.46,0,1,1,9,0,28,0,0
sqli-concat,CWE-89,0,0,1,0,0,20,6,246,3.76,0,0,0,7,0,16,0,0
sqli-concat,CWE-89,0,0,1,1,0,8,3,40,1.73,0,0,1,4,0,3,1,0
xss-unescaped,CWE-79,0,1,1,0,0,14,18,225,3.63,0,1,0,10,0,8,1,0
insecure-deserialize,CWE-502,0,0,0,0,0,7,6,177,2.3,0,1,1,6,0,46,1,0
hardcoded-secret,CWE-798,1,0,1,0,1,11,10,129,3.22,0,0,0,3,1,10,1,0
hardcoded-secret,CWE-798,0,1,1,0,0,3,3,227,1.6,1,0,0,2,0,41,1,0
insecure-deserialize,CWE-502,1,0,1,0,0,10,18,175,3.08,1,1,0,5,0,16,0,1
sqli-concat,CWE-89,1,0,1,0,0,19,3,151,1.9,1,0,0,9,0,14,0,1
path-traversal,CWE-22,1,0,1,0,0,4,25,87,2.13,1,1,0,10,1,21,0,1
xss-unescaped,CWE-79,1,0,0,0,0,1,27,231,3.88,0,0,1,10,0,1,0,1
ssrf-request,CWE-918,0,1,1,0,1,6,2,385,2.94,0,0,1,1,1,50,0,0
ssrf-request,CWE-918,0,0,0,1,0,11,1,246,2.21,1,1,0,0,0,7,1,0
sqli-concat,CWE-89,0,1,1,0,0,17,11,222,3.81,0,0,0,6,1,43,1,0
insecure-deserialize,CWE-502,0,1,0,0,0,4,29,176,2.31,1,0,0,4,0,28,1,1
xss-unescaped,CWE-79,0,0,1,0,0,7,8,298,2.28,1,0,0,10,0,4,1,0
ssrf-request,CWE-918,0,0,0,0,0,2,12,330,2.24,0,0,1,2,0,11,0,1
insecure-deserialize,CWE-502,0,0,1,1,0,16,14,228,4.25,0,1,1,3,0,10,0,0
path-traversal,CWE-22,1,0,1,0,1,1,22,23,3.3,1,1,0,4,0,26,0,1
hardcoded-secret,CWE-798,1,0,0,0,1,5,3,131,2.59,0,0,0,3,0,12,1,0
insecure-deserialize,CWE-502,1,0,1,0,0,8,15,51,2.78,1,1,0,3,0,17,0,1
xss-unescaped,CWE-79,0,0,1,1,0,11,25,377,2.98,1,1,0,3,0,25,1,0
hardcoded-secret,CWE-798,1,0,0,0,1,20,10,208,1.54,0,1,0,2,0,35,1,0
ssrf-request,CWE-918,0,0,1,1,0,17,19,290,1.54,1,0,0,4,1,46,0,0
sqli-concat,CWE-89,1,0,0,0,0,14,4,150,4.1,1,0,0,0,0,10,1,1
hardcoded-secret,CWE-798,0,0,0,1,0,12,2,113,3.45,0,1,0,3,0,28,1,0
insecure-deserialize,CWE-502,0,0,1,0,0,19,4,198,3.82,1,1,0,4,0,28,1,0
insecure-deserialize,CWE-502,0,1,0,0,0,16,4,153,1.52,1,1,1,5,1,4,1,0
insecure-deserialize,CWE-502,1,0,0,0,0,4,30,350,2.1,0,0,0,8,0,0,1,1
insecure-deserialize,CWE-502,1,0,1,0,1,8,1,339,3.57,1,1,1,9,0,6,1,0
insecure-deserialize,CWE-502,0,1,0,0,0,13,16,253,2.33,0,1,0,6,1,48,1,0
ssrf-request,CWE-918,1,0,1,0,0,15,4,213,2.39,0,0,1,8,0,23,0,1
hardcoded-secret,CWE-798,0,1,0,0,0,16,10,271,3.14,0,1,0,3,0,5,0,0
sqli-concat,CWE-89,0,0,0,0,0,18,17,123,3.58,0,1,0,1,0,8,0,0
sqli-concat,CWE-89,1,0,1,0,0,18,3,180,3.56,0,1,1,3,1,3,0,0
insecure-deserialize,CWE-502,0,0,1,0,0,18,5,154,4.07,0,0,0,0,0,29,1,0
path-traversal,CWE-22,1,0,0,0,0,10,6,188,2.32,1,0,1,6,0,6,1,1
insecure-deserialize,CWE-502,1,0,1,0,0,20,21,87,4.27,0,1,0,3,1,46,1,0
sqli-concat,CWE-89,1,0,0,0,0,10,25,395,2.33,1,1,1,0,0,36,0,1
insecure-deserialize,CWE-502,0,1,1,0,0,20,17,43,4.37,1,0,1,2,0,12,1,0
insecure-deserialize,CWE-502,0,1,1,0,0,10,4,370,4.13,1,0,0,7,0,22,0,0
path-traversal,CWE-22,0,1,0,0,0,14,1,296,3.81,0,0,0,10,0,43,0,0
ssrf-request,CWE-918,1,0,0,0,0,16,24,302,1.92,1,1,0,9,0,11,0,1
sqli-concat,CWE-89,0,0,1,0,0,7,26,183,3.96,0,0,0,7,0,19,1,0
xss-unescaped,CWE-79,1,0,0,1,0,13,28,49,3.05,0,1,1,9,0,17,0,0
insecure-deserialize,CWE-502,0,0,0,0,0,17,24,174,2.77,1,0,0,9,0,2,0,1
ssrf-request,CWE-918,1,0,0,0,1,4,8,349,2.18,1,0,0,4,0,22,1,1
hardcoded-secret,CWE-798,1,0,0,0,1,1,23,46,4.12,1,1,1,2,1,42,1,1
ssrf-request,CWE-918,1,0,0,0,0,16,9,283,4.08,0,0,1,7,1,14,0,0
insecure-deserialize,CWE-502,0,0,1,0,0,18,8,21,3.42,0,1,0,6,0,23,1,0
ssrf-request,CWE-918,1,0,1,1,0,11,15,139,2.18,0,0,0,9,1,11,0,0
ssrf-request,CWE-918,1,0,0,0,0,20,24,168,3.54,0,0,0,8,0,47,0,1
path-traversal,CWE-22,1,0,0,0,0,2,29,314,3.89,0,1,0,7,0,7,1,0
insecure-deserialize,CWE-502,0,1,0,0,1,16,28,392,3.58,0,0,0,10,0,44,1,0
path-traversal,CWE-22,1,0,1,0,0,12,4,42,4.17,1,1,0,9,1,50,0,0
insecure-deserialize,CWE-502,1,0,0,0,0,16,21,271,3.06,0,0,0,2,1,48,0,1
xss-unescaped,CWE-79,0,0,0,0,1,4,29,293,2.94,1,1,1,0,1,12,0,0
sqli-concat,CWE-89,0,0,0,0,0,9,7,73,3.98,0,0,0,9,0,44,0,0
hardcoded-secret,CWE-798,0,1,1,0,0,19,15,136,1.91,0,1,0,9,0,33,0,0
insecure-deserialize,CWE-502,1,0,0,1,0,4,21,39,2.76,1,1,0,3,1,49,0,1
ssrf-request,CWE-918,0,1,0,1,0,9,18,221,2.94,1,1,1,4,0,17,0,0
sqli-concat,CWE-89,1,0,0,0,0,11,9,362,2.0,0,1,0,7,0,47,0,0
ssrf-request,CWE-918,0,1,0,0,0,10,6,134,1.55,1,0,0,5,0,43,1,0
xss-unescaped,CWE-79,1,0,0,0,0,4,23,156,2.16,1,1,1,3,0,26,1,1
path-traversal,CWE-22,1,0,1,0,0,15,15,76,3.46,1,1,0,3,1,19,1,0
insecure-deserialize,CWE-502,1,0,1,0,0,2,20,215,3.88,1,1,0,4,1,25,0,1
ssrf-request,CWE-918,0,0,1,0,0,7,13,29,2.48,0,0,0,0,0,30,1,0
ssrf-request,CWE-918,0,0,0,0,0,7,16,347,2.25,1,0,0,2,0,3,0,1
ssrf-request,CWE-918,0,0,0,0,0,9,21,169,4.12,1,1,1,7,1,28,1,0
insecure-deserialize,CWE-502,0,1,1,0,0,15,30,58,2.87,1,1,0,9,1,8,0,0
insecure-deserialize,CWE-502,1,0,0,0,0,14,20,292,4.11,1,0,1,2,0,46,0,1
sqli-concat,CWE-89,1,0,1,0,0,20,3,110,3.0,0,0,1,3,0,45,0,0
hardcoded-secret,CWE-798,1,0,1,0,0,6,29,219,2.01,0,0,0,6,0,49,1,0
hardcoded-secret,CWE-798,0,1,0,0,0,6,29,276,2.26,0,0,0,2,0,16,0,0
xss-unescaped,CWE-79,0,0,0,0,0,4,5,169,2.94,1,1,1,10,0,13,0,1
xss-unescaped,CWE-79,0,1,0,0,0,9,2,334,3.33,1,1,0,7,0,43,1,0
ssrf-request,CWE-918,0,1,0,0,1,13,16,308,3.34,0,1,1,1,0,0,1,0
ssrf-request,CWE-918,1,0,1,0,0,17,11,66,4.22,1,1,0,10,0,37,0,1
insecure-deserialize,CWE-502,1,0,0,1,0,4,2,256,2.59,1,1,0,5,0,46,1,0
sqli-concat,CWE-89,0,0,1,0,0,4,22,100,4.16,1,0,0,4,0,36,1,1
hardcoded-secret,CWE-798,0,0,0,0,0,11,18,87,2.49,1,1,0,9,0,42,1,0
ssrf-request,CWE-918,0,0,1,0,0,3,14,123,3.13,0,1,1,9,1,0,0,0
path-traversal,CWE-22,0,1,0,0,0,4,16,219,2.32,1,0,0,10,1,19,1,0
sqli-concat,CWE-89,0,0,1,0,0,1,22,186,3.74,1,0,1,4,0,8,0,1
hardcoded-secret,CWE-798,1,0,0,0,0,5,27,323,2.2,0,0,0,4,1,32,1,1
xss-unescaped,CWE-79,1,0,0,1,1,2,12,295,2.26,1,0,0,4,0,42,0,0
path-traversal,CWE-22,1,0,0,0,0,6,14,53,4.14,1,1,0,10,0,16,1,1
insecure-deserialize,CWE-502,1,0,0,0,0,14,11,45,3.08,1,1,1,8,1,12,1,0
ssrf-request,CWE-918,1,0,0,0,0,14,17,345,1.63,0,0,0,8,0,18,1,1
insecure-deserialize,CWE-502,1,0,0,0,0,3,16,347,2.86,1,1,0,4,1,43,1,1
sqli-concat,CWE-89,1,0,0,0,0,11,24,193,3.16,0,1,0,5,1,18,0,0
xss-unescaped,CWE-79,1,0,1,0,0,3,24,184,2.78,1,0,1,10,0,24,0,1
path-traversal,CWE-22,1,0,0,0,0,12,5,250,4.46,0,0,0,4,0,6,1,1
insecure-deserialize,CWE-502,1,0,1,0,0,13,21,178,3.19,0,0,0,5,0,34,0,0
ssrf-request,CWE-918,0,0,0,0,0,9,19,147,3.45,1,1,1,10,0,40,0,1
insecure-deserialize,CWE-502,0,1,1,0,1,7,9,275,3.33,0,0,0,0,0,34,0,0
sqli-concat,CWE-89,0,0,0,1,0,14,13,229,4.05,0,1,1,4,0,45,0,0
path-traversal,CWE-22,0,1,1,0,0,12,1,95,4.09,1,0,0,1,0,36,0,0
hardcoded-secret,CWE-798,0,1,0,0,0,19,29,100,4.43,1,1,0,1,0,18,0,0
ssrf-request,CWE-918,0,0,0,0,0,2,25,262,4.15,1,1,1,4,0,1,0,1
hardcoded-secret,CWE-798,1,0,1,0,0,16,24,185,1.53,0,0,1,3,0,20,0,0
hardcoded-secret,CWE-798,1,0,1,0,0,16,10,56,3.42,0,1,0,4,0,17,1,0
insecure-deserialize,CWE-502,1,0,0,1,0,7,20,387,2.86,0,0,0,6,0,33,1,0
insecure-deserialize,CWE-502,1,0,0,1,1,12,30,202,3.47,0,0,0,9,0,36,0,0
hardcoded-secret,CWE-798,1,0,0,0,0,11,19,207,2.21,1,1,0,7,0,50,1,1
hardcoded-secret,CWE-798,1,0,0,0,0,5,25,56,1.51,0,1,0,7,0,47,1,0
sqli-concat,CWE-89,1,0,0,0,0,4,26,23,1.6,1,1,0,1,0,3,1,1
ssrf-request,CWE-918,1,0,1,0,1,12,22,189,3.62,1,0,0,9,0,47,1,1
hardcoded-secret,CWE-798,1,0,0,0,0,1,12,215,2.99,0,0,0,10,0,36,0,1
path-traversal,CWE-22,0,1,1,0,0,16,5,386,2.22,0,1,0,5,0,3,1,0
path-traversal,CWE-22,1,0,0,0,1,17,7,377,1.52,1,0,0,3,1,23,1,1
xss-unescaped,CWE-79,0,1,1,0,0,8,5,376,3.96,0,0,0,6,1,13,1,0
ssrf-request,CWE-918,0,1,0,1,0,5,29,138,4.07,1,1,0,5,1,1,0,0
ssrf-request,CWE-918,0,1,1,1,0,3,18,181,3.59,1,0,1,1,0,1,1,0
hardcoded-secret,CWE-798,0,0,0,0,0,2,19,296,1.66,0,1,0,9,1,44,0,0
sqli-concat,CWE-89,1,0,1,0,0,17,13,211,2.48,0,0,0,7,0,33,1,0
path-traversal,CWE-22,1,0,1,0,0,10,10,92,3.24,1,0,0,3,0,23,0,1
insecure-deserialize,CWE-502,1,0,1,0,0,9,5,115,3.79,1,1,0,5,0,32,0,1
hardcoded-secret,CWE-798,1,0,0,0,0,6,24,31,3.69,1,1,1,7,0,7,0,1
hardcoded-secret,CWE-798,0,1,0,0,1,7,13,95,3.76,1,1,0,3,0,29,0,0
insecure-deserialize,CWE-502,1,0,1,1,0,14,7,51,4.12,1,1,1,5,0,29,1,0
hardcoded-secret,CWE-798,1,0,1,1,0,20,19,54,2.54,1,0,0,10,0,31,1,0
ssrf-request,CWE-918,0,1,1,0,0,5,19,288,4.06,1,1,0,0,0,1,1,0
path-traversal,CWE-22,0,0,1,1,1,12,12,69,1.63,0,1,1,9,1,6,0,0
hardcoded-secret,CWE-798,0,0,1,0,1,17,15,84,3.28,0,0,1,8,0,7,1,0
path-traversal,CWE-22,0,1,0,0,0,2,12,347,4.13,0,1,0,7,0,0,1,0
hardcoded-secret,CWE-798,0,1,0,1,0,18,26,84,3.7,1,1,0,0,0,42,0,0
xss-unescaped,CWE-79,1,0,0,0,1,16,26,146,1.88,1,0,0,2,0,2,0,1
hardcoded-secret,CWE-798,0,1,1,0,0,7,29,61,2.83,0,0,0,4,1,25,0,0
sqli-concat,CWE-89,0,1,1,1,1,3,19,295,2.98,0,1,0,5,0,18,1,0
ssrf-request,CWE-918,0,0,0,0,0,4,5,203,2.38,1,0,0,1,0,41,0,1
hardcoded-secret,CWE-798,1,0,0,0,0,14,9,267,1.83,1,0,0,4,0,35,0,1
xss-unescaped,CWE-79,0,1,1,1,0,8,25,335,2.34,1,0,1,7,1,16,1,0
insecure-deserialize,CWE-502,1,0,1,0,0,2,6,87,1.98,1,0,0,8,1,27,1,1
path-traversal,CWE-22,0,1,0,0,0,7,25,392,3.69,1,1,1,1,1,37,0,0
path-traversal,CWE-22,1,0,1,0,0,5,3,395,4.0,0,0,0,4,0,46,1,0
sqli-concat,CWE-89,0,1,0,0,0,12,9,114,3.93,0,1,0,4,0,29,0,0
hardcoded-secret,CWE-798,1,0,0,0,0,11,28,133,2.51,0,1,1,4,0,40,0,1
xss-unescaped,CWE-79,0,1,1,1,0,8,30,264,4.16,1,1,0,2,0,50,0,0
insecure-deserialize,CWE-502,0,0,0,0,1,1,21,96,2.14,0,0,0,10,1,30,0,0
ssrf-request,CWE-918,1,0,1,1,0,7,12,36,3.88,1,1,0,3,0,26,1,0
insecure-deserialize,CWE-502,0,1,1,0,0,20,30,175,3.35,1,1,1,1,1,45,1,0
hardcoded-secret,CWE-798,1,0,1,0,0,6,20,219,2.99,1,1,1,2,0,5,1,0
sqli-concat,CWE-89,1,0,1,0,0,8,27,173,2.05,0,0,0,4,1,24,0,1
hardcoded-secret,CWE-798,1,0,1,0,0,12,22,152,3.5,1,0,1,6,0,17,1,1
path-traversal,CWE-22,1,0,0,1,0,14,16,370,3.42,1,0,0,3,0,12,0,1
hardcoded-secret,CWE-798,1,0,1,0,0,19,7,133,2.41,1,1,0,8,0,45,0,0
sqli-concat,CWE-89,1,0,1,0,1,11,19,238,2.84,1,1,0,4,0,35,0,0
xss-unescaped,CWE-79,1,0,1,0,0,13,16,316,4.03,0,0,0,2,1,6,1,0
insecure-deserialize,CWE-502,0,1,0,0,0,6,20,44,3.06,0,1,0,8,0,44,1,0
hardcoded-secret,CWE-798,1,0,1,0,0,15,7,87,1.51,0,0,0,4,0,7,0,0
path-traversal,CWE-22,1,0,0,0,0,15,22,49,3.64,1,1,1,0,0,17,0,1
ssrf-request,CWE-918,0,1,1,0,0,4,28,82,4.25,1,0,0,2,1,19,0,1
hardcoded-secret,CWE-798,1,0,0,1,0,6,17,368,2.49,0,1,0,1,0,15,1,0
path-traversal,CWE-22,1,0,0,1,0,18,19,79,1.61,0,1,0,1,1,9,1,0
hardcoded-secret,CWE-798,1,0,0,0,0,8,4,353,2.5,0,1,0,0,0,43,0,0
insecure-deserialize,CWE-502,1,0,1,0,0,7,11,162,3.51,1,1,0,10,0,14,1,1
ssrf-request,CWE-918,1,0,1,0,0,20,22,60,3.11,1,1,0,2,0,15,1,1
ssrf-request,CWE-918,1,0,0,0,0,7,25,275,1.63,1,0,0,2,0,45,0,1
path-traversal,CWE-22,0,0,0,0,0,17,26,293,2.92,1,0,1,6,0,39,1,0
path-traversal,CWE-22,1,0,1,0,0,2,24,46,3.21,0,1,0,9,0,15,1,0
path-traversal,CWE-22,0,0,1,0,0,17,11,303,4.25,1,1,0,2,0,28,1,0
xss-unescaped,CWE-79,0,0,0,0,0,3,28,333,3.21,1,0,0,8,1,44,1,1
sqli-concat,CWE-89,1,0,1,1,0,10,5,398,2.07,0,1,0,0,0,28,0,0
path-traversal,CWE-22,0,1,1,0,0,18,1,253,2.35,0,0,0,6,0,20,1,0
hardcoded-secret,CWE-798,1,0,1,0,1,13,24,127,2.67,0,0,1,2,1,8,0,0
xss-unescaped,CWE-79,0,1,0,0,1,8,16,324,3.75,0,0,0,8,0,45,0,0
path-traversal,CWE-22,0,0,0,0,0,11,25,249,4.0,0,1,0,5,0,5,0,0
ssrf-request,CWE-918,0,0,0,1,0,3,8,127,2.83,1,1,1,0,0,20,0,0
insecure-deserialize,CWE-502,1,0,1,0,0,3,30,61,4.45,0,0,1,6,0,47,1,1
ssrf-request,CWE-918,0,0,1,0,0,3,8,300,1.54,0,0,0,3,1,47,1,0
insecure-deserialize,CWE-502,0,1,0,0,0,2,10,275,3.52,1,1,1,6,0,42,1,0
ssrf-request,CWE-918,0,0,0,0,0,20,20,167,3.48,0,0,1,1,1,31,1,0
insecure-deserialize,CWE-502,0,0,0,0,0,2,22,306,3.3,0,0,0,3,0,9,1,1
hardcoded-secret,CWE-798,1,0,0,0,0,3,20,178,2.3,0,1,1,4,0,21,0,1
path-traversal,CWE-22,1,0,0,0,0,10,3,273,3.0,1,1,0,3,0,32,0,1
sqli-concat,CWE-89,0,0,1,0,0,3,20,67,1.53,1,0,1,3,1,5,0,1
insecure-deserialize,CWE-502,0,1,0,0,0,11,20,371,2.67,1,0,0,8,0,4,1,0
path-traversal,CWE-22,1,0,1,0,0,16,30,238,3.4,0,1,0,0,0,49,1,0
hardcoded-secret,CWE-798,0,0,0,0,0,10,3,44,3.67,0,1,1,10,0,3,1,0
hardcoded-secret,CWE-798,0,0,1,0,0,6,28,186,4.19,0,0,1,4,0,26,0,0
hardcoded-secret,CWE-798,1,0,1,0,0,12,27,42,3.02,1,0,0,0,1,8,0,1
hardcoded-secret,CWE-798,1,0,0,0,0,17,27,245,3.18,1,0,0,2,0,47,1,1
hardcoded-secret,CWE-798,0,0,0,0,0,11,18,353,1.66,0,0,0,7,0,9,0,0
xss-unescaped,CWE-79,1,0,0,0,0,1,14,109,2.91,1,1,1,8,1,33,0,1
xss-unescaped,CWE-79,1,0,0,0,0,13,4,179,2.17,0,1,0,1,1,41,0,0
hardcoded-secret,CWE-798,1,0,1,0,0,10,21,235,3.38,0,0,0,0,0,2,1,0
ssrf-request,CWE-918,0,0,1,0,0,12,8,195,1.51,0,0,0,8,0,46,1,0
ssrf-request,CWE-918,0,1,0,0,0,7,8,129,1.7,0,1,0,5,0,49,1,0
insecure-deserialize,CWE-502,0,0,0,0,0,18,1,211,2.07,1,0,0,5,0,11,1,0
path-traversal,CWE-22,1,0,0,0,0,12,29,324,1.8,0,0,0,4,0,29,0,1
hardcoded-secret,CWE-798,0,0,1,0,0,3,26,371,3.46,0,0,0,3,1,28,0,0
hardcoded-secret,CWE-798,1,0,0,0,0,12,12,133,3.45,1,1,0,7,1,8,1,0
sqli-concat,CWE-89,0,0,1,1,0,2,2,88,2.44,1,0,0,5,0,2,0,1
xss-unescaped,CWE-79,1,0,1,0,0,17,19,271,2.62,1,0,1,5,0,35,0,1
insecure-deserialize,CWE-502,0,1,1,0,0,10,19,91,4.11,1,0,0,3,1,45,1,0
hardcoded-secret,CWE-798,1,0,1,0,0,6,16,349,3.36,0,0,0,5,1,23,1,0
sqli-concat,CWE-89,1,0,1,1,0,7,24,398,2.19,1,1,0,5,1,35,0,0
insecure-deserialize,CWE-502,1,0,1,0,1,8,8,364,2.98,0,1,0,0,0,1,0,0
sqli-concat,CWE-89,0,0,0,0,0,3,3,79,3.43,1,1,1,7,0,27,0,1
sqli-concat,CWE-89,1,0,0,0,0,10,24,396,4.33,0,1,0,4,1,40,1,0
hardcoded-secret,CWE-798,1,0,0,0,0,5,29,137,3.16,0,1,0,7,0,37,1,0
insecure-deserialize,CWE-502,0,1,0,0,0,5,30,268,1.87,1,1,0,8,0,33,1,0
xss-unescaped,CWE-79,1,0,0,0,0,6,7,288,2.17,0,1,0,9,0,8,1,0
insecure-deserialize,CWE-502,1,0,0,0,0,12,11,301,2.47,1,0,0,3,0,32,0,1
ssrf-request,CWE-918,1,0,1,0,0,1,27,186,3.74,1,0,0,8,1,30,0,1
path-traversal,CWE-22,1,0,0,0,0,9,22,163,2.99,0,0,1,2,0,2,1,1
xss-unescaped,CWE-79,0,1,1,0,0,7,12,153,2.81,0,1,0,5,0,48,1,0
xss-unescaped,CWE-79,1,0,0,1,1,4,28,351,2.56,0,0,0,4,0,9,0,0
ssrf-request,CWE-918,1,0,1,0,0,18,21,207,3.61,0,0,0,2,1,28,1,0
hardcoded-secret,CWE-798,1,0,1,0,0,12,28,317,3.45,1,0,0,3,1,30,0,1
path-traversal,CWE-22,1,0,0,0,0,8,16,77,2.04,0,0,0,10,1,38,1,0
ssrf-request,CWE-918,0,0,1,0,0,18,30,220,2.15,0,0,0,5,1,31,1,0
path-traversal,CWE-22,1,0,1,0,1,13,13,271,2.18,0,1,0,3,0,10,1,0
hardcoded-secret,CWE-798,0,0,0,0,0,20,23,372,2.67,0,1,0,5,1,10,0,0
insecure-deserialize,CWE-502,1,0,1,0,0,14,5,231,2.86,0,1,0,0,0,27,0,0
ssrf-request,CWE-918,0,1,1,0,0,6,26,92,1.86,1,1,1,9,0,4,1,0
hardcoded-secret,CWE-798,1,0,1,0,0,1,25,163,2.52,1,1,0,7,0,44,1,1
xss-unescaped,CWE-79,1,0,1,0,1,9,8,314,2.73,1,0,0,7,0,11,0,0
insecure-deserialize,CWE-502,0,0,1,0,0,7,22,341,2.59,0,0,0,7,0,48,0,0
insecure-deserialize,CWE-502,1,0,0,0,0,19,17,264,2.81,0,0,0,10,1,40,1,0
xss-unescaped,CWE-79,1,0,1,0,0,14,17,195,3.92,1,1,0,4,0,42,0,1
ssrf-request,CWE-918,0,1,0,0,0,14,28,98,4.22,0,1,0,2,0,34,1,0
xss-unescaped,CWE-79,1,0,1,0,0,14,8,339,2.63,1,0,0,6,0,50,1,1
hardcoded-secret,CWE-798,1,0,0,0,1,18,9,78,3.63,0,0,0,7,0,9,0,0
sqli-concat,CWE-89,1,0,0,1,0,16,28,348,4.26,1,0,1,2,0,45,0,1
path-traversal,CWE-22,1,0,1,0,0,6,18,348,1.51,0,0,0,2,0,18,1,1
path-traversal,CWE-22,0,1,1,0,1,12,18,241,2.69,1,1,1,0,0,13,0,0
xss-unescaped,CWE-79,0,0,1,0,0,19,23,80,2.06,0,1,0,4,0,23,1,0
path-traversal,CWE-22,1,0,0,0,1,11,19,303,4.37,1,0,0,5,0,9,0,1
ssrf-request,CWE-918,0,1,1,0,0,13,23,187,3.92,1,1,0,4,1,7,0,0
insecure-deserialize,CWE-502,1,0,1,0,1,16,8,385,1.84,0,0,1,9,0,25,1,0
insecure-deserialize,CWE-502,0,0,0,0,0,1,21,147,3.57,0,0,0,2,0,20,0,1
xss-unescaped,CWE-79,0,1,0,0,0,9,11,355,3.61,0,0,0,0,0,16,0,0
ssrf-request,CWE-918,1,0,0,0,0,7,19,226,2.5,1,1,0,6,0,45,0,1
path-traversal,CWE-22,1,0,1,0,0,20,21,110,2.72,1,1,0,7,0,46,0,1
insecure-deserialize,CWE-502,0,1,0,1,0,13,4,173,2.21,1,1,0,9,0,1,1,0
ssrf-request,CWE-918,0,0,0,0,0,16,3,50,2.27,1,0,0,3,0,16,1,0
ssrf-request,CWE-918,0,1,1,0,0,18,30,33,2.07,1,1,0,0,0,42,1,0
hardcoded-secret,CWE-798,0,1,0,0,1,9,6,315,2.85,0,1,0,7,0,32,0,0
sqli-concat,CWE-89,1,0,0,0,0,7,6,354,4.22,1,1,0,1,1,16,0,1
xss-unescaped,CWE-79,0,0,0,1,0,18,13,206,3.14,0,0,0,7,0,39,0,0
hardcoded-secret,CWE-798,0,0,0,1,0,15,21,164,2.69,1,0,0,5,0,40,1,0
sqli-concat,CWE-89,1,0,1,0,0,7,28,64,2.03,0,1,0,2,0,30,1,0
sqli-concat,CWE-89,1,0,1,0,0,11,21,384,2.11,1,1,0,4,0,28,0,1
path-traversal,CWE-22,0,1,0,0,0,16,26,188,2.29,0,1,0,0,1,42,0,0
hardcoded-secret,CWE-798,0,0,0,0,0,7,2,322,1.95,0,0,1,0,0,20,0,0
xss-unescaped,CWE-79,1,0,0,0,0,20,10,119,1.6,1,0,1,5,0,36,1,1
sqli-concat,CWE-89,1,0,0,0,0,11,11,297,2.65,0,0,0,0,0,9,1,0
ssrf-request,CWE-918,1,0,0,1,0,10,18,245,3.95,1,1,1,1,0,3,1,0
ssrf-request,CWE-918,1,0,1,0,0,6,29,83,1.82,1,0,0,1,0,25,1,1
insecure-deserialize,CWE-502,1,0,1,0,1,7,9,57,1.84,0,0,0,10,1,4,0,0
hardcoded-secret,CWE-798,0,0,1,0,0,9,15,337,2.7,1,1,1,0,1,20,1,0
hardcoded-secret,CWE-798,1,0,0,0,0,2,10,143,3.24,1,1,1,0,0,9,1,1
ssrf-request,CWE-918,0,1,1,0,0,5,4,309,3.08,0,0,1,7,0,12,0,0
ssrf-request,CWE-918,0,1,0,0,0,19,8,125,2.11,1,1,0,2,0,37,0,0
hardcoded-secret,CWE-798,0,1,0,0,0,5,30,376,2.85,0,0,0,3,0,22,1,0
insecure-deserialize,CWE-502,0,1,0,0,0,16,9,110,1.91,0,0,0,5,0,17,1,0
insecure-deserialize,CWE-502,1,0,0,0,0,10,25,228,3.59,0,1,1,1,1,31,0,0
xss-unescaped,CWE-79,1,0,1,0,0,16,8,27,4.32,1,0,0,10,1,25,0,1
path-traversal,CWE-22,0,1,0,0,0,2,8,345,2.03,1,0,0,0,0,4,1,0
ssrf-request,CWE-918,1,0,1,1,0,7,29,355,3.77,0,1,0,0,0,38,0,0
hardcoded-secret,CWE-798,0,0,0,0,0,14,18,237,2.78,1,1,0,9,1,32,0,0
path-traversal,CWE-22,0,0,0,0,0,10,17,400,1.78,1,0,0,9,1,42,0,1
insecure-deserialize,CWE-502,1,0,0,0,0,10,13,77,4.28,0,0,0,3,1,8,1,1
path-traversal,CWE-22,1,0,0,0,0,13,9,100,2.5,0,0,0,4,0,39,1,1
ssrf-request,CWE-918,1,0,1,1,0,15,22,271,2.14,1,0,0,9,1,10,0,0
insecure-deserialize,CWE-502,0,0,0,0,0,1,30,221,1.72,1,1,0,6,0,9,1,1
hardcoded-secret,CWE-798,1,0,0,1,0,14,20,203,3.5,0,1,0,1,0,14,0,0
xss-unescaped,CWE-79,1,0,0,0,0,13,6,62,3.3,1,0,0,4,0,9,1,1
sqli-concat,CWE-89,1,0,0,0,0,14,11,212,1.96,1,0,0,4,0,46,0,1
path-traversal,CWE-22,0,1,1,1,0,13,23,25,4.39,0,0,1,9,1,48,0,0
path-traversal,CWE-22,1,0,1,0,0,20,26,134,2.98,0,1,1,2,1,10,1,0
ssrf-request,CWE-918,1,0,0,0,0,18,22,271,3.42,0,0,1,8,0,6,0,1
hardcoded-secret,CWE-798,1,0,1,0,0,20,28,166,3.48,0,1,0,0,0,35,0,0
xss-unescaped,CWE-79,1,0,1,0,0,3,24,25,2.38,1,1,1,3,0,50,1,1
ssrf-request,CWE-918,1,0,0,0,1,6,9,255,1.72,1,1,0,10,1,44,1,0
hardcoded-secret,CWE-798,0,0,0,0,0,4,12,85,3.01,1,1,0,7,0,26,1,0
xss-unescaped,CWE-79,0,0,0,0,0,5,16,35,2.7,0,0,1,8,0,24,0,1
xss-unescaped,CWE-79,1,0,1,1,1,12,21,54,1.99,1,1,0,9,1,14,1,0
ssrf-request,CWE-918,1,0,0,0,0,2,11,40,1.67,0,0,0,10,0,26,0,1
hardcoded-secret,CWE-798,0,1,0,0,0,7,19,347,4.38,1,0,0,5,1,3,0,1
sqli-concat,CWE-89,0,1,1,0,1,2,6,295,3.33,0,0,0,8,0,22,1,0
insecure-deserialize,CWE-502,0,1,0,1,0,12,9,365,3.75,1,0,0,1,0,35,0,0
xss-unescaped,CWE-79,1,0,1,0,0,10,10,322,2.09,1,0,0,4,0,27,1,1
ssrf-request,CWE-918,1,0,1,0,0,14,24,53,1.83,1,1,0,1,1,0,1,0
hardcoded-secret,CWE-798,0,1,1,0,0,14,14,34,3.79,0,1,1,2,0,39,1,0
sqli-concat,CWE-89,1,0,1,0,0,15,10,297,3.66,1,0,1,7,0,7,1,1
ssrf-request,CWE-918,1,0,1,0,0,5,4,263,2.38,1,1,0,8,0,12,1,1
ssrf-request,CWE-918,1,0,1,0,0,18,1,361,2.68,0,1,0,9,0,22,1,0
xss-unescaped,CWE-79,0,1,1,0,0,19,20,260,3.43,1,1,0,10,0,50,0,0
xss-unescaped,CWE-79,1,0,1,0,0,3,13,384,3.4,1,0,1,9,0,33,1,1
insecure-deserialize,CWE-502,1,0,1,0,0,14,10,275,1.83,0,1,0,3,0,37,1,0
sqli-concat,CWE-89,1,0,1,0,0,16,11,234,4.35,1,1,0,0,0,2,0,1
path-traversal,CWE-22,0,1,1,0,0,14,30,265,1.99,0,0,0,2,0,13,1,0
xss-unescaped,CWE-79,0,1,0,0,0,14,19,276,4.34,0,0,0,8,0,28,0,0
path-traversal,CWE-22,1,0,0,1,0,14,19,64,3.42,1,0,0,9,1,34,0,0
insecure-deserialize,CWE-502,1,0,1,0,0,13,9,217,1.58,1,0,0,10,0,25,1,1
xss-unescaped,CWE-79,1,0,0,0,0,9,11,211,2.91,1,1,0,2,0,8,0,1
sqli-concat,CWE-89,1,0,1,0,0,20,29,264,3.44,0,1,0,10,0,32,0,0
xss-unescaped,CWE-79,1,0,0,0,1,13,24,301,2.9,0,1,0,6,0,30,0,0
insecure-deserialize,CWE-502,0,1,1,0,0,3,14,267,1.83,1,1,0,8,0,25,1,0
ssrf-request,CWE-918,0,0,1,0,0,12,18,370,1.81,1,0,0,2,1,2,1,0
sqli-concat,CWE-89,0,0,0,0,0,1,23,377,2.59,1,0,0,4,0,12,1,1
ssrf-request,CWE-918,0,1,1,0,0,18,5,153,3.59,1,1,1,4,0,7,1,0
hardcoded-secret,CWE-798,1,0,1,0,0,3,27,327,2.7,0,0,0,2,0,0,0,1
insecure-deserialize,CWE-502,1,0,1,0,0,7,5,72,2.68,0,1,0,10,0,2,1,0
insecure-deserialize,CWE-502,0,0,0,0,0,18,7,367,1.69,1,0,0,7,1,38,0,1
ssrf-request,CWE-918,0,0,1,0,0,2,3,307,2.6,1,0,0,1,0,35,1,0
path-traversal,CWE-22,1,0,1,0,0,6,6,160,1.82,1,0,0,8,0,3,0,1
insecure-deserialize,CWE-502,1,0,0,0,0,9,19,111,3.57,1,0,0,6,0,5,1,1
ssrf-request,CWE-918,0,0,0,0,0,19,16,217,3.6,1,0,0,8,0,21,0,1
hardcoded-secret,CWE-798,0,0,0,0,0,16,6,163,2.55,1,0,0,0,0,2,1,1
sqli-concat,CWE-89,1,0,0,0,0,4,7,194,2.17,1,1,1,2,1,9,0,1
insecure-deserialize,CWE-502,1,0,1,0,0,8,14,206,3.21,0,1,0,7,1,50,1,0
insecure-deserialize,CWE-502,0,0,1,0,0,19,24,335,3.11,0,0,0,2,1,41,0,0
path-traversal,CWE-22,0,0,1,0,0,13,16,67,2.66,0,1,0,2,1,5,0,0
xss-unescaped,CWE-79,1,0,0,0,0,18,7,26,3.15,0,0,0,3,0,36,0,1
ssrf-request,CWE-918,1,0,0,0,0,8,3,366,1.71,0,0,0,3,0,37,1,0
xss-unescaped,CWE-79,1,0,0,0,1,15,3,127,4.24,0,1,0,3,0,42,1,0
ssrf-request,CWE-918,0,0,0,0,0,16,27,365,3.72,1,0,0,7,1,38,1,0
ssrf-request,CWE-918,1,0,0,0,0,19,20,53,2.06,1,0,0,7,0,16,1,1
ssrf-request,CWE-918,1,0,0,0,0,12,9,163,4.34,0,1,0,2,0,35,1,0
hardcoded-secret,CWE-798,0,0,0,0,0,4,15,69,4.49,1,1,0,3,0,38,1,1
hardcoded-secret,CWE-798,1,0,0,0,0,15,22,88,3.97,1,1,1,5,0,32,0,1
insecure-deserialize,CWE-502,1,0,1,0,0,12,7,86,2.33,0,0,1,10,1,50,1,0
xss-unescaped,CWE-79,0,1,1,0,0,10,14,317,3.8,1,0,1,5,0,4,1,0
hardcoded-secret,CWE-798,0,0,1,0,0,9,29,162,2.52,1,1,1,2,0,1,1,0
insecure-deserialize,CWE-502,1,0,0,1,0,20,1,78,2.94,1,0,1,2,0,26,1,0
sqli-concat,CWE-89,0,0,1,0,0,10,27,269,4.24,0,1,0,5,0,36,0,0
xss-unescaped,CWE-79,1,0,0,0,0,20,30,390,3.98,0,0,0,1,1,26,1,1
hardcoded-secret,CWE-798,0,0,0,0,0,14,19,132,2.55,1,0,0,7,1,30,1,1
xss-unescaped,CWE-79,0,1,0,1,0,16,28,81,3.01,1,0,0,1,1,46,1,0
hardcoded-secret,CWE-798,1,0,1,1,0,12,24,131,3.87,0,1,0,3,1,31,1,0
ssrf-request,CWE-918,1,0,1,0,0,9,30,176,1.5,1,0,0,2,0,25,0,1
sqli-concat,CWE-89,0,0,0,0,0,18,16,109,1.84,0,0,1,0,0,22,1,0
insecure-deserialize,CWE-502,1,0,1,1,0,6,22,123,3.11,1,0,0,6,0,6,0,0
insecure-deserialize,CWE-502,1,0,1,1,0,14,19,190,4.34,1,0,0,4,0,41,1,0
path-traversal,CWE-22,0,1,0,0,0,4,17,290,2.41,1,0,0,2,0,33,1,1
hardcoded-secret,CWE-798,1,0,0,0,0,8,14,228,3.98,0,0,0,2,1,46,0,1
path-traversal,CWE-22,0,0,0,1,0,6,18,313,1.71,1,0,0,7,0,1,1,0
insecure-deserialize,CWE-502,0,1,1,1,0,19,14,361,1.65,0,0,1,3,0,16,1,0
ssrf-request,CWE-918,1,0,1,1,0,17,11,391,2.3,1,1,0,2,0,16,1,0
xss-unescaped,CWE-79,1,0,0,0,0,1,2,134,3.69,0,1,0,2,0,41,0,1
hardcoded-secret,CWE-798,0,0,0,1,0,17,26,342,3.91,0,0,0,2,0,8,0,0
path-traversal,CWE-22,0,1,1,0,0,13,12,233,3.98,1,0,0,10,0,44,0,0
insecure-deserialize,CWE-502,1,0,0,0,0,15,23,208,1.74,0,1,0,4,0,10,0,0
xss-unescaped,CWE-79,1,0,1,0,0,13,13,38,1.67,0,0,0,6,0,14,1,0
ssrf-request,CWE-918,0,1,0,0,1,18,26,209,3.37,0,0,0,8,1,25,1,0
path-traversal,CWE-22,0,1,1,0,0,9,22,159,3.29,1,1,1,5,0,48,0,0
xss-unescaped,CWE-79,0,1,0,0,0,3,25,377,2.48,0,1,0,1,0,30,1,0
xss-unescaped,CWE-79,1,0,0,0,0,5,24,75,2.88,0,1,0,2,0,33,0,1
hardcoded-secret,CWE-798,0,1,1,0,0,17,16,128,2.37,0,1,0,0,1,29,0,0
hardcoded-secret,CWE-798,1,0,0,0,0,13,24,55,3.0,1,1,0,10,0,10,1,1
ssrf-request,CWE-918,1,0,0,0,0,11,21,397,3.36,1,1,0,4,0,3,1,1
xss-unescaped,CWE-79,1,0,0,1,0,8,1,296,3.04,1,0,0,4,0,19,1,0
insecure-deserialize,CWE-502,0,1,0,0,0,13,19,118,2.24,1,0,0,5,1,33,0,1
path-traversal,CWE-22,0,1,1,0,0,12,1,341,2.46,0,1,0,7,0,16,1,0
path-traversal,CWE-22,0,1,1,0,0,11,2,201,1.79,1,1,1,2,0,23,1,0
insecure-deserialize,CWE-502,1,0,0,0,0,9,6,321,2.52,0,1,0,6,0,19,0,0
xss-unescaped,CWE-79,0,0,0,0,0,10,25,312,3.06,1,1,0,5,0,19,0,1
sqli-concat,CWE-89,1,0,1,1,0,7,10,328,1.87,0,1,0,7,0,12,0,0
hardcoded-secret,CWE-798,1,0,1,0,0,7,14,115,3.92,0,0,0,10,0,2,0,1
sqli-concat,CWE-89,0,0,1,0,0,18,1,37,4.34,0,1,0,7,1,44,1,0
path-traversal,CWE-22,1,0,1,1,0,7,3,241,2.46,0,0,1,1,0,31,0,0
hardcoded-secret,CWE-798,0,0,1,0,0,10,7,325,2.19,1,1,0,8,1,15,1,0
xss-unescaped,CWE-79,1,0,0,1,0,17,1,66,3.96,0,1,0,9,0,1,0,0
xss-unescaped,CWE-79,0,0,0,0,0,4,30,388,3.32,1,0,1,7,0,22,1,1
insecure-deserialize,CWE-502,1,0,1,0,0,12,4,340,3.13,1,1,1,1,0,24,1,0
xss-unescaped,CWE-79,1,0,1,0,0,16,16,381,1.51,0,0,0,0,0,11,1,1
hardcoded-secret,CWE-798,0,0,1,0,1,16,9,289,3.28,1,0,0,7,0,13,0,0
path-traversal,CWE-22,1,0,0,0,0,8,15,109,4.47,1,0,1,7,0,16,0,1
hardcoded-secret,CWE-798,0,0,0,0,0,1,30,32,2.01,0,0,0,6,1,24,1,0
xss-unescaped,CWE-79,1,0,1,1,0,16,18,261,2.39,0,1,0,2,0,47,0,0
path-traversal,CWE-22,1,0,0,0,0,20,9,48,3.48,1,0,0,7,0,4,1,1
ssrf-request,CWE-918,1,0,0,0,0,13,28,140,3.57,0,1,1,4,0,22,1,0
sqli-concat,CWE-89,1,0,0,1,0,7,7,43,3.31,0,0,1,8,0,17,0,0
ssrf-request,CWE-918,1,0,0,0,0,10,20,248,3.38,1,1,1,6,1,42,1,1
path-traversal,CWE-22,1,0,1,0,0,14,28,193,3.2,0,0,0,5,0,10,0,1
insecure-deserialize,CWE-502,0,1,1,1,0,18,3,103,2.09,1,1,0,10,0,11,0,0
xss-unescaped,CWE-79,0,1,0,0,0,19,11,383,2.0,1,1,0,0,0,30,1,0
ssrf-request,CWE-918,0,0,0,1,0,7,27,101,2.33,1,0,0,1,0,17,0,1
xss-unescaped,CWE-79,1,0,1,0,1,9,23,195,3.54,1,0,1,7,1,14,0,0
sqli-concat,CWE-89,0,1,1,0,0,9,27,279,2.87,0,1,0,1,0,50,1,0
hardcoded-secret,CWE-798,0,1,0,0,0,13,9,98,1.73,0,0,0,1,0,30,0,0
xss-unescaped,CWE-79,0,1,1,0,0,4,19,227,3.62,1,1,1,1,0,0,1,0
hardcoded-secret,CWE-798,0,0,1,0,0,17,24,26,3.49,0,0,1,7,1,25,0,0
insecure-deserialize,CWE-502,0,1,1,0,0,19,23,60,2.18,1,0,1,10,1,29,0,0
hardcoded-secret,CWE-798,1,0,1,0,0,4,14,268,1.7,1,1,0,9,0,27,1,1
path-traversal,CWE-22,1,0,0,0,0,18,6,31,2.1,1,0,0,5,0,19,0,1
sqli-concat,CWE-89,1,0,1,1,0,3,22,208,4.32,1,0,0,8,0,5,1,0
insecure-deserialize,CWE-502,1,0,1,0,0,17,2,306,3.82,1,1,1,7,0,42,0,0
insecure-deserialize,CWE-502,1,0,1,0,1,5,7,68,4.46,1,0,0,8,0,41,1,0
ssrf-request,CWE-918,1,0,1,0,0,8,27,345,3.4,1,0,0,6,0,18,1,1
sqli-concat,CWE-89,0,0,1,1,0,2,6,133,3.06,0,0,0,1,1,46,1,0
path-traversal,CWE-22,0,1,0,0,0,6,24,236,1.93,0,0,0,9,1,45,1,0
xss-unescaped,CWE-79,1,0,1,0,0,1,24,309,3.15,0,1,0,2,1,2,1,0
path-traversal,CWE-22,1,0,1,1,0,19,21,27,2.59,0,0,0,5,0,30,1,0
hardcoded-secret,CWE-798,0,0,0,0,0,18,27,91,3.19,1,0,0,9,0,31,0,1
ssrf-request,CWE-918,1,0,0,0,1,20,25,63,4.23,1,0,0,9,0,1,0,1
hardcoded-secret,CWE-798,1,0,0,0,0,17,30,295,3.17,0,1,0,7,0,35,1,0
path-traversal,CWE-22,0,0,1,0,0,10,22,108,4.45,0,0,1,2,0,13,0,0
sqli-concat,CWE-89,0,0,1,0,0,9,27,38,1.61,1,1,0,0,1,32,0,0
sqli-concat,CWE-89,0,0,0,0,0,7,1,253,1.81,0,0,1,4,0,50,0,0
path-traversal,CWE-22,1,0,1,0,0,18,4,324,4.38,1,1,0,4,0,9,0,1
xss-unescaped,CWE-79,0,1,1,0,1,11,1,175,2.72,0,1,0,6,0,34,1,0
sqli-concat,CWE-89,1,0,1,0,0,5,9,196,1.58,0,0,0,10,0,7,0,0
sqli-concat,CWE-89,1,0,0,0,1,6,24,71,1.57,1,0,0,2,0,35,1,1
path-traversal,CWE-22,0,0,0,0,0,7,3,179,1.7,0,1,0,2,0,47,1,0
sqli-concat,CWE-89,1,0,1,1,0,13,10,95,4.35,0,1,0,4,1,48,1,0
xss-unescaped,CWE-79,1,0,0,0,1,18,19,271,1.61,1,1,0,0,0,18,1,0
insecure-deserialize,CWE-502,1,0,1,0,0,20,3,361,2.81,1,0,1,1,0,5,0,1
hardcoded-secret,CWE-798,0,1,0,1,0,14,22,214,3.96,0,1,0,8,1,36,1,0
xss-unescaped,CWE-79,1,0,0,1,0,8,24,155,1.93,1,1,0,9,0,8,1,0
insecure-deserialize,CWE-502,1,0,0,0,0,10,2,34,2.34,1,0,0,4,0,17,1,1
path-traversal,CWE-22,1,0,1,1,0,7,20,266,1.74,0,0,0,0,0,15,1,0
path-traversal,CWE-22,1,0,1,0,0,20,15,181,4.18,1,1,0,6,0,25,1,1
hardcoded-secret,CWE-798,0,0,1,0,0,4,13,319,3.79,1,0,0,4,1,10,0,1
path-traversal,CWE-22,1,0,1,0,1,5,28,367,2.35,0,0,0,1,0,18,0,1
hardcoded-secret,CWE-798,0,0,1,0,0,4,25,336,4.37,1,0,1,6,0,20,0,1
ssrf-request,CWE-918,0,1,1,0,0,20,15,315,3.76,1,0,1,1,0,3,1,0
hardcoded-secret,CWE-798,0,1,0,0,0,7,11,159,4.21,0,1,1,0,0,44,1,0
xss-unescaped,CWE-79,0,0,1,0,0,1,7,71,1.93,0,1,0,9,0,39,1,0
ssrf-request,CWE-918,0,1,0,0,0,15,4,241,2.67,0,1,1,1,0,6,1,0
sqli-concat,CWE-89,0,0,0,0,0,5,23,201,2.1,0,1,0,9,0,37,0,1
sqli-concat,CWE-89,1,0,1,0,1,18,4,52,1.8,1,1,0,2,0,7,1,0
xss-unescaped,CWE-79,1,0,0,0,0,12,7,299,4.0,1,0,1,5,0,37,1,1
path-traversal,CWE-22,0,0,0,0,0,5,4,123,3.91,0,0,0,4,1,24,1,0
insecure-deserialize,CWE-502,1,0,0,0,1,4,7,375,3.92,0,1,0,4,1,16,0,0
path-traversal,CWE-22,0,0,1,0,0,4,23,87,1.53,1,1,0,7,0,39,0,1
path-traversal,CWE-22,0,0,1,0,0,4,30,123,4.05,0,0,1,3,1,39,1,0
sqli-concat,CWE-89,1,0,1,0,0,1,22,21,2.85,1,0,0,5,0,47,0,1
ssrf-request,CWE-918,1,0,1,0,0,7,29,368,2.52,0,1,0,3,0,47,0,0
path-traversal,CWE-22,0,1,1,0,0,8,13,238,2.71,0,1,0,8,0,13,1,0
hardcoded-secret,CWE-798,1,0,1,0,0,3,6,62,2.36,1,0,1,3,0,10,1,1
xss-unescaped,CWE-79,0,0,1,1,0,12,24,339,3.78,1,0,0,10,0,19,1,0
path-traversal,CWE-22,0,1,1,0,1,7,8,192,3.0,0,0,0,4,1,14,1,0
sqli-concat,CWE-89,1,0,1,0,0,19,8,322,3.9,1,0,0,2,1,12,0,1
xss-unescaped,CWE-79,0,0,1,0,0,17,22,356,2.91,1,1,0,10,1,0,0,0
insecure-deserialize,CWE-502,0,1,1,0,0,6,16,325,3.98,0,0,0,6,0,18,0,0
path-traversal,CWE-22,1,0,0,0,0,12,20,61,4.36,1,0,1,3,0,19,1,1
path-traversal,CWE-22,0,0,0,0,0,10,28,178,1.63,1,1,1,0,0,12,0,1
insecure-deserialize,CWE-502,1,0,0,0,0,5,12,282,4.07,1,1,1,2,1,7,0,0
hardcoded-secret,CWE-798,1,0,1,0,0,3,6,297,4.1,1,0,0,10,1,30,1,1
insecure-deserialize,CWE-502,1,0,1,1,0,14,25,391,3.73,0,0,1,7,0,29,0,0
insecure-deserialize,CWE-502,0,0,1,0,0,6,12,31,2.63,0,0,0,3,1,23,0,0
xss-unescaped,CWE-79,1,0,1,0,0,14,21,113,3.61,1,0,0,8,0,11,0,1
hardcoded-secret,CWE-798,0,1,1,0,0,6,20,99,3.33,0,0,0,9,1,18,1,0
ssrf-request,CWE-918,1,0,1,0,0,5,6,39,2.46,1,0,1,9,0,38,1,0
path-traversal,CWE-22,0,0,1,0,0,8,15,34,4.03,0,0,0,0,0,28,0,0
ssrf-request,CWE-918,1,0,1,1,0,16,26,240,2.07,1,0,0,6,0,22,1,0
insecure-deserialize,CWE-502,1,0,1,0,0,13,7,274,2.35,0,0,0,6,0,33,1,0
insecure-deserialize,CWE-502,0,0,1,0,0,15,27,79,3.54,1,0,0,1,0,35,1,0
hardcoded-secret,CWE-798,1,0,0,0,0,17,21,260,2.67,0,1,0,6,0,15,1,0
sqli-concat,CWE-89,0,1,0,0,0,15,1,140,2.62,1,1,0,0,1,1,1,0
sqli-concat,CWE-89,1,0,1,1,1,9,2,374,2.92,0,1,0,4,1,6,0,0
hardcoded-secret,CWE-798,1,0,1,0,1,9,21,35,3.87,0,0,0,8,0,14,0,1
ssrf-request,CWE-918,0,1,0,0,0,14,21,337,2.47,0,1,1,2,1,13,1,0
hardcoded-secret,CWE-798,0,1,0,0,0,16,26,58,4.21,1,1,0,7,0,35,0,0
path-traversal,CWE-22,0,1,0,1,0,2,23,234,2.37,0,0,0,4,0,44,0,0
insecure-deserialize,CWE-502,1,0,1,0,0,20,1,159,2.11,0,1,0,7,0,9,1,0
path-traversal,CWE-22,0,1,1,0,0,10,21,383,1.74,1,0,0,8,1,6,0,0
path-traversal,CWE-22,0,1,1,0,0,8,11,345,2.02,0,1,1,8,0,1,1,0
ssrf-request,CWE-918,1,0,1,0,1,17,21,160,2.82,0,0,0,7,0,37,1,0
hardcoded-secret,CWE-798,0,0,0,0,1,9,28,151,3.96,1,0,0,10,0,19,1,1
path-traversal,CWE-22,1,0,1,0,0,2,24,106,3.93,1,1,0,4,0,21,0,1
insecure-deserialize,CWE-502,0,1,0,0,0,3,17,147,2.83,0,0,0,8,1,34,0,0
insecure-deserialize,CWE-502,0,1,0,0,0,2,10,255,1.51,1,1,0,4,0,14,0,0
hardcoded-secret,CWE-798,1,0,1,0,0,3,19,368,3.86,0,0,0,5,1,43,0,1
path-traversal,CWE-22,1,0,0,0,0,11,12,65,2.4,0,0,0,8,0,33,1,0
insecure-deserialize,CWE-502,1,0,1,0,0,4,10,142,2.87,0,0,0,5,1,27,0,1
sqli-concat,CWE-89,1,0,0,0,0,18,18,56,3.67,1,0,0,6,1,45,0,1
ssrf-request,CWE-918,0,0,1,1,0,15,8,65,1.79,1,0,1,10,0,37,0,0
xss-unescaped,CWE-79,1,0,1,0,0,12,22,54,3.38,0,0,0,6,1,30,0,0
xss-unescaped,CWE-79,1,0,0,0,0,17,5,69,3.77,0,1,0,10,0,42,1,0
hardcoded-secret,CWE-798,1,0,0,0,0,12,8,374,2.81,1,1,0,2,1,17,1,0
path-traversal,CWE-22,0,1,0,0,0,16,7,273,4.02,0,1,0,2,0,47,1,0
xss-unescaped,CWE-79,1,0,1,0,0,6,16,137,2.3,0,1,0,8,0,43,1,0
hardcoded-secret,CWE-798,1,0,0,0,1,13,17,289,3.22,0,0,0,1,0,47,0,0
xss-unescaped,CWE-79,0,1,1,0,0,16,20,186,4.49,1,1,0,5,1,18,1,0
path-traversal,CWE-22,0,1,0,1,0,10,22,352,2.37,1,0,0,10,1,48,1,0
hardcoded-secret,CWE-798,0,1,0,0,0,8,8,245,3.26,1,1,1,1,0,2,1,0
insecure-deserialize,CWE-502,1,0,0,0,0,17,1,375,4.0,1,0,1,8,0,6,1,1
sqli-concat,CWE-89,0,1,0,0,1,2,16,188,2.2,1,1,0,6,1,27,1,0
path-traversal,CWE-22,0,1,1,1,0,17,23,243,4.42,1,0,0,5,1,20,1,0
ssrf-request,CWE-918,0,1,1,0,0,14,29,274,3.86,0,0,0,9,1,20,0,0
path-traversal,CWE-22,0,1,0,0,0,16,2,360,3.26,1,0,1,1,1,16,1,0
hardcoded-secret,CWE-798,1,0,0,0,0,5,22,186,3.16,1,0,0,1,0,2,1,1
insecure-deserialize,CWE-502,0,1,0,1,0,13,19,78,3.5,0,0,0,1,1,31,1,0
xss-unescaped,CWE-79,1,0,0,0,0,14,13,67,1.58,1,0,0,8,1,50,1,1
sqli-concat,CWE-89,0,0,1,0,0,14,13,77,2.4,0,0,0,8,0,3,0,0
path-traversal,CWE-22,1,0,0,0,0,3,6,193,1.7,1,0,1,8,1,43,0,1
xss-unescaped,CWE-79,1,0,0,0,0,6,3,99,1.74,0,0,0,3,0,43,1,1
sqli-concat,CWE-89,0,0,1,0,1,12,15,136,2.9,1,1,1,10,1,41,0,0
sqli-concat,CWE-89,1,0,1,0,0,16,5,192,3.33,0,0,0,4,0,44,0,1
xss-unescaped,CWE-79,0,0,1,0,0,12,5,385,4.25,1,1,1,9,1,8,0,0
ssrf-request,CWE-918,1,0,0,0,0,8,25,220,3.71,1,1,1,3,0,12,0,1
sqli-concat,CWE-89,1,0,1,0,0,8,4,59,1.87,0,1,0,3,0,26,1,0
insecure-deserialize,CWE-502,0,0,0,1,1,12,24,343,2.03,0,0,0,8,0,36,0,0
insecure-deserialize,CWE-502,0,1,0,1,0,7,2,327,3.46,0,1,1,0,0,48,0,0
ssrf-request,CWE-918,1,0,0,0,1,9,8,124,3.79,1,0,1,3,1,23,0,0
hardcoded-secret,CWE-798,1,0,1,0,0,19,14,276,1.61,1,0,0,4,0,17,0,1
xss-unescaped,CWE-79,1,0,1,0,0,9,1,373,3.68,0,1,0,2,0,31,1,0
hardcoded-secret,CWE-798,0,0,1,0,0,18,2,66,2.4,0,1,0,10,0,6,1,0
ssrf-request,CWE-918,1,0,1,0,1,13,14,366,3.07,1,0,1,4,0,16,1,0
hardcoded-secret,CWE-798,1,0,0,0,0,19,27,116,3.46,1,0,0,5,0,3,0,1
sqli-concat,CWE-89,1,0,1,1,1,19,13,228,3.92,1,1,0,6,0,42,1,0
ssrf-request,CWE-918,0,1,1,0,0,16,2,216,1.85,0,0,0,3,1,21,1,0
sqli-concat,CWE-89,1,0,1,0,0,12,6,111,4.16,1,0,0,4,0,27,0,1
insecure-deserialize,CWE-502,1,0,1,0,0,13,24,53,3.1,1,1,0,7,0,8,1,0
insecure-deserialize,CWE-502,0,1,0,0,1,17,19,357,2.93,0,0,0,5,1,44,0,0
path-traversal,CWE-22,1,0,1,0,0,9,7,119,2.39,1,0,0,5,1,7,0,1
xss-unescaped,CWE-79,0,1,0,0,0,16,24,88,4.43,1,1,0,1,0,32,1,0
xss-unescaped,CWE-79,1,0,0,0,0,13,29,83,3.98,1,1,1,2,0,10,0,1
sqli-concat,CWE-89,0,1,1,0,0,17,23,300,2.34,0,1,1,2,0,44,0,0
sqli-concat,CWE-89,1,0,1,1,0,6,16,104,2.7,0,0,1,8,0,36,1,0
insecure-deserialize,CWE-502,1,0,1,0,0,3,27,277,3.57,0,1,1,1,1,48,0,1
ssrf-request,CWE-918,1,0,0,0,0,18,25,91,2.9,1,0,1,4,0,23,1,1
insecure-deserialize,CWE-502,0,1,0,0,0,9,16,138,4.01,1,0,0,7,0,16,1,1
ssrf-request,CWE-918,0,0,0,0,0,5,8,117,2.77,0,0,0,4,1,48,0,0
xss-unescaped,CWE-79,1,0,0,0,1,19,15,251,3.49,1,0,0,5,1,34,1,1
sqli-concat,CWE-89,0,1,1,0,1,8,12,308,3.76,0,1,0,8,0,20,1,0
hardcoded-secret,CWE-798,1,0,0,0,1,10,5,54,3.92,1,1,0,0,0,36,1,1
insecure-deserialize,CWE-502,1,0,1,0,0,19,7,317,3.2,0,1,0,0,1,45,1,0
ssrf-request,CWE-918,0,1,0,0,1,16,22,393,3.23,0,0,1,1,1,12,1,0
xss-unescaped,CWE-79,1,0,0,0,0,7,3,332,2.5,1,1,1,7,0,16,1,0
path-traversal,CWE-22,0,0,0,1,0,11,1,207,2.42,1,0,1,5,0,16,1,0
hardcoded-secret,CWE-798,0,0,0,0,0,19,24,96,2.17,0,1,1,1,1,11,1,0
xss-unescaped,CWE-79,0,0,0,1,0,15,28,111,3.48,1,0,1,9,0,49,1,0
hardcoded-secret,CWE-798,1,0,0,0,0,11,8,341,2.9,0,0,1,0,0,5,1,0
ssrf-request,CWE-918,0,1,1,0,0,6,5,157,2.99,0,0,0,3,0,1,0,0
path-traversal,CWE-22,1,0,0,0,0,14,9,95,3.22,1,1,0,7,0,12,0,1
sqli-concat,CWE-89,0,0,0,0,0,10,9,368,3.86,0,0,0,1,0,23,1,0
insecure-deserialize,CWE-502,1,0,0,0,0,19,7,228,2.26,1,1,1,5,1,7,0,0
xss-unescaped,CWE-79,0,1,0,0,0,6,24,395,3.23,0,0,0,3,1,10,0,0
xss-unescaped,CWE-79,0,1,0,0,0,6,16,139,2.45,0,1,1,9,0,5,0,0
insecure-deserialize,CWE-502,0,1,0,0,0,3,1,188,3.33,1,0,1,10,0,18,0,0
insecure-deserialize,CWE-502,1,0,0,0,0,20,21,175,3.56,1,0,0,3,0,6,0,1
sqli-concat,CWE-89,1,0,1,0,0,7,24,78,3.94,0,0,0,1,1,0,1,1
insecure-deserialize,CWE-502,0,0,1,0,0,12,13,94,3.44,0,0,0,7,0,49,1,0
xss-unescaped,CWE-79,0,1,0,0,0,5,2,400,4.5,1,1,0,7,0,6,1,0
path-traversal,CWE-22,0,0,1,0,0,20,10,158,3.62,0,1,1,7,0,12,0,0
insecure-deserialize,CWE-502,0,1,1,0,0,15,22,121,1.55,1,1,1,9,0,3,0,0
insecure-deserialize,CWE-502,0,1,1,0,0,1,5,226,3.75,1,1,0,0,0,50,1,0
insecure-deserialize,CWE-502,0,0,1,0,0,9,17,78,3.37,0,1,0,10,1,34,0,0
insecure-deserialize,CWE-502,1,0,0,0,0,16,2,194,3.49,1,0,1,2,0,10,1,1
ssrf-request,CWE-918,0,1,0,0,0,12,8,118,3.13,0,0,0,7,0,41,0,0
xss-unescaped,CWE-79,0,0,0,1,0,2,17,194,3.56,1,1,0,9,0,12,1,0
hardcoded-secret,CWE-798,0,1,1,0,0,20,27,206,1.74,1,0,1,5,1,16,1,0
insecure-deserialize,CWE-502,1,0,0,0,0,1,19,210,2.34,0,0,1,3,0,6,1,1
insecure-deserialize,CWE-502,1,0,1,1,0,5,6,282,2.21,1,1,1,4,0,38,1,0
insecure-deserialize,CWE-502,0,0,1,0,0,11,27,351,2.52,1,1,0,10,0,18,0,0
path-traversal,CWE-22,0,0,0,0,0,11,24,308,3.78,0,0,0,8,0,18,1,0
xss-unescaped,CWE-79,0,0,0,0,0,13,12,208,2.67,1,0,0,10,0,43,0,1
xss-unescaped,CWE-79,1,0,0,0,0,13,27,171,1.54,1,1,0,9,0,5,1,1
path-traversal,CWE-22,1,0,0,0,0,5,23,278,2.09,1,0,0,7,1,16,0,1
insecure-deserialize,CWE-502,1,0,0,0,0,14,30,206,2.75,1,1,0,0,0,15,1,1
hardcoded-secret,CWE-798,1,0,1,0,0,4,3,48,2.77,1,1,0,9,1,11,1,0
ssrf-request,CWE-918,1,0,0,0,0,10,7,236,3.3,1,0,0,2,1,13,1,1
ssrf-request,CWE-918,1,0,1,0,0,10,3,275,3.71,0,1,0,0,0,30,1,0
path-traversal,CWE-22,1,0,0,0,0,10,24,191,1.61,0,1,0,10,0,19,0,1
insecure-deserialize,CWE-502,1,0,0,0,0,10,13,174,3.16,1,0,1,10,1,28,1,0
hardcoded-secret,CWE-798,1,0,0,0,0,13,29,123,3.48,0,1,0,2,0,39,0,1
sqli-concat,CWE-89,1,0,0,0,1,11,14,234,2.87,0,1,1,0,1,10,1,0
insecure-deserialize,CWE-502,1,0,0,1,0,7,14,211,3.64,1,1,0,6,0,47,1,0
insecure-deserialize,CWE-502,0,1,1,0,0,6,6,222,1.83,0,0,0,9,1,21,1,0
xss-unescaped,CWE-79,1,0,1,0,0,3,15,240,2.31,0,1,0,8,0,1,1,0
insecure-deserialize,CWE-502,1,0,0,1,0,8,7,285,3.41,0,0,0,1,0,48,1,0
path-traversal,CWE-22,0,1,0,0,0,2,18,188,1.76,1,0,0,6,0,19,1,1
path-traversal,CWE-22,0,0,0,0,0,1,18,321,2.82,1,0,0,10,1,16,0,1
hardcoded-secret,CWE-798,1,0,0,1,1,3,13,227,3.41,0,0,1,6,0,18,1,0
xss-unescaped,CWE-79,1,0,0,0,0,1,10,283,3.86,0,1,1,7,1,43,1,0
hardcoded-secret,CWE-798,1,0,0,0,0,19,8,276,2.88,0,1,0,3,0,18,1,0
insecure-deserialize,CWE-502,1,0,1,0,0,18,29,336,1.57,1,0,0,1,0,38,1,1
xss-unescaped,CWE-79,1,0,0,0,0,12,26,367,2.84,1,1,0,6,0,27,0,1
sqli-concat,CWE-89,1,0,0,0,0,3,14,120,3.99,1,0,1,7,0,48,0,1
ssrf-request,CWE-918,1,0,1,0,0,8,13,312,3.79,0,0,1,5,0,45,0,1
hardcoded-secret,CWE-798,0,0,1,0,0,6,7,392,2.47,0,1,1,3,0,28,0,0
xss-unescaped,CWE-79,0,1,1,0,0,5,27,55,2.16,0,1,0,8,0,49,0,0
insecure-deserialize,CWE-502,1,0,0,0,0,9,12,225,2.43,0,0,0,0,0,40,0,1
path-traversal,CWE-22,0,0,1,0,0,19,14,258,2.42,1,0,0,10,1,4,1,0
insecure-deserialize,CWE-502,0,1,1,0,0,13,1,228,3.54,0,0,0,3,0,12,0,0
xss-unescaped,CWE-79,1,0,1,0,1,17,10,245,2.19,0,1,0,0,0,1,0,0
insecure-deserialize,CWE-502,1,0,0,0,0,5,17,388,3.33,0,1,0,8,0,6,0,1
insecure-deserialize,CWE-502,1,0,0,0,0,3,27,53,4.13,1,1,0,8,0,12,1,1
path-traversal,CWE-22,1,0,1,0,0,13,17,85,3.35,0,1,0,0,0,32,1,0
path-traversal,CWE-22,1,0,1,0,0,9,8,279,3.49,0,1,0,0,0,47,1,0
hardcoded-secret,CWE-798,1,0,0,0,0,12,21,282,3.12,1,0,0,9,0,34,0,1
hardcoded-secret,CWE-798,1,0,1,0,0,19,21,392,2.29,0,0,1,8,1,27,0,0
ssrf-request,CWE-918,0,1,1,0,0,8,19,137,3.48,1,1,0,6,1,1,1,0
xss-unescaped,CWE-79,1,0,0,0,0,8,20,230,3.75,1,0,0,3,1,32,0,1
insecure-deserialize,CWE-502,1,0,0,1,1,14,8,148,2.83,0,1,0,0,0,49,1,0
insecure-deserialize,CWE-502,0,1,1,0,0,5,19,107,2.61,1,0,0,0,0,16,1,0
ssrf-request,CWE-918,0,0,0,0,0,2,12,286,4.17,1,1,1,1,0,17,0,0
path-traversal,CWE-22,1,0,1,0,0,4,22,275,4.2,1,0,0,6,0,8,1,1
xss-unescaped,CWE-79,1,0,1,0,0,2,6,194,4.22,1,1,0,3,0,35,1,1
path-traversal,CWE-22,1,0,1,1,0,14,27,34,2.16,0,0,0,2,0,35,1,0
sqli-concat,CWE-89,1,0,1,0,0,19,17,172,4.2,0,1,0,9,0,13,0,0
path-traversal,CWE-22,1,0,0,0,0,18,19,343,1.67,0,1,0,5,0,0,0,1
xss-unescaped,CWE-79,0,0,1,0,0,8,5,271,3.86,1,0,0,7,1,34,0,0
sqli-concat,CWE-89,1,0,0,0,0,13,30,334,4.02,1,0,0,1,0,42,1,1
path-traversal,CWE-22,1,0,0,0,0,4,23,181,3.35,0,1,0,7,0,25,0,1
sqli-concat,CWE-89,0,0,0,0,0,9,25,384,3.55,0,1,0,0,0,14,1,0
insecure-deserialize,CWE-502,1,0,1,0,0,7,12,350,2.42,1,1,0,0,0,48,1,0
insecure-deserialize,CWE-502,1,0,0,0,0,13,30,259,3.51,1,0,1,6,0,33,0,1
hardcoded-secret,CWE-798,1,0,0,0,1,5,22,177,3.95,0,0,0,3,1,25,1,0
sqli-concat,CWE-89,0,1,1,0,0,19,2,94,1.57,1,0,0,9,0,8,0,0
hardcoded-secret,CWE-798,1,0,1,0,0,9,23,161,3.63,0,1,0,2,0,20,0,0
insecure-deserialize,CWE-502,1,0,0,0,0,19,2,212,1.97,1,0,1,1,0,50,0,1
xss-unescaped,CWE-79,1,0,1,0,0,10,8,256,2.74,0,0,0,5,0,26,1,0
path-traversal,CWE-22,0,0,1,1,0,15,2,54,3.98,1,1,0,5,0,32,0,0
hardcoded-secret,CWE-798,1,0,1,0,0,15,3,72,2.93,1,1,0,1,1,30,0,1
ssrf-request,CWE-918,1,0,1,1,0,17,25,65,2.58,0,1,0,9,0,33,1,0
sqli-concat,CWE-89,1,0,0,0,1,16,3,196,4.07,0,0,0,0,1,16,1,0
insecure-deserialize,CWE-502,0,1,0,0,0,11,29,241,3.05,0,0,0,7,1,34,1,0
sqli-concat,CWE-89,1,0,1,0,0,19,3,47,1.93,1,0,0,8,0,41,1,1
xss-unescaped,CWE-79,0,0,1,0,0,3,5,221,3.56,1,0,1,2,0,37,0,1
xss-unescaped,CWE-79,1,0,0,0,0,4,8,168,1.92,1,1,0,2,1,32,1,1
xss-unescaped,CWE-79,0,0,0,0,0,19,13,372,3.06,1,0,0,5,1,11,1,0
xss-unescaped,CWE-79,1,0,1,0,0,17,28,378,3.09,1,0,0,7,0,46,0,1
xss-unescaped,CWE-79,0,1,0,0,0,5,18,285,1.97,0,1,0,1,1,33,1,0
sqli-concat,CWE-89,1,0,1,0,0,10,1,191,3.57,1,0,0,1,1,26,0,1
path-traversal,CWE-22,0,0,1,0,0,4,9,365,1.82,0,1,1,7,0,26,1,0
hardcoded-secret,CWE-798,0,1,0,0,0,11,25,175,2.53,0,1,1,3,0,29,0,0
xss-unescaped,CWE-79,1,0,1,0,1,5,9,179,2.32,0,0,1,6,1,20,0,0
hardcoded-secret,CWE-798,0,1,0,1,0,2,2,316,1.79,1,1,0,4,1,3,0,0
ssrf-request,CWE-918,1,0,0,0,0,19,12,140,3.02,1,0,1,10,0,4,0,1
path-traversal,CWE-22,1,0,1,0,0,18,26,86,2.79,1,1,0,4,0,0,1,1
insecure-deserialize,CWE-502,0,0,0,0,1,10,25,268,3.33,1,0,1,5,1,21,1,0
ssrf-request,CWE-918,0,1,0,0,0,11,14,344,3.85,0,1,0,10,0,3,0,0
path-traversal,CWE-22,0,1,0,0,1,18,29,69,2.88,1,0,0,8,0,30,1,0
hardcoded-secret,CWE-798,0,0,0,0,0,10,11,52,2.76,0,0,0,3,0,50,1,0
sqli-concat,CWE-89,0,1,1,0,0,18,18,232,3.15,1,1,0,1,0,34,1,0
xss-unescaped,CWE-79,0,0,1,0,0,12,27,262,3.99,0,1,0,8,0,47,0,0
sqli-concat,CWE-89,0,0,0,0,0,14,10,225,2.03,1,1,0,8,0,49,0,0
ssrf-request,CWE-918,1,0,0,0,0,1,6,277,3.6,0,1,0,8,0,11,1,1
hardcoded-secret,CWE-798,0,0,0,0,0,4,21,102,2.01,0,1,0,9,1,41,0,0
hardcoded-secret,CWE-798,1,0,0,0,0,14,17,74,1.88,0,0,1,2,0,2,0,0
insecure-deserialize,CWE-502,0,0,0,1,0,8,30,28,2.94,0,0,0,2,0,16,0,0
insecure-deserialize,CWE-502,1,0,1,1,0,4,2,59,1.6,1,1,0,0,1,45,0,0
sqli-concat,CWE-89,0,0,1,0,0,17,1,281,3.91,0,0,1,5,0,44,1,0
sqli-concat,CWE-89,0,0,1,0,0,3,4,105,4.22,1,0,1,2,0,2,0,1
ssrf-request,CWE-918,0,1,0,0,0,15,20,321,1.78,0,1,1,1,0,2,1,0
hardcoded-secret,CWE-798,0,1,0,0,0,18,17,81,3.86,1,0,0,5,0,50,1,0
ssrf-request,CWE-918,0,1,0,0,0,15,11,136,4.38,1,1,0,9,1,22,0,0
xss-unescaped,CWE-79,0,1,1,0,0,19,28,55,4.18,1,1,0,10,0,17,0,0
insecure-deserialize,CWE-502,1,0,1,0,0,3,4,299,2.61,0,1,1,7,1,23,1,0
path-traversal,CWE-22,1,0,0,1,0,15,3,49,4.05,0,0,0,0,0,30,0,0
insecure-deserialize,CWE-502,1,0,0,0,0,17,5,276,1.7,1,0,0,7,1,41,1,1
sqli-concat,CWE-89,1,0,0,0,0,17,11,145,2.28,1,0,0,4,1,6,1,1
hardcoded-secret,CWE-798,1,0,0,0,0,9,9,230,3.74,1,0,0,3,0,22,0,1
ssrf-request,CWE-918,0,0,0,0,0,20,21,175,4.35,1,0,0,9,0,29,1,1
insecure-deserialize,CWE-502,1,0,0,0,0,18,20,329,4.39,0,1,0,1,0,7,0,1
insecure-deserialize,CWE-502,1,0,1,0,0,18,16,357,3.32,0,0,0,0,1,28,1,0
xss-unescaped,CWE-79,1,0,1,0,0,2,20,348,1.52,0,1,0,4,0,24,1,0
sqli-concat,CWE-89,1,0,0,0,0,19,1,113,3.94,0,1,0,10,0,1,1,0
insecure-deserialize,CWE-502,0,1,0,0,0,6,9,81,2.73,0,1,0,2,0,31,1,0
xss-unescaped,CWE-79,0,0,1,1,0,7,25,48,1.85,1,0,1,8,1,18,1,0
sqli-concat,CWE-89,1,0,1,0,0,11,2,107,2.11,1,1,0,7,0,22,1,0
hardcoded-secret,CWE-798,0,0,1,0,0,1,1,267,2.27,0,1,0,0,0,2,0,0
insecure-deserialize,CWE-502,0,1,0,0,0,6,2,267,3.48,1,1,0,7,0,29,0,0
insecure-deserialize,CWE-502,1,0,1,0,0,1,26,33,2.81,0,1,0,8,0,45,1,1
ssrf-request,CWE-918,0,0,0,0,1,4,4,24,4.13,0,1,0,1,1,21,1,0
sqli-concat,CWE-89,0,0,1,0,1,4,16,229,2.58,0,0,1,6,1,26,0,0
insecure-deserialize,CWE-502,1,0,0,0,0,12,11,372,1.67,1,0,0,10,0,34,0,1
path-traversal,CWE-22,1,0,0,0,0,7,9,358,2.32,0,0,1,8,0,20,0,1
sqli-concat,CWE-89,1,0,1,0,0,11,27,243,2.63,1,1,0,3,1,32,0,0
ssrf-request,CWE-918,1,0,0,0,0,1,15,394,2.11,1,1,1,3,0,6,0,1
xss-unescaped,CWE-79,1,0,0,0,0,15,21,89,1.9,1,1,0,9,1,14,1,0
ssrf-request,CWE-918,1,0,1,0,0,13,2,69,2.17,1,0,0,3,0,7,1,1
path-traversal,CWE-22,0,0,1,0,0,6,28,253,1.85,1,1,0,6,0,26,1,0
ssrf-request,CWE-918,1,0,0,0,0,19,3,350,1.69,1,1,0,4,0,31,0,1
xss-unescaped,CWE-79,0,0,1,0,0,15,14,347,4.18,1,1,1,10,0,43,0,0
sqli-concat,CWE-89,0,0,1,0,0,8,26,322,4.11,0,0,0,6,0,11,0,0
sqli-concat,CWE-89,1,0,0,0,0,3,7,207,1.58,0,0,0,8,1,37,1,1
ssrf-request,CWE-918,1,0,0,0,0,7,14,263,2.94,0,0,1,5,0,36,1,0
hardcoded-secret,CWE-798,1,0,1,0,0,16,6,253,3.56,0,0,1,1,0,7,1,0
sqli-concat,CWE-89,1,0,1,0,0,6,21,307,2.06,0,1,0,0,0,37,1,0
hardcoded-secret,CWE-798,1,0,1,1,1,6,2,38,2.82,0,1,0,8,0,50,0,0
hardcoded-secret,CWE-798,0,0,1,0,0,13,23,266,4.4,0,0,0,5,0,3,1,0
ssrf-request,CWE-918,1,0,0,0,0,10,17,113,2.33,0,0,1,8,0,14,1,1
path-traversal,CWE-22,1,0,0,0,0,14,4,236,3.31,1,1,0,1,0,44,1,0
xss-unescaped,CWE-79,1,0,0,1,0,15,6,56,3.19,0,0,0,6,0,2,1,0
hardcoded-secret,CWE-798,1,0,1,0,0,11,20,30,3.77,0,1,0,0,0,23,1,1
sqli-concat,CWE-89,1,0,0,0,1,18,4,167,1.78,1,0,0,5,0,33,1,1
ssrf-request,CWE-918,0,0,0,0,0,5,27,143,3.01,0,1,0,10,1,3,1,0
hardcoded-secret,CWE-798,0,0,1,0,0,9,7,105,4.38,1,0,1,10,1,20,1,0
path-traversal,CWE-22,0,1,1,1,0,10,27,266,2.02,1,1,1,2,0,15,0,0
xss-unescaped,CWE-79,1,0,0,0,0,13,2,371,3.52,0,1,0,1,0,22,0,1
hardcoded-secret,CWE-798,1,0,0,0,0,8,1,339,3.94,0,0,0,9,1,9,1,0
insecure-deserialize,CWE-502,0,1,0,0,0,6,20,243,4.44,1,1,0,8,0,14,0,0
sqli-concat,CWE-89,0,1,1,0,0,2,27,33,3.96,0,1,0,8,0,5,1,0
hardcoded-secret,CWE-798,1,0,1,0,0,20,10,165,2.32,1,0,0,6,0,10,0,1
xss-unescaped,CWE-79,1,0,0,0,0,12,12,373,2.84,0,1,0,1,0,38,0,1
sqli-concat,CWE-89,0,1,1,0,1,5,28,235,2.26,1,1,1,7,0,30,0,0
path-traversal,CWE-22,0,1,0,0,0,8,30,137,3.87,1,1,0,10,0,23,1,0
sqli-concat,CWE-89,0,0,1,0,0,10,4,48,3.62,1,0,0,3,0,42,0,1
sqli-concat,CWE-89,0,0,0,0,0,15,8,296,4.5,1,0,1,6,0,40,1,0
path-traversal,CWE-22,0,0,1,0,0,20,14,165,3.13,0,1,0,6,0,6,0,0
ssrf-request,CWE-918,1,0,0,0,0,1,5,336,4.31,0,0,0,9,0,28,1,1
xss-unescaped,CWE-79,0,1,1,0,0,13,7,371,3.48,0,0,0,0,1,20,0,0
xss-unescaped,CWE-79,0,0,1,1,0,20,3,70,3.48,1,0,1,5,0,47,1,0
hardcoded-secret,CWE-798,1,0,1,0,0,20,28,95,2.08,1,1,0,6,0,3,0,1
sqli-concat,CWE-89,1,0,1,0,0,6,6,233,1.62,1,0,1,1,0,17,1,0
xss-unescaped,CWE-79,0,0,1,0,0,17,17,350,3.48,0,0,0,4,0,9,0,0
insecure-deserialize,CWE-502,1,0,0,0,1,3,1,359,4.41,0,0,0,2,0,47,0,1
sqli-concat,CWE-89,0,1,0,0,0,14,2,326,2.97,1,0,0,10,0,44,0,0
ssrf-request,CWE-918,1,0,1,0,0,13,28,238,3.51,0,0,0,4,0,4,1,0
xss-unescaped,CWE-79,0,0,1,0,0,8,6,262,1.74,1,0,0,5,0,24,0,0
xss-unescaped,CWE-79,0,0,1,1,1,12,2,317,3.49,1,0,0,10,1,47,0,0
path-traversal,CWE-22,0,0,1,0,0,17,16,384,2.65,1,0,0,2,1,42,1,0
path-traversal,CWE-22,1,0,1,0,0,13,7,327,1.86,0,0,1,9,0,6,0,0
xss-unescaped,CWE-79,1,0,1,0,1,5,6,364,2.13,1,1,0,4,1,9,0,0
xss-unescaped,CWE-79,1,0,0,0,0,10,3,28,1.86,0,0,1,5,0,24,1,0
path-traversal,CWE-22,1,0,1,0,0,13,4,343,3.41,0,1,0,4,0,1,1,0
xss-unescaped,CWE-79,0,0,0,0,0,14,20,230,2.28,0,0,1,6,0,46,1,0
hardcoded-secret,CWE-798,1,0,0,0,1,4,15,237,3.49,1,0,0,7,1,43,1,1
insecure-deserialize,CWE-502,1,0,1,0,1,10,26,239,3.19,1,0,0,2,0,29,1,0
path-traversal,CWE-22,1,0,0,0,0,10,26,180,2.9,1,1,0,2,0,6,0,1
path-traversal,CWE-22,1,0,0,0,0,6,24,399,3.52,1,0,0,2,1,2,1,1
path-traversal,CWE-22,1,0,0,1,0,11,6,54,3.47,1,1,0,7,0,35,0,0
sqli-concat,CWE-89,0,0,0,0,0,9,7,122,1.65,1,0,0,10,0,5,1,1
xss-unescaped,CWE-79,0,0,1,0,0,19,20,193,2.61,1,0,0,8,0,24,0,1
sqli-concat,CWE-89,1,0,1,0,0,18,2,241,2.67,1,1,0,6,0,39,0,1
insecure-deserialize,CWE-502,1,0,1,0,0,12,3,87,4.49,1,1,1,7,0,10,0,1
hardcoded-secret,CWE-798,0,1,0,0,0,15,15,290,2.98,0,0,0,5,0,22,0,0
path-traversal,CWE-22,0,1,1,0,0,7,17,355,1.85,1,1,1,3,1,41,0,0
path-traversal,CWE-22,0,1,0,0,0,16,14,48,1.89,1,0,0,7,0,25,1,0
ssrf-request,CWE-918,0,0,0,0,0,20,21,246,2.81,0,1,1,10,0,2,1,0
hardcoded-secret,CWE-798,0,0,1,0,0,7,9,157,3.34,1,0,0,0,0,35,1,0
ssrf-request,CWE-918,0,1,0,0,0,11,11,190,2.84,0,1,0,10,1,2,0,0
path-traversal,CWE-22,1,0,0,0,0,8,9,26,3.25,1,0,1,9,0,15,0,1
xss-unescaped,CWE-79,1,0,0,0,0,6,18,35,2.31,0,1,0,4,1,50,0,0
path-traversal,CWE-22,1,0,1,0,0,4,26,188,4.13,1,0,0,9,0,26,1,1
hardcoded-secret,CWE-798,0,1,1,0,1,15,21,375,4.16,0,1,0,8,1,6,0,0
hardcoded-secret,CWE-798,1,0,0,0,0,5,23,335,3.09,0,1,1,9,1,28,0,0
hardcoded-secret,CWE-798,1,0,0,1,0,16,12,331,2.68,0,0,0,1,0,47,1,0
ssrf-request,CWE-918,1,0,1,0,0,15,1,353,2.43,0,0,0,6,0,19,1,0
path-traversal,CWE-22,0,1,1,1,0,12,3,92,4.04,0,0,0,1,1,17,0,0
xss-unescaped,CWE-79,1,0,1,0,0,19,16,286,2.53,1,0,0,8,0,17,1,1
insecure-deserialize,CWE-502,1,0,0,1,0,18,2,41,3.74,1,0,0,7,0,7,0,0
xss-unescaped,CWE-79,0,0,0,1,0,12,17,277,4.31,0,0,1,10,0,10,1,0
insecure-deserialize,CWE-502,0,0,0,1,0,10,19,150,2.77,0,0,0,2,0,37,0,0
ssrf-request,CWE-918,1,0,0,0,0,20,7,82,4.35,0,0,0,5,1,19,1,0
ssrf-request,CWE-918,1,0,0,0,0,20,24,340,3.56,0,0,1,2,0,42,0,1
hardcoded-secret,CWE-798,0,1,1,0,0,6,29,283,2.33,0,0,1,10,1,13,1,0
insecure-deserialize,CWE-502,1,0,0,0,0,15,10,312,4.19,1,1,1,2,0,0,0,1
ssrf-request,CWE-918,0,0,0,0,0,16,2,234,3.41,0,0,1,2,1,3,0,0
sqli-concat,CWE-89,1,0,0,0,0,1,3,232,3.12,1,0,1,8,0,36,1,1
hardcoded-secret,CWE-798,0,1,1,0,0,17,30,304,3.36,1,1,0,10,0,23,1,0
xss-unescaped,CWE-79,1,0,0,0,0,5,14,369,4.17,0,1,0,7,0,14,1,0
hardcoded-secret,CWE-798,0,0,1,0,0,3,18,228,3.27,1,0,0,1,0,36,0,1
ssrf-request,CWE-918,0,0,0,1,0,9,20,94,1.97,1,1,0,1,0,26,0,0
sqli-concat,CWE-89,1,0,1,0,0,2,3,30,4.04,1,0,0,6,0,22,1,1
sqli-concat,CWE-89,1,0,1,0,0,19,2,117,2.3,1,1,0,6,1,43,0,0
insecure-deserialize,CWE-502,1,0,0,0,0,6,12,321,3.9,0,1,0,3,0,49,0,0
insecure-deserialize,CWE-502,1,0,0,0,0,2,1,330,3.3,0,0,1,4,0,27,0,1
xss-unescaped,CWE-79,0,0,0,0,0,11,30,286,1.58,0,0,1,1,0,43,1,0
insecure-deserialize,CWE-502,1,0,0,0,0,20,12,331,4.24,1,1,0,4,1,34,0,1
ssrf-request,CWE-918,1,0,1,0,0,7,29,389,3.54,1,0,0,7,1,43,1,0
path-traversal,CWE-22,0,0,1,0,0,18,27,383,1.54,1,1,1,8,0,49,1,0
ssrf-request,CWE-918,0,1,0,0,0,10,13,155,4.2,1,1,0,3,0,2,0,0
path-traversal,CWE-22,1,0,1,0,0,6,16,183,2.83,0,0,1,5,0,6,1,0
hardcoded-secret,CWE-798,0,1,1,0,0,9,1,53,3.5,1,1,1,6,0,18,0,0
path-traversal,CWE-22,0,1,1,0,0,6,28,291,2.07,0,1,0,2,0,33,0,0
xss-unescaped,CWE-79,0,1,0,0,0,4,24,180,4.45,0,0,0,1,0,8,0,0
sqli-concat,CWE-89,1,0,0,0,0,16,27,392,2.28,0,0,1,3,0,36,1,1
sqli-concat,CWE-89,0,0,1,1,0,15,1,369,3.91,0,0,1,9,1,14,1,0
insecure-deserialize,CWE-502,1,0,1,0,1,5,20,261,2.32,1,0,1,7,0,49,1,0
ssrf-request,CWE-918,0,0,0,0,0,1,23,48,2.71,1,1,0,8,0,15,1,1
hardcoded-secret,CWE-798,1,0,1,0,0,12,17,393,2.88,0,0,0,9,0,35,1,1
path-traversal,CWE-22,1,0,1,0,0,10,10,134,1.86,0,1,1,1,0,32,0,0
xss-unescaped,CWE-79,0,0,0,0,0,14,1,284,4.41,1,1,0,2,0,49,0,0
insecure-deserialize,CWE-502,0,1,1,0,0,16,30,329,4.26,1,0,0,2,0,44,0,0
sqli-concat,CWE-89,1,0,0,0,0,1,15,344,3.7,1,0,1,3,0,19,0,1
path-traversal,CWE-22,0,0,0,0,0,6,21,279,4.44,1,0,1,1,0,30,0,1
path-traversal,CWE-22,1,0,0,0,0,20,23,227,2.87,1,1,1,9,0,4,1,1
xss-unescaped,CWE-79,1,0,1,0,0,9,3,241,3.89,1,1,0,7,0,10,0,1
xss-unescaped,CWE-79,1,0,0,0,0,5,3,201,1.87,1,0,0,6,1,29,0,1
sqli-concat,CWE-89,1,0,1,0,0,9,19,337,1.95,0,1,0,6,1,28,1,0
sqli-concat,CWE-89,1,0,1,0,0,4,5,28,2.72,1,1,1,7,0,17,1,0
ssrf-request,CWE-918,1,0,1,0,0,12,17,351,4.07,0,1,0,1,1,9,1,0
ssrf-request,CWE-918,0,0,0,0,1,19,7,234,3.0,1,0,0,1,0,46,0,0
insecure-deserialize,CWE-502,1,0,0,1,0,19,24,53,3.67,0,1,0,6,0,22,0,0
ssrf-request,CWE-918,0,1,1,0,0,15,8,100,2.76,1,0,0,6,1,28,0,0
sqli-concat,CWE-89,0,1,0,0,0,11,22,90,2.96,1,0,0,7,0,47,1,0
xss-unescaped,CWE-79,1,0,1,0,0,16,17,385,4.09,1,0,0,6,0,7,0,1
sqli-concat,CWE-89,0,1,1,0,0,2,24,98,3.34,0,1,0,3,1,22,1,0
sqli-concat,CWE-89,0,0,1,0,0,1,13,303,1.72,1,1,0,3,0,13,0,0
path-traversal,CWE-22,0,0,1,0,0,11,24,343,2.38,0,1,0,2,0,17,1,0
insecure-deserialize,CWE-502,0,1,0,0,0,17,7,251,3.94,1,1,0,0,1,13,0,0
path-traversal,CWE-22,0,0,1,0,1,2,24,31,2.74,0,1,0,7,0,43,0,0
hardcoded-secret,CWE-798,0,1,1,0,0,11,25,355,4.41,0,1,0,6,0,36,1,0
insecure-deserialize,CWE-502,0,0,0,0,0,4,19,221,2.43,0,1,1,6,0,47,1,0
sqli-concat,CWE-89,0,1,0,0,0,6,23,90,1.96,1,1,0,9,0,26,1,0
xss-unescaped,CWE-79,1,0,0,1,1,4,29,257,3.86,0,1,0,0,0,45,1,0
hardcoded-secret,CWE-798,1,0,0,0,0,20,5,356,4.38,0,0,1,3,1,24,1,1
hardcoded-secret,CWE-798,1,0,1,1,0,6,30,108,3.64,1,0,0,4,0,30,0,1
ssrf-request,CWE-918,1,0,1,0,0,8,29,328,1.66,0,1,0,8,1,45,0,0
hardcoded-secret,CWE-798,1,0,1,0,1,6,15,36,3.26,0,0,1,1,0,50,1,0
xss-unescaped,CWE-79,1,0,0,0,0,10,4,104,4.09,0,0,0,5,0,50,0,1
ssrf-request,CWE-918,0,0,1,0,0,3,3,59,3.65,0,0,0,2,1,5,1,0
hardcoded-secret,CWE-798,1,0,0,0,0,15,22,66,3.44,0,1,1,2,1,34,1,0
path-traversal,CWE-22,1,0,1,0,0,17,1,336,1.58,1,0,0,5,1,6,1,1
hardcoded-secret,CWE-798,1,0,1,1,0,7,16,94,3.95,0,0,0,1,0,35,1,0
xss-unescaped,CWE-79,1,0,1,0,1,6,20,182,2.6,1,1,0,2,1,22,1,0
sqli-concat,CWE-89,0,1,1,0,0,10,10,118,4.14,0,0,0,6,0,38,1,0
xss-unescaped,CWE-79,0,1,1,0,0,13,3,186,3.88,0,0,0,10,0,36,0,0
sqli-concat,CWE-89,0,0,1,1,0,17,25,217,1.61,1,1,1,5,0,5,1,0
hardcoded-secret,CWE-798,1,0,1,0,0,7,19,370,2.35,1,0,0,5,0,50,1,1
ssrf-request,CWE-918,0,1,0,0,0,18,30,34,3.26,0,1,0,3,1,24,1,0
xss-unescaped,CWE-79,1,0,0,0,0,4,12,147,1.58,0,0,0,2,0,30,1,1
path-traversal,CWE-22,1,0,1,0,0,14,10,65,1.67,0,0,0,2,1,39,1,0
path-traversal,CWE-22,0,0,1,0,0,17,11,199,1.85,1,0,1,4,0,18,0,1
path-traversal,CWE-22,0,0,0,0,0,11,27,272,4.39,0,0,1,10,1,37,1,0
xss-unescaped,CWE-79,1,0,1,0,0,2,14,126,2.71,1,0,0,2,0,46,0,1
path-traversal,CWE-22,0,1,0,1,0,12,5,202,2.76,1,1,1,6,1,18,0,0
insecure-deserialize,CWE-502,0,0,1,0,0,13,19,237,2.61,0,1,1,8,0,9,1,0
path-traversal,CWE-22,0,0,0,0,0,5,29,369,1.97,0,0,0,1,0,45,0,0
path-traversal,CWE-22,1,0,0,0,0,16,26,168,4.34,0,1,0,9,1,10,1,0
insecure-deserialize,CWE-502,0,1,0,0,0,16,2,260,2.07,1,1,0,1,0,15,1,0
ssrf-request,CWE-918,1,0,0,0,0,10,4,92,2.18,1,1,0,7,0,15,1,1
insecure-deserialize,CWE-502,1,0,0,0,0,9,5,89,2.6,1,0,0,3,0,4,0,1
hardcoded-secret,CWE-798,1,0,0,0,0,18,30,60,2.43,0,0,0,4,0,16,1,0
hardcoded-secret,CWE-798,0,0,1,0,1,5,28,89,3.0,0,0,0,4,0,6,1,0
insecure-deserialize,CWE-502,1,0,0,0,0,16,17,116,4.45,1,1,0,1,1,48,0,1
insecure-deserialize,CWE-502,1,0,1,0,0,9,23,26,4.19,0,0,0,8,1,2,0,0
path-traversal,CWE-22,0,0,1,0,0,18,28,155,3.44,1,1,0,0,0,20,1,0
insecure-deserialize,CWE-502,0,0,0,0,0,14,10,318,4.41,1,0,0,4,1,40,1,1
sqli-concat,CWE-89,0,0,1,0,0,9,20,319,2.46,0,0,1,3,1,30,1,0
xss-unescaped,CWE-79,0,1,1,0,0,10,18,150,2.22,1,1,1,10,0,24,0,0
hardcoded-secret,CWE-798,1,0,0,0,0,12,29,201,2.55,0,0,0,4,0,43,1,0
hardcoded-secret,CWE-798,1,0,1,0,0,20,25,73,1.87,0,0,1,8,1,9,0,0
xss-unescaped,CWE-79,0,1,0,1,0,15,14,91,2.57,1,0,1,1,0,9,0,0
xss-unescaped,CWE-79,0,0,1,0,1,5,21,276,1.79,1,1,1,9,0,42,1,0
sqli-concat,CWE-89,0,1,1,0,0,2,9,145,4.12,0,0,0,6,0,21,0,0
hardcoded-secret,CWE-798,0,0,1,0,1,8,25,143,4.31,1,1,1,9,0,36,1,0
path-traversal,CWE-22,1,0,0,0,0,10,17,305,3.07,0,0,0,9,0,11,0,1
path-traversal,CWE-22,1,0,0,0,0,5,12,115,2.13,1,1,0,2,0,2,1,0
sqli-concat,CWE-89,0,0,0,0,1,18,10,43,2.93,0,0,0,2,0,32,1,0
ssrf-request,CWE-918,0,0,1,0,0,11,17,261,3.02,1,0,0,5,0,25,1,0
insecure-deserialize,CWE-502,1,0,1,0,0,1,22,116,4.12,0,1,0,6,1,9,0,0
xss-unescaped,CWE-79,1,0,1,1,0,19,30,315,3.23,1,0,0,3,1,30,0,0
xss-unescaped,CWE-79,0,1,1,1,0,18,8,176,1.65,0,1,0,6,0,4,1,0
ssrf-request,CWE-918,1,0,1,0,0,10,11,311,3.7,0,1,0,0,0,33,0,0
ssrf-request,CWE-918,0,0,0,0,0,13,10,169,3.67,0,1,1,5,1,21,0,0
ssrf-request,CWE-918,0,0,1,0,0,11,1,34,3.78,1,0,1,7,1,3,0,0
path-traversal,CWE-22,1,0,0,1,0,8,5,78,4.01,0,1,0,3,1,39,0,0
ssrf-request,CWE-918,1,0,1,0,0,9,8,342,2.65,0,0,0,8,0,7,1,0
insecure-deserialize,CWE-502,1,0,0,0,1,2,23,322,2.38,0,0,0,6,0,41,1,0
sqli-concat,CWE-89,0,0,0,1,1,9,6,309,2.72,0,1,0,8,1,47,0,0
ssrf-request,CWE-918,1,0,1,0,0,3,2,253,3.15,0,1,0,9,0,7,1,0
path-traversal,CWE-22,1,0,1,1,0,20,18,280,1.89,0,1,0,7,0,39,0,0
hardcoded-secret,CWE-798,0,1,1,0,0,8,8,125,3.1,0,0,0,2,0,2,0,0
path-traversal,CWE-22,0,1,1,1,0,19,22,150,1.86,1,0,0,7,0,23,0,0
ssrf-request,CWE-918,0,0,0,0,1,6,21,30,4.37,0,0,0,2,1,9,1,0
xss-unescaped,CWE-79,0,0,0,0,0,8,21,274,1.7,1,0,0,4,1,25,0,1
xss-unescaped,CWE-79,1,0,1,0,0,18,22,358,1.87,0,0,1,1,0,1,0,0
sqli-concat,CWE-89,0,1,1,0,0,3,3,169,4.22,0,1,0,0,1,0,1,0
sqli-concat,CWE-89,0,1,1,0,0,16,18,71,2.01,0,0,0,4,1,16,0,0
insecure-deserialize,CWE-502,0,0,0,0,0,16,17,76,4.28,0,1,1,7,0,41,1,0
hardcoded-secret,CWE-798,1,0,0,0,0,5,3,372,2.26,0,1,0,2,0,11,0,0
sqli-concat,CWE-89,1,0,0,0,0,9,29,55,4.44,1,1,0,8,0,1,1,1
sqli-concat,CWE-89,0,1,1,0,0,13,4,325,2.42,0,1,0,2,0,32,1,0
ssrf-request,CWE-918,0,0,0,0,0,8,23,214,4.42,0,1,0,4,1,22,0,0
path-traversal,CWE-22,0,0,0,0,0,11,17,293,4.06,0,1,0,5,1,16,0,0
sqli-concat,CWE-89,1,0,0,0,0,4,13,66,4.12,0,1,1,1,0,11,0,0
insecure-deserialize,CWE-502,0,1,0,0,0,1,14,373,1.86,0,1,0,6,1,38,1,0
path-traversal,CWE-22,0,0,1,0,0,7,4,243,3.9,0,1,0,5,0,19,0,0
ssrf-request,CWE-918,1,0,1,0,0,16,3,271,2.83,1,1,0,6,0,9,0,0
insecure-deserialize,CWE-502,1,0,1,0,0,8,4,293,4.32,1,0,0,3,1,41,0,1
path-traversal,CWE-22,0,1,0,0,0,5,14,100,1.56,0,1,0,5,0,28,0,0
ssrf-request,CWE-918,0,0,0,0,0,20,15,142,3.73,0,1,1,1,0,10,1,0
ssrf-request,CWE-918,1,0,1,1,0,8,20,50,2.07,1,0,1,1,1,49,1,0
insecure-deserialize,CWE-502,1,0,0,0,1,10,8,62,3.21,1,1,0,4,0,48,1,0
insecure-deserialize,CWE-502,1,0,1,0,0,20,16,51,1.78,1,0,1,2,1,40,1,1
sqli-concat,CWE-89,1,0,1,0,0,6,2,44,3.66,1,0,0,6,0,20,0,1
ssrf-request,CWE-918,0,0,0,0,0,16,14,251,3.59,1,1,0,1,0,40,0,1
ssrf-request,CWE-918,0,0,1,0,0,15,7,217,2.7,1,0,0,4,1,17,1,0
sqli-concat,CWE-89,1,0,1,0,0,1,15,53,2.8,0,1,0,10,0,23,1,0
insecure-deserialize,CWE-502,1,0,1,1,0,14,29,360,3.04,0,0,1,6,1,43,1,0
hardcoded-secret,CWE-798,0,0,1,0,0,9,7,341,4.16,1,0,1,7,1,30,1,0
ssrf-request,CWE-918,0,0,1,0,0,6,10,105,2.08,0,0,0,8,0,6,1,0
sqli-concat,CWE-89,0,1,0,0,0,3,23,82,3.14,0,0,0,5,1,12,1,0
insecure-deserialize,CWE-502,1,0,1,0,0,3,5,306,2.35,1,0,1,8,1,29,0,1
hardcoded-secret,CWE-798,0,0,0,0,0,15,8,86,2.2,0,1,0,6,1,12,0,0
hardcoded-secret,CWE-798,1,0,0,0,1,19,25,388,3.51,0,0,1,3,0,33,1,0
xss-unescaped,CWE-79,0,1,0,0,0,18,6,333,3.39,1,0,0,8,0,20,1,0
sqli-concat,CWE-89,1,0,1,0,1,9,13,174,1.9,0,1,0,0,0,25,1,0
path-traversal,CWE-22,0,1,1,0,0,5,17,340,1.63,0,0,0,10,0,27,0,0
xss-unescaped,CWE-79,1,0,1,0,1,19,29,142,3.03,1,0,0,0,0,29,1,1
sqli-concat,CWE-89,1,0,0,0,0,4,24,272,3.28,1,1,0,10,0,6,0,1
ssrf-request,CWE-918,0,0,1,0,0,8,14,105,3.96,1,1,0,4,0,36,0,0
xss-unescaped,CWE-79,0,0,0,0,0,8,27,377,3.02,0,1,0,0,1,0,1,0
sqli-concat,CWE-89,1,0,1,0,0,9,3,230,3.17,1,1,0,3,1,36,0,0
insecure-deserialize,CWE-502,0,1,0,0,0,10,1,206,2.17,1,0,1,10,1,13,0,0
insecure-deserialize,CWE-502,0,0,1,0,0,19,29,138,2.31,0,0,0,0,1,42,0,0
path-traversal,CWE-22,1,0,1,1,0,11,28,147,3.7,0,1,0,9,0,28,0,0
insecure-deserialize,CWE-502,0,1,0,0,0,5,15,140,2.95,0,0,1,3,1,33,1,0
sqli-concat,CWE-89,1,0,0,0,0,3,7,300,4.0,0,1,0,0,1,9,1,1
insecure-deserialize,CWE-502,1,0,0,0,0,15,21,294,2.13,0,0,1,3,1,41,1,0
path-traversal,CWE-22,1,0,0,0,0,9,10,31,1.68,1,1,0,5,0,31,0,1
sqli-concat,CWE-89,0,1,1,0,0,11,30,40,2.72,0,0,0,0,0,34,1,0
hardcoded-secret,CWE-798,0,0,0,0,0,5,27,31,3.43,1,1,1,0,0,33,1,0
ssrf-request,CWE-918,1,0,0,1,0,7,13,267,1.91,0,0,0,0,0,47,1,0
hardcoded-secret,CWE-798,0,0,0,0,0,20,10,161,3.48,0,0,0,1,1,8,0,0
ssrf-request,CWE-918,1,0,1,0,0,17,7,342,2.58,1,1,0,8,1,11,1,0
ssrf-request,CWE-918,1,0,0,0,0,7,6,311,2.26,1,0,0,9,0,28,1,1
sqli-concat,CWE-89,0,1,1,0,0,15,28,198,1.6,1,0,0,3,0,19,0,0
insecure-deserialize,CWE-502,1,0,0,0,1,1,1,127,3.2,0,1,0,10,0,25,1,0
ssrf-request,CWE-918,1,0,1,1,0,10,29,39,3.18,1,0,0,7,0,36,0,1
sqli-concat,CWE-89,1,0,0,0,0,1,17,354,2.4,1,0,0,4,0,3,1,1
xss-unescaped,CWE-79,1,0,0,0,1,4,12,220,2.19,0,1,0,8,0,22,0,0
xss-unescaped,CWE-79,0,1,1,0,0,7,23,107,3.87,1,1,1,5,0,50,0,0
hardcoded-secret,CWE-798,0,1,1,0,0,9,3,116,3.88,1,1,1,3,0,31,0,0
insecure-deserialize,CWE-502,0,0,0,1,0,4,25,93,2.2,0,0,0,10,0,33,1,0
sqli-concat,CWE-89,0,1,0,0,0,12,5,51,2.77,0,1,0,0,1,24,1,0
path-traversal,CWE-22,1,0,1,0,0,5,8,301,2.68,1,1,0,6,1,9,0,0
path-traversal,CWE-22,1,0,1,0,0,6,17,388,3.49,1,0,0,1,0,47,1,1
xss-unescaped,CWE-79,0,0,1,0,0,3,19,62,3.07,0,1,0,5,1,45,1,0
hardcoded-secret,CWE-798,0,1,0,1,0,9,30,76,4.25,0,0,1,2,0,18,0,0
sqli-concat,CWE-89,1,0,0,0,0,2,8,302,3.28,0,0,1,10,1,27,1,0
ssrf-request,CWE-918,0,0,1,0,0,15,3,236,3.08,0,0,0,0,0,5,1,0
hardcoded-secret,CWE-798,1,0,0,0,0,16,25,152,2.36,0,0,1,1,0,31,0,1
path-traversal,CWE-22,1,0,1,0,0,1,26,262,3.34,1,0,0,7,0,9,0,1
sqli-concat,CWE-89,1,0,1,0,1,2,23,256,2.0,0,0,1,5,1,49,1,0
xss-unescaped,CWE-79,0,1,0,0,0,20,12,219,2.14,1,1,0,4,0,18,0,0
ssrf-request,CWE-918,0,1,0,0,0,19,25,100,2.73,1,1,0,3,0,7,0,0
hardcoded-secret,CWE-798,1,0,1,0,0,17,20,219,1.53,1,1,1,2,0,31,1,0
insecure-deserialize,CWE-502,1,0,1,0,0,1,26,271,2.08,1,0,0,1,0,1,1,1
hardcoded-secret,CWE-798,1,0,0,0,0,10,16,88,1.9,1,1,1,0,0,28,1,1
hardcoded-secret,CWE-798,1,0,1,1,0,15,12,287,1.74,0,1,0,7,1,28,1,0
insecure-deserialize,CWE-502,0,0,1,0,0,19,13,228,3.52,1,0,0,0,1,22,1,0
path-traversal,CWE-22,1,0,1,0,1,9,2,149,3.36,0,1,1,10,0,22,0,0
insecure-deserialize,CWE-502,0,0,1,0,0,14,11,110,3.35,0,0,0,4,0,0,1,0
path-traversal,CWE-22,1,0,1,1,0,8,29,121,3.17,0,0,0,7,0,42,0,0
insecure-deserialize,CWE-502,1,0,0,0,0,4,9,65,2.19,0,0,0,9,0,20,0,1
hardcoded-secret,CWE-798,0,0,0,0,0,3,3,317,1.57,1,0,1,8,0,43,0,1
path-traversal,CWE-22,1,0,1,0,0,4,11,195,3.09,1,0,0,4,0,33,0,1
sqli-concat,CWE-89,0,1,0,0,0,9,1,361,4.18,1,1,0,1,0,24,1,0
hardcoded-secret,CWE-798,1,0,0,0,0,7,15,136,2.11,1,1,0,0,1,5,0,1
path-traversal,CWE-22,1,0,1,0,0,12,8,140,3.23,1,1,0,7,1,23,1,0
ssrf-request,CWE-918,0,0,1,0,0,2,20,331,4.04,0,1,0,0,1,33,1,0
hardcoded-secret,CWE-798,1,0,1,1,0,13,16,387,1.67,1,1,0,1,1,50,0,0
ssrf-request,CWE-918,1,0,0,0,0,4,30,81,2.68,0,0,0,8,0,6,1,1
xss-unescaped,CWE-79,1,0,0,1,0,15,18,31,1.64,1,0,0,6,0,35,1,1
sqli-concat,CWE-89,1,0,0,1,0,10,26,74,3.93,1,1,0,0,1,31,0,0
xss-unescaped,CWE-79,0,0,0,0,0,16,14,380,3.12,0,0,0,6,0,17,0,1
ssrf-request,CWE-918,1,0,0,0,0,18,13,140,1.8,0,1,0,9,1,41,1,0
path-traversal,CWE-22,1,0,1,1,0,15,23,123,2.9,1,1,0,0,1,33,1,0
insecure-deserialize,CWE-502,1,0,1,0,0,4,30,215,4.06,1,1,0,6,1,33,0,1
sqli-concat,CWE-89,0,1,0,0,0,17,10,91,3.48,1,0,0,2,0,3,1,0
ssrf-request,CWE-918,0,1,1,0,0,18,17,30,3.59,0,1,1,7,0,42,0,0
path-traversal,CWE-22,1,0,0,0,1,15,2,223,1.94,0,1,0,9,0,25,0,0
sqli-concat,CWE-89,0,1,1,0,0,13,21,313,3.33,0,0,0,6,0,15,1,0
insecure-deserialize,CWE-502,1,0,1,0,0,2,3,308,4.47,0,0,0,2,0,46,0,1
path-traversal,CWE-22,0,0,0,0,0,3,16,171,3.51,0,0,0,3,0,17,0,1
ssrf-request,CWE-918,1,0,1,0,0,10,14,319,2.06,1,1,0,2,0,37,1,1
path-traversal,CWE-22,0,0,1,0,1,13,14,124,2.13,0,0,0,0,0,14,1,0
sqli-concat,CWE-89,1,0,0,0,0,7,3,166,1.7,0,1,0,3,0,12,0,1
ssrf-request,CWE-918,1,0,1,1,1,9,22,354,4.2,1,0,0,10,1,10,0,0
ssrf-request,CWE-918,1,0,1,0,0,1,26,215,2.87,0,0,1,3,0,45,0,1
ssrf-request,CWE-918,0,0,0,0,0,13,10,169,4.24,0,1,0,3,0,21,0,0
xss-unescaped,CWE-79,0,1,1,0,0,20,1,80,2.02,1,0,0,4,0,3,0,0
insecure-deserialize,CWE-502,0,0,1,0,0,19,19,54,3.46,1,1,0,0,0,1,1,0
hardcoded-secret,CWE-798,1,0,0,0,1,16,27,179,2.92,1,0,0,0,1,34,1,1
path-traversal,CWE-22,0,1,1,1,0,7,18,233,2.67,1,0,1,3,1,19,0,0
sqli-concat,CWE-89,0,0,0,0,0,20,17,89,4.15,0,1,0,9,1,15,1,0
xss-unescaped,CWE-79,0,1,1,0,0,1,15,134,4.24,0,1,0,6,0,11,0,0
hardcoded-secret,CWE-798,0,0,0,0,0,1,27,28,4.18,0,1,0,0,0,36,1,0
sqli-concat,CWE-89,0,1,0,0,1,14,5,250,1.81,1,0,1,5,0,48,1,0
hardcoded-secret,CWE-798,0,1,1,0,0,8,19,273,2.28,1,1,0,5,0,6,1,0
ssrf-request,CWE-918,1,0,1,0,0,11,3,314,3.1,1,1,0,1,1,1,0,1
xss-unescaped,CWE-79,1,0,1,0,1,20,10,73,3.58,0,1,1,5,0,35,0,0
ssrf-request,CWE-918,0,0,0,0,1,7,22,386,1.61,1,0,0,10,0,36,0,1
hardcoded-secret,CWE-798,0,1,0,0,0,18,6,181,2.21,0,1,1,8,1,41,0,0
path-traversal,CWE-22,0,1,0,0,0,5,4,255,4.28,0,1,0,6,0,25,1,0
hardcoded-secret,CWE-798,0,0,0,1,1,8,30,291,4.27,1,1,0,1,0,46,1,0
hardcoded-secret,CWE-798,1,0,1,0,1,3,15,25,2.38,1,0,0,3,0,7,1,0
hardcoded-secret,CWE-798,0,0,0,1,0,8,5,68,4.01,1,1,1,4,1,6,1,0
path-traversal,CWE-22,0,0,0,1,0,5,14,51,2.9,1,0,0,4,1,3,1,0
hardcoded-secret,CWE-798,0,0,1,0,0,10,10,197,1.81,0,1,1,2,0,50,0,0
ssrf-request,CWE-918,0,0,1,1,0,14,26,165,3.93,0,1,0,3,1,20,1,0
path-traversal,CWE-22,1,0,1,0,0,8,7,275,2.56,0,0,0,8,0,13,0,0
ssrf-request,CWE-918,1,0,0,0,0,9,13,244,3.8,0,0,0,7,0,2,1,1
xss-unescaped,CWE-79,1,0,1,0,0,15,12,343,1.72,1,1,0,7,0,9,0,1
xss-unescaped,CWE-79,1,0,0,0,1,20,10,382,3.27,1,0,1,2,0,20,1,1
path-traversal,CWE-22,1,0,1,0,0,20,10,290,3.28,0,0,0,3,0,27,0,1
sqli-concat,CWE-89,1,0,1,0,0,12,22,398,3.23,1,0,0,10,0,39,1,1
insecure-deserialize,CWE-502,1,0,0,0,0,20,29,252,2.86,1,0,1,2,1,16,0,1
hardcoded-secret,CWE-798,0,1,0,1,0,8,27,109,1.9,1,0,0,0,0,29,0,0
sqli-concat,CWE-89,1,0,1,0,0,8,5,356,2.81,0,1,1,4,0,14,1,0
hardcoded-secret,CWE-798,0,0,1,0,0,19,26,71,3.05,1,1,1,0,0,26,1,0
xss-unescaped,CWE-79,0,0,1,0,0,1,27,196,3.71,0,1,1,0,1,28,1,0
xss-unescaped,CWE-79,0,1,0,1,1,6,24,305,3.15,1,0,0,9,0,34,1,0
xss-unescaped,CWE-79,1,0,1,0,1,16,25,396,2.26,0,1,1,2,1,17,0,0
xss-unescaped,CWE-79,0,0,1,0,0,4,25,253,3.77,0,1,0,10,1,12,1,0
ssrf-request,CWE-918,1,0,0,0,0,15,12,276,3.84,1,1,1,5,0,46,1,1
xss-unescaped,CWE-79,0,1,1,0,0,12,20,344,2.29,1,1,0,4,0,41,0,0
xss-unescaped,CWE-79,1,0,1,0,0,18,17,365,3.22,0,1,0,0,0,9,0,0
ssrf-request,CWE-918,1,0,0,0,0,9,19,377,2.94,0,0,0,8,0,32,1,1
hardcoded-secret,CWE-798,1,0,0,0,0,14,16,344,4.09,0,0,0,1,1,46,0,1
ssrf-request,CWE-918,1,0,1,0,0,13,22,163,2.86,0,0,0,6,0,33,0,1
ssrf-request,CWE-918,0,0,1,0,0,13,30,367,4.15,1,1,0,3,0,19,0,0
ssrf-request,CWE-918,1,0,0,0,0,15,2,345,1.92,0,0,0,4,1,50,0,1
path-traversal,CWE-22,0,0,0,0,0,12,27,173,2.63,1,0,0,10,0,41,1,1
insecure-deserialize,CWE-502,1,0,0,0,0,19,9,393,1.86,1,0,0,10,0,6,0,1
ssrf-request,CWE-918,1,0,0,0,0,1,6,352,2.14,0,0,0,10,0,36,1,1
sqli-concat,CWE-89,0,1,0,0,0,4,18,388,3.94,0,1,0,9,0,14,0,0
ssrf-request,CWE-918,0,1,1,0,0,16,29,116,3.06,1,1,1,6,0,43,1,0
hardcoded-secret,CWE-798,1,0,0,0,0,8,14,20,2.7,0,1,0,0,1,33,1,0
insecure-deserialize,CWE-502,0,0,1,0,1,6,21,309,2.81,0,0,0,4,1,26,1,0
sqli-concat,CWE-89,1,0,1,0,0,15,7,91,2.86,1,1,0,10,0,24,1,0
insecure-deserialize,CWE-502,1,0,0,1,0,4,21,285,3.66,1,1,1,9,0,47,1,1
xss-unescaped,CWE-79,1,0,1,0,1,3,5,160,4.21,0,1,0,6,0,9,0,0
insecure-deserialize,CWE-502,1,0,1,0,0,10,25,252,1.87,0,1,0,3,0,3,1,0
insecure-deserialize,CWE-502,1,0,0,0,0,19,13,38,4.13,1,1,0,9,0,49,0,1
xss-unescaped,CWE-79,0,1,0,0,0,16,15,175,4.05,0,0,0,1,0,44,1,0
ssrf-request,CWE-918,1,0,0,1,0,14,29,143,4.28,0,0,0,9,1,46,1,0
hardcoded-secret,CWE-798,1,0,0,0,0,18,16,302,1.84,1,0,0,7,0,50,0,1
ssrf-request,CWE-918,0,0,1,0,0,16,2,324,2.37,1,1,0,1,1,26,1,0
sqli-concat,CWE-89,0,1,1,0,0,19,19,64,1.95,0,1,1,2,0,1,0,0
ssrf-request,CWE-918,1,0,0,0,0,3,7,172,2.96,0,1,0,3,0,27,1,1
path-traversal,CWE-22,1,0,0,0,1,12,7,247,3.95,0,0,1,2,0,39,0,0
hardcoded-secret,CWE-798,0,0,1,0,1,1,11,132,1.54,0,0,1,0,1,18,1,0
path-traversal,CWE-22,0,1,0,0,0,18,22,307,3.05,0,1,0,2,1,10,1,0
insecure-deserialize,CWE-502,0,0,1,0,0,7,15,157,2.53,1,1,1,3,0,19,0,0
ssrf-request,CWE-918,0,0,1,0,1,17,26,160,3.63,1,1,0,4,1,28,0,0
xss-unescaped,CWE-79,1,0,0,0,0,19,5,150,3.46,1,1,1,10,0,15,1,1
sqli-concat,CWE-89,0,0,1,0,0,15,1,302,2.87,1,0,0,1,0,13,1,0
path-traversal,CWE-22,0,0,1,0,0,5,18,72,2.78,1,0,1,8,0,21,1,0
xss-unescaped,CWE-79,1,0,0,0,0,15,12,123,3.88,1,0,0,1,0,33,0,1
ssrf-request,CWE-918,0,0,1,0,0,6,12,366,3.22,1,1,1,5,0,26,0,0
sqli-concat,CWE-89,0,1,1,0,1,13,12,68,1.74,0,0,0,5,0,34,0,0
insecure-deserialize,CWE-502,0,1,1,0,0,12,14,370,4.5,0,0,0,6,0,34,1,0
insecure-deserialize,CWE-502,0,0,0,1,0,14,8,388,3.33,1,0,1,3,0,44,0,0
sqli-concat,CWE-89,1,0,1,0,0,3,19,70,3.93,0,0,0,1,0,2,0,1
hardcoded-secret,CWE-798,1,0,0,0,0,7,11,261,4.17,0,1,0,1,0,3,0,1
sqli-concat,CWE-89,0,1,1,1,0,12,1,354,4.16,1,0,1,0,0,11,1,0
xss-unescaped,CWE-79,0,0,1,0,0,9,29,123,3.44,0,0,0,1,1,43,1,0
xss-unescaped,CWE-79,0,0,1,0,0,7,8,374,1.55,0,0,0,7,1,46,0,0
hardcoded-secret,CWE-798,1,0,1,0,0,8,1,329,3.4,0,0,1,7,1,46,0,0
insecure-deserialize,CWE-502,1,0,1,0,1,16,17,176,2.52,0,1,0,3,1,22,1,0
ssrf-request,CWE-918,1,0,0,0,1,3,22,57,3.02,0,0,0,6,1,13,1,0
xss-unescaped,CWE-79,1,0,1,0,1,1,11,50,2.16,1,0,1,1,0,46,1,1
ssrf-request,CWE-918,1,0,1,0,0,15,21,140,2.74,1,0,0,4,0,8,1,1
sqli-concat,CWE-89,0,1,0,0,1,5,13,335,3.33,1,0,0,7,0,11,1,0
insecure-deserialize,CWE-502,0,0,1,0,0,3,1,115,3.21,1,0,0,9,0,26,1,0
ssrf-request,CWE-918,1,0,1,0,0,12,20,365,4.33,1,0,0,0,0,37,0,1
ssrf-request,CWE-918,1,0,1,0,0,6,4,128,3.13,0,0,0,3,1,14,0,0
sqli-concat,CWE-89,0,1,0,0,0,13,1,117,1.59,0,0,0,8,0,11,0,0
xss-unescaped,CWE-79,0,1,1,0,0,1,27,375,2.02,0,0,0,6,0,45,0,0
xss-unescaped,CWE-79,0,1,0,0,0,10,10,138,2.98,1,0,1,9,0,31,1,0
xss-unescaped,CWE-79,0,0,1,0,0,8,30,344,2.06,0,1,1,7,1,16,0,0
xss-unescaped,CWE-79,0,1,0,1,0,8,16,205,3.83,1,0,1,3,0,19,0,0
sqli-concat,CWE-89,0,1,1,0,0,20,12,143,3.63,1,0,0,9,0,48,0,0
ssrf-request,CWE-918,1,0,0,0,0,18,25,279,2.6,0,0,0,5,0,9,0,1
sqli-concat,CWE-89,1,0,0,0,0,18,29,378,2.58,1,1,0,6,0,30,0,1
xss-unescaped,CWE-79,0,0,1,0,0,20,12,392,1.62,1,0,1,10,1,39,1,0
sqli-concat,CWE-89,0,0,1,0,0,2,29,237,3.16,1,0,0,6,1,9,1,1
insecure-deserialize,CWE-502,1,0,1,0,0,14,11,206,2.73,1,1,0,3,0,22,0,1
path-traversal,CWE-22,0,1,1,1,0,18,10,253,4.28,1,0,1,9,0,17,1,0
sqli-concat,CWE-89,1,0,0,0,0,13,2,234,3.62,1,1,0,0,0,44,1,1
hardcoded-secret,CWE-798,0,0,0,0,0,5,21,279,2.87,0,1,1,1,0,18,0,0
xss-unescaped,CWE-79,0,0,1,0,0,17,13,308,3.36,0,0,1,8,1,6,1,0
ssrf-request,CWE-918,1,0,1,0,0,11,9,57,3.6,0,0,0,0,0,39,0,1
xss-unescaped,CWE-79,0,0,1,0,0,20,11,93,3.56,1,1,0,2,0,42,1,0
path-traversal,CWE-22,1,0,1,0,0,14,23,209,3.25,1,0,0,7,1,42,1,1
hardcoded-secret,CWE-798,1,0,0,1,0,3,25,287,3.36,0,1,0,1,0,28,0,0
path-traversal,CWE-22,0,0,1,0,0,15,9,247,1.96,1,0,0,6,1,7,0,0
path-traversal,CWE-22,0,1,0,0,0,2,16,374,2.68,0,0,1,0,0,40,1,0
insecure-deserialize,CWE-502,1,0,0,0,0,9,3,348,2.24,1,1,0,1,1,15,0,0
hardcoded-secret,CWE-798,0,1,0,0,0,12,17,95,2.53,1,0,0,4,0,9,1,0
sqli-concat,CWE-89,0,1,0,1,0,12,3,50,2.08,0,1,0,9,1,42,0,0
insecure-deserialize,CWE-502,0,1,1,0,0,8,12,89,2.83,1,1,0,10,0,38,1,0
path-traversal,CWE-22,1,0,0,0,0,20,4,272,4.15,0,0,0,2,0,4,1,0
insecure-deserialize,CWE-502,1,0,0,0,0,3,22,73,2.87,0,1,0,9,0,39,0,1
sqli-concat,CWE-89,0,1,0,0,1,2,19,364,3.11,0,1,1,10,1,17,0,0
sqli-concat,CWE-89,1,0,0,0,0,20,27,336,3.99,1,0,0,10,1,44,0,1
hardcoded-secret,CWE-798,1,0,0,0,0,18,13,159,4.46,1,0,0,5,0,24,0,1
insecure-deserialize,CWE-502,1,0,0,0,0,8,13,343,3.48,1,0,0,1,0,30,0,1
sqli-concat,CWE-89,0,1,0,0,1,10,7,80,2.2,0,0,0,7,1,27,1,0
hardcoded-secret,CWE-798,1,0,1,1,0,17,26,124,4.19,0,1,1,7,0,5,0,0
xss-unescaped,CWE-79,0,0,0,0,1,19,20,79,2.71,1,0,0,7,0,3,1,0
hardcoded-secret,CWE-798,1,0,0,0,0,1,23,183,2.94,0,1,1,6,0,9,1,0
sqli-concat,CWE-89,0,1,1,0,0,14,7,197,4.47,1,0,0,4,0,4,0,0
ssrf-request,CWE-918,0,1,0,0,0,12,11,94,2.68,0,0,1,6,1,31,1,0
ssrf-request,CWE-918,0,1,0,0,0,3,30,47,1.53,0,1,1,10,1,49,1,0
sqli-concat,CWE-89,1,0,1,0,0,1,22,154,3.04,0,1,0,7,1,15,0,0
ssrf-request,CWE-918,0,0,0,0,0,2,2,338,1.82,0,0,0,8,0,1,1,1
path-traversal,CWE-22,0,0,1,1,0,9,29,220,3.31,1,0,0,6,0,14,0,0
xss-unescaped,CWE-79,0,0,0,0,0,7,15,182,2.48,0,1,0,5,0,48,1,0
sqli-concat,CWE-89,0,1,0,0,0,20,13,204,4.1,1,1,0,7,0,50,1,0
sqli-concat,CWE-89,0,0,1,0,0,17,7,328,2.99,0,1,0,3,0,21,1,0
ssrf-request,CWE-918,1,0,1,0,1,17,25,320,3.78,1,1,1,10,0,47,0,0
ssrf-request,CWE-918,1,0,1,0,0,7,17,59,3.94,0,1,0,8,0,5,1,0
xss-unescaped,CWE-79,0,1,0,0,0,12,23,292,2.13,1,1,0,8,0,11,1,0
hardcoded-secret,CWE-798,1,0,0,0,0,3,24,246,4.34,1,1,0,8,1,12,0,1
hardcoded-secret,CWE-798,1,0,0,1,0,13,20,201,3.59,1,0,0,6,1,37,0,1
insecure-deserialize,CWE-502,1,0,0,0,0,6,11,313,4.3,0,0,0,3,1,50,1,0
insecure-deserialize,CWE-502,0,1,0,0,0,9,27,177,4.17,1,0,0,2,0,22,0,1
xss-unescaped,CWE-79,0,1,1,0,0,8,28,397,3.68,0,0,1,6,0,24,1,0
xss-unescaped,CWE-79,0,0,0,0,0,8,11,325,1.6,1,1,0,4,0,5,1,0
ssrf-request,CWE-918,0,0,1,0,0,1,6,193,3.34,1,1,1,3,0,14,1,0
hardcoded-secret,CWE-798,0,1,0,0,0,12,2,89,4.45,1,0,0,10,1,15,1,0
xss-unescaped,CWE-79,1,0,1,0,0,4,15,102,4.34,0,1,0,9,0,50,0,1
path-traversal,CWE-22,0,1,0,1,0,2,4,196,4.18,1,0,0,8,1,5,0,0
ssrf-request,CWE-918,1,0,1,0,0,18,19,28,2.57,1,1,0,0,0,10,1,0
hardcoded-secret,CWE-798,1,0,0,0,0,15,7,76,4.46,0,0,1,7,1,15,1,0
hardcoded-secret,CWE-798,0,1,0,0,0,9,25,20,3.91,1,1,0,5,0,45,1,0
sqli-concat,CWE-89,0,0,1,0,0,18,13,200,3.02,0,0,0,1,1,18,1,0
hardcoded-secret,CWE-798,1,0,0,0,0,7,6,105,4.12,1,0,0,10,0,1,0,1
ssrf-request,CWE-918,0,1,1,0,0,17,23,246,3.19,1,1,0,0,0,25,0,0
xss-unescaped,CWE-79,1,0,0,0,0,15,27,272,2.5,1,0,1,2,0,36,0,1
path-traversal,CWE-22,0,1,1,0,0,15,24,342,1.56,1,1,0,5,0,13,0,0
sqli-concat,CWE-89,0,0,1,0,0,6,5,63,3.05,1,0,0,2,0,43,1,0
hardcoded-secret,CWE-798,1,0,0,0,0,14,3,130,2.97,0,1,0,8,0,7,1,0
insecure-deserialize,CWE-502,0,0,1,0,0,8,19,144,4.31,0,0,0,6,0,20,1,0
ssrf-request,CWE-918,0,1,0,0,0,11,26,87,3.71,1,1,0,2,0,38,0,0
xss-unescaped,CWE-79,0,0,0,0,0,14,25,300,2.06,1,0,1,8,0,50,0,1
ssrf-request,CWE-918,0,0,1,0,0,17,11,248,4.29,0,0,0,1,1,13,0,0
sqli-concat,CWE-89,0,1,0,0,0,11,26,42,3.52,1,0,0,9,1,37,1,0
xss-unescaped,CWE-79,1,0,0,0,0,14,10,349,3.34,0,1,0,4,0,11,0,0
hardcoded-secret,CWE-798,1,0,1,0,1,9,5,76,2.7,1,1,0,9,1,19,0,0
insecure-deserialize,CWE-502,0,1,1,0,0,19,2,242,2.47,1,0,0,4,0,39,1,0
path-traversal,CWE-22,1,0,0,1,0,4,28,290,4.11,0,0,0,9,1,35,0,0
sqli-concat,CWE-89,1,0,0,0,0,5,28,36,4.24,1,1,1,7,1,20,0,1
sqli-concat,CWE-89,1,0,0,0,0,6,21,151,3.7,1,0,0,5,0,33,0,1
hardcoded-secret,CWE-798,1,0,0,0,1,19,15,271,4.33,0,1,0,8,0,47,1,0
xss-unescaped,CWE-79,0,0,0,0,0,7,25,260,3.73,0,0,0,5,0,15,0,1
xss-unescaped,CWE-79,0,0,1,0,0,2,9,71,2.96,1,0,0,3,0,30,0,1
insecure-deserialize,CWE-502,1,0,1,0,0,20,1,144,3.65,1,0,0,3,1,6,0,1
ssrf-request,CWE-918,0,1,0,1,0,12,23,262,1.94,1,0,0,5,1,48,1,0
path-traversal,CWE-22,1,0,0,1,0,17,28,238,2.58,0,0,1,6,1,32,0,0
xss-unescaped,CWE-79,0,0,1,0,1,9,6,223,2.13,0,1,0,7,0,4,1,0
insecure-deserialize,CWE-502,1,0,0,1,0,6,6,331,3.97,0,0,0,10,0,4,0,0
path-traversal,CWE-22,1,0,0,0,1,17,6,269,2.89,0,1,0,6,0,21,1,0
path-traversal,CWE-22,1,0,0,0,0,15,16,385,3.71,1,1,0,6,0,18,0,1
path-traversal,CWE-22,1,0,0,0,0,18,3,130,1.94,0,0,1,2,0,23,1,1
ssrf-request,CWE-918,1,0,1,0,0,7,11,105,2.67,1,0,0,4,1,36,0,1
xss-unescaped,CWE-79,0,0,1,0,1,12,5,275,2.43,1,1,0,5,0,13,0,0
insecure-deserialize,CWE-502,0,0,0,0,0,6,14,183,1.8,1,1,0,9,0,49,0,0
xss-unescaped,CWE-79,1,0,0,1,0,2,20,198,1.86,0,0,1,2,0,27,0,1
hardcoded-secret,CWE-798,1,0,0,0,0,3,3,297,3.75,1,0,0,1,0,32,0,1
sqli-concat,CWE-89,0,0,1,0,0,1,7,169,4.26,1,0,0,8,0,34,1,1
hardcoded-secret,CWE-798,0,1,0,0,1,15,21,156,3.06,0,1,0,7,1,49,1,0
xss-unescaped,CWE-79,1,0,1,0,0,17,9,355,4.08,1,0,0,6,0,44,1,1
insecure-deserialize,CWE-502,1,0,0,0,0,10,6,356,3.34,0,0,0,1,0,2,0,1
ssrf-request,CWE-918,0,0,0,1,0,16,2,173,1.56,1,1,0,4,0,23,0,0
sqli-concat,CWE-89,1,0,0,0,0,16,30,143,3.2,0,0,0,3,1,27,0,1
ssrf-request,CWE-918,1,0,0,1,0,15,16,77,3.25,1,1,0,4,0,25,1,0
sqli-concat,CWE-89,1,0,1,0,0,18,22,288,3.12,1,1,0,4,0,17,1,0
hardcoded-secret,CWE-798,1,0,0,0,0,18,24,169,2.45,1,0,0,6,0,28,0,1
sqli-concat,CWE-89,1,0,1,0,0,9,3,375,2.9,0,0,0,2,0,34,0,1
ssrf-request,CWE-918,1,0,1,0,1,13,7,172,2.48,1,1,0,9,0,31,0,0
sqli-concat,CWE-89,1,0,1,0,1,13,17,303,2.05,0,1,0,4,0,23,0,0
ssrf-request,CWE-918,1,0,0,1,0,11,5,198,1.75,0,1,1,2,0,25,0,0
ssrf-request,CWE-918,0,0,0,0,1,1,23,300,2.32,1,1,0,1,0,50,1,0
path-traversal,CWE-22,0,0,0,0,0,13,5,261,2.62,0,0,1,0,0,7,0,0
path-traversal,CWE-22,1,0,0,0,0,16,25,165,4.44,0,0,1,3,0,22,0,1
xss-unescaped,CWE-79,1,0,1,0,0,20,14,140,3.91,1,1,0,4,0,4,1,0
insecure-deserialize,CWE-502,0,1,1,0,0,4,7,331,2.79,1,1,0,1,1,0,1,0
xss-unescaped,CWE-79,1,0,0,0,1,18,9,221,2.62,0,0,0,5,0,28,1,0
ssrf-request,CWE-918,1,0,0,0,0,9,19,335,3.88,1,1,0,2,0,28,0,1
ssrf-request,CWE-918,0,0,1,1,1,3,10,20,4.47,1,1,1,0,0,38,0,0
path-traversal,CWE-22,0,1,0,0,0,17,11,250,3.74,1,0,1,6,0,10,0,0
insecure-deserialize,CWE-502,0,0,0,0,1,20,11,149,3.39,1,0,0,1,0,7,1,0
ssrf-request,CWE-918,1,0,1,0,0,8,18,74,3.75,1,0,0,6,1,2,0,1
path-traversal,CWE-22,1,0,0,1,0,20,21,46,3.57,0,0,0,10,0,40,0,0
path-traversal,CWE-22,0,1,1,1,0,9,21,130,2.72,1,0,0,5,0,37,0,0
ssrf-request,CWE-918,0,1,1,0,0,11,18,160,1.53,1,0,0,10,0,47,0,0
path-traversal,CWE-22,0,1,1,0,0,1,24,269,3.24,0,1,1,6,0,48,1,0
hardcoded-secret,CWE-798,1,0,0,0,0,11,19,138,2.24,1,1,0,8,0,8,0,1
sqli-concat,CWE-89,1,0,1,0,0,12,7,55,3.62,1,1,0,2,0,40,1,0
hardcoded-secret,CWE-798,0,0,0,0,0,4,29,98,3.14,0,1,0,7,0,25,1,0
ssrf-request,CWE-918,1,0,1,0,0,20,3,215,3.43,1,1,0,9,0,8,1,0
path-traversal,CWE-22,1,0,0,0,0,7,20,276,2.34,0,1,0,2,0,11,1,0
path-traversal,CWE-22,1,0,0,1,0,7,6,177,2.8,1,0,0,1,0,0,1,1
hardcoded-secret,CWE-798,1,0,0,0,0,13,1,332,3.38,1,0,0,7,0,47,1,1
ssrf-request,CWE-918,0,1,0,0,0,16,15,112,4.32,0,0,0,1,0,19,1,0
hardcoded-secret,CWE-798,1,0,1,0,0,18,4,26,2.23,0,1,0,7,0,10,0,0
hardcoded-secret,CWE-798,1,0,1,0,0,3,5,153,3.4,0,0,1,4,0,19,0,1
path-traversal,CWE-22,0,1,0,0,0,12,17,259,3.65,1,0,1,6,0,14,1,0
sqli-concat,CWE-89,1,0,0,1,0,2,2,198,2.89,1,0,0,9,0,10,0,1
xss-unescaped,CWE-79,0,1,1,0,1,5,20,316,2.75,0,1,1,4,0,5,1,0
hardcoded-secret,CWE-798,0,0,0,0,0,5,22,70,2.45,0,0,0,7,0,25,1,0
ssrf-request,CWE-918,0,1,0,0,0,12,24,56,2.19,1,1,1,9,0,34,0,0
ssrf-request,CWE-918,1,0,1,0,0,17,14,261,3.35,0,1,0,9,0,47,1,0
path-traversal,CWE-22,0,0,0,0,0,11,6,82,1.69,0,0,1,4,1,33,0,0
xss-unescaped,CWE-79,0,0,0,0,1,14,7,370,4.36,0,0,1,10,0,8,1,0
ssrf-request,CWE-918,0,1,0,0,0,9,4,257,2.69,1,0,1,3,0,50,0,0
path-traversal,CWE-22,1,0,0,0,0,1,8,334,3.6,1,0,0,8,1,1,1,1
ssrf-request,CWE-918,0,1,0,0,0,17,19,60,1.82,0,0,0,9,1,10,0,0
path-traversal,CWE-22,0,1,1,0,1,11,25,30,1.71,1,1,1,1,0,1,1,0
path-traversal,CWE-22,1,0,1,0,0,3,3,351,2.19,1,0,1,9,0,6,1,1
ssrf-request,CWE-918,0,0,0,0,0,7,12,380,3.33,1,1,1,2,1,27,0,0
insecure-deserialize,CWE-502,1,0,1,0,0,20,25,139,3.22,0,1,0,7,1,12,0,0
ssrf-request,CWE-918,1,0,0,0,0,1,8,222,2.36,0,0,1,2,0,22,1,1
sqli-concat,CWE-89,1,0,1,1,1,13,22,252,2.77,1,0,0,7,1,20,0,0
xss-unescaped,CWE-79,0,0,0,0,0,11,24,190,2.81,1,0,0,1,1,23,0,1
xss-unescaped,CWE-79,0,1,0,0,0,19,6,90,4.38,1,0,0,4,0,27,0,0
sqli-concat,CWE-89,0,1,1,0,0,18,2,166,3.82,1,1,1,4,0,23,0,0
hardcoded-secret,CWE-798,1,0,0,0,0,19,5,375,2.2,0,0,1,4,0,42,0,0
ssrf-request,CWE-918,1,0,1,0,0,2,16,178,4.02,0,0,0,7,1,43,1,0
hardcoded-secret,CWE-798,0,0,0,0,0,11,14,291,4.48,1,1,0,3,1,46,1,1
hardcoded-secret,CWE-798,1,0,1,0,0,5,27,78,3.97,0,1,0,9,1,37,0,0
hardcoded-secret,CWE-798,1,0,1,1,0,7,28,204,2.92,0,0,0,10,0,23,1,0
ssrf-request,CWE-918,1,0,0,0,0,11,17,81,4.49,1,1,0,5,0,16,1,1
path-traversal,CWE-22,0,1,1,0,0,2,23,49,1.94,0,0,1,8,0,41,0,0
path-traversal,CWE-22,1,0,0,0,0,8,26,96,3.49,1,0,0,1,1,46,1,1
path-traversal,CWE-22,0,0,0,1,0,6,8,379,1.9,0,1,1,4,0,39,0,0
xss-unescaped,CWE-79,0,0,0,0,0,7,10,302,2.07,0,1,0,8,0,21,1,0
insecure-deserialize,CWE-502,1,0,0,0,0,12,16,120,1.57,0,1,0,7,0,5,1,0
path-traversal,CWE-22,1,0,0,0,0,19,24,390,1.65,0,1,0,8,0,10,1,1
hardcoded-secret,CWE-798,0,0,0,0,0,10,21,397,2.93,1,0,0,1,1,48,1,1
insecure-deserialize,CWE-502,1,0,1,0,0,12,3,211,4.21,1,1,1,9,0,5,1,0
sqli-concat,CWE-89,1,0,0,0,0,8,17,229,1.77,0,1,0,0,0,14,0,1
xss-unescaped,CWE-79,0,1,0,0,0,11,19,329,3.67,1,0,0,5,1,1,0,0
insecure-deserialize,CWE-502,1,0,1,0,0,1,20,108,4.06,1,0,0,6,0,3,1,1
sqli-concat,CWE-89,0,1,0,1,0,3,23,139,3.39,0,0,0,10,0,22,1,0
xss-unescaped,CWE-79,0,1,1,0,0,14,23,191,2.7,1,1,0,1,1,5,1,0
xss-unescaped,CWE-79,0,1,1,0,1,13,30,115,2.0,1,0,0,8,1,13,1,0
insecure-deserialize,CWE-502,0,1,0,0,0,19,7,317,4.1,0,1,0,7,0,3,0,0
path-traversal,CWE-22,1,0,0,0,0,11,19,381,3.48,0,1,0,3,0,9,0,0
insecure-deserialize,CWE-502,0,0,1,0,0,5,21,160,3.42,0,1,1,2,1,43,0,0
sqli-concat,CWE-89,1,0,1,0,0,14,4,340,2.44,0,0,0,9,0,44,1,0
ssrf-request,CWE-918,0,1,0,0,0,20,21,308,3.23,0,0,0,6,0,39,0,0
sqli-concat,CWE-89,0,1,1,0,0,9,29,106,3.72,1,0,0,2,1,5,0,0
xss-unescaped,CWE-79,1,0,1,0,0,6,13,222,3.87,0,1,0,2,1,10,1,0
xss-unescaped,CWE-79,0,0,1,0,0,1,18,221,2.78,0,1,0,6,0,3,0,0
insecure-deserialize,CWE-502,0,1,0,0,1,1,24,367,2.13,0,1,0,10,0,31,0,0
xss-unescaped,CWE-79,1,0,1,0,0,20,7,286,2.64,1,0,0,2,0,34,1,1
path-traversal,CWE-22,1,0,1,0,0,14,7,206,3.6,0,0,0,1,1,8,1,0
ssrf-request,CWE-918,1,0,0,0,0,11,9,121,1.87,0,1,1,9,0,10,0,0
sqli-concat,CWE-89,1,0,0,0,0,20,28,133,2.02,0,1,0,10,0,36,0,0
ssrf-request,CWE-918,0,1,0,0,0,8,28,94,2.46,1,1,0,0,0,7,0,0
xss-unescaped,CWE-79,0,0,1,0,0,1,28,125,3.26,0,0,1,6,1,32,0,0
path-traversal,CWE-22,1,0,0,1,0,17,12,189,3.72,1,1,0,1,0,1,1,0
ssrf-request,CWE-918,0,0,1,0,0,1,26,357,2.39,1,0,0,3,1,6,1,0
ssrf-request,CWE-918,0,1,1,0,0,7,12,324,3.51,0,1,1,10,1,15,0,0
xss-unescaped,CWE-79,1,0,0,1,0,7,28,388,2.48,1,1,0,8,0,10,1,0
hardcoded-secret,CWE-798,1,0,0,0,0,6,16,298,1.51,1,1,1,8,0,41,1,0
path-traversal,CWE-22,1,0,0,0,0,17,12,386,2.45,0,0,0,3,0,25,0,1
insecure-deserialize,CWE-502,1,0,0,0,0,11,11,177,2.57,0,1,0,1,1,11,0,0
insecure-deserialize,CWE-502,1,0,0,1,0,11,1,331,2.41,0,0,1,8,0,45,0,0
sqli-concat,CWE-89,0,0,0,0,0,12,2,359,2.41,0,0,0,5,0,46,0,0
insecure-deserialize,CWE-502,0,0,1,0,0,11,12,71,3.24,1,0,0,4,0,26,1,0
ssrf-request,CWE-918,0,1,1,0,1,5,23,388,4.03,1,1,0,2,0,23,0,0
sqli-concat,CWE-89,0,1,0,0,0,5,14,285,2.41,1,1,1,6,1,37,0,0
sqli-concat,CWE-89,0,1,1,0,0,15,11,197,4.0,1,1,0,1,0,38,0,0
path-traversal,CWE-22,1,0,1,1,0,3,13,104,3.93,0,0,1,3,1,35,1,0
xss-unescaped,CWE-79,0,1,0,1,1,15,11,330,3.81,1,0,0,1,0,49,1,0
ssrf-request,CWE-918,1,0,0,1,0,16,3,125,4.06,1,1,0,10,0,19,0,1
path-traversal,CWE-22,1,0,1,0,1,7,9,63,1.81,1,1,1,2,0,34,1,0
sqli-concat,CWE-89,1,0,1,0,0,5,24,23,2.69,1,1,0,5,0,1,0,1
path-traversal,CWE-22,1,0,0,0,0,14,1,185,2.59,1,1,0,7,0,8,0,1
path-traversal,CWE-22,0,1,0,0,0,13,27,285,2.57,1,1,0,9,1,41,0,0
ssrf-request,CWE-918,1,0,1,0,0,16,23,244,3.9,0,1,0,7,0,17,1,0
sqli-concat,CWE-89,1,0,0,0,0,14,1,28,3.17,0,1,0,3,1,46,0,0
sqli-concat,CWE-89,0,1,1,0,1,15,21,241,1.57,1,1,0,0,0,44,1,0
insecure-deserialize,CWE-502,0,1,0,0,0,16,9,359,1.96,0,0,0,0,0,18,0,0
ssrf-request,CWE-918,0,0,0,0,0,16,28,381,2.56,1,0,1,2,1,1,0,1
xss-unescaped,CWE-79,1,0,1,0,0,17,13,57,3.97,1,0,1,6,0,18,1,1
ssrf-request,CWE-918,0,0,0,0,0,5,12,119,3.83,1,0,0,5,0,34,1,1
ssrf-request,CWE-918,0,0,0,0,0,12,4,196,2.9,0,1,0,6,0,12,0,0
insecure-deserialize,CWE-502,1,0,1,0,0,12,22,39,2.83,0,0,0,3,1,42,1,0
sqli-concat,CWE-89,1,0,1,0,0,10,15,224,2.6,1,1,1,7,0,0,1,0
ssrf-request,CWE-918,0,1,1,1,0,7,15,28,4.24,1,1,1,7,1,12,0,0
path-traversal,CWE-22,1,0,0,0,0,6,12,205,1.86,1,0,0,2,0,36,0,1
ssrf-request,CWE-918,0,0,0,0,0,13,8,318,3.54,0,0,0,3,0,17,0,0
hardcoded-secret,CWE-798,0,0,0,0,0,1,15,356,2.92,0,1,0,9,0,12,1,0
hardcoded-secret,CWE-798,0,1,0,0,0,6,9,149,4.22,1,0,0,7,0,9,1,0
path-traversal,CWE-22,1,0,0,0,0,5,4,160,2.46,0,0,0,3,1,2,0,1
ssrf-request,CWE-918,0,1,0,0,0,15,6,146,2.53,1,0,0,4,0,20,1,0
xss-unescaped,CWE-79,1,0,0,0,1,11,7,56,4.28,1,1,1,6,0,19,0,1
hardcoded-secret,CWE-798,1,0,0,1,0,16,4,240,3.16,0,1,0,0,1,47,1,0
ssrf-request,CWE-918,1,0,1,0,0,13,12,33,1.66,1,1,1,4,1,30,1,0
sqli-concat,CWE-89,1,0,0,0,0,1,11,177,2.23,0,0,0,8,0,16,1,1
insecure-deserialize,CWE-502,0,0,0,0,0,18,28,41,2.82,1,1,0,10,0,43,0,1
ssrf-request,CWE-918,0,0,1,0,1,19,27,239,3.89,0,0,0,8,0,26,1,0
path-traversal,CWE-22,0,1,0,0,0,2,3,292,2.73,0,1,1,9,0,41,1,0
ssrf-request,CWE-918,1,0,0,1,0,4,23,150,1.57,1,0,0,10,0,2,0,1
path-traversal,CWE-22,0,1,1,0,1,10,13,97,1.91,0,1,0,6,0,36,0,0
insecure-deserialize,CWE-502,0,1,0,0,0,13,17,150,3.2,0,0,0,5,0,29,0,0
hardcoded-secret,CWE-798,1,0,0,1,0,10,6,294,3.94,1,1,0,1,1,49,0,0
sqli-concat,CWE-89,1,0,1,0,0,6,15,333,1.78,1,0,0,0,1,32,1,1
path-traversal,CWE-22,0,0,0,0,0,7,10,306,1.87,0,1,0,3,1,12,0,0
insecure-deserialize,CWE-502,1,0,1,0,0,5,3,241,2.59,0,0,0,7,1,48,0,1
xss-unescaped,CWE-79,1,0,1,0,0,17,21,326,2.52,1,0,1,0,0,15,1,1
insecure-deserialize,CWE-502,0,1,0,0,0,6,20,272,1.81,1,0,0,8,0,13,1,0
insecure-deserialize,CWE-502,0,0,0,1,0,4,23,299,4.08,0,0,0,4,1,29,0,0
insecure-deserialize,CWE-502,1,0,1,1,0,7,6,67,1.96,1,1,0,4,0,13,0,0
xss-unescaped,CWE-79,0,1,0,0,0,11,24,35,4.02,1,0,0,1,0,29,0,1
xss-unescaped,CWE-79,0,1,0,0,0,2,15,131,3.04,0,1,0,5,0,50,1,0
sqli-concat,CWE-89,1,0,1,1,0,1,29,335,2.4,1,1,0,3,1,35,0,0
sqli-concat,CWE-89,1,0,0,0,0,3,8,24,1.52,0,1,1,1,0,41,0,1
path-traversal,CWE-22,0,0,1,0,0,4,12,244,3.28,1,0,0,8,1,20,0,0
path-traversal,CWE-22,0,1,1,0,0,6,7,24,3.84,1,0,0,3,0,0,0,0
sqli-concat,CWE-89,0,0,1,0,0,9,4,342,4.38,0,0,0,2,1,48,1,0
sqli-concat,CWE-89,0,0,0,0,0,18,19,195,4.28,1,0,0,1,1,3,0,1
ssrf-request,CWE-918,0,1,1,0,0,18,13,25,2.71,0,1,0,4,0,1,1,0
hardcoded-secret,CWE-798,1,0,0,0,0,20,30,336,2.29,1,1,1,9,0,1,0,0
path-traversal,CWE-22,1,0,1,0,0,14,11,367,3.17,0,1,0,9,0,48,1,0
xss-unescaped,CWE-79,1,0,1,0,0,14,15,289,4.46,0,1,0,6,0,22,0,0
ssrf-request,CWE-918,1,0,0,0,0,10,25,388,2.13,0,1,0,1,0,29,1,0
ssrf-request,CWE-918,0,1,0,0,1,20,17,208,2.02,1,1,0,0,0,36,0,0
xss-unescaped,CWE-79,0,1,1,0,0,13,7,343,3.09,0,0,1,7,0,5,1,0
insecure-deserialize,CWE-502,1,0,0,0,0,19,28,79,1.56,1,1,0,8,0,14,1,1
hardcoded-secret,CWE-798,0,0,0,0,1,1,18,181,2.87,0,1,0,2,0,32,1,0
hardcoded-secret,CWE-798,0,0,1,0,0,17,13,44,2.04,0,1,1,1,0,44,1,0
ssrf-request,CWE-918,0,1,0,1,0,8,6,355,3.0,1,1,0,7,0,16,0,0
ssrf-request,CWE-918,1,0,0,0,0,6,17,233,1.76,0,1,0,0,0,30,1,0
ssrf-request,CWE-918,0,1,1,0,1,6,27,177,1.81,1,1,0,0,0,33,1,0
ssrf-request,CWE-918,0,1,1,1,0,5,23,171,1.87,1,0,0,7,0,27,0,0
path-traversal,CWE-22,1,0,1,0,0,18,19,90,2.58,1,1,1,1,0,23,0,1
sqli-concat,CWE-89,1,0,0,1,0,20,30,324,4.4,0,0,0,10,1,43,0,0
sqli-concat,CWE-89,1,0,1,0,0,12,9,298,2.13,0,1,0,9,0,18,0,0
hardcoded-secret,CWE-798,0,1,1,0,0,14,13,362,4.24,1,1,1,2,0,43,0,0
ssrf-request,CWE-918,1,0,1,0,0,4,26,146,3.46,0,1,1,4,0,37,1,0
sqli-concat,CWE-89,0,1,1,1,0,18,28,203,3.4,1,0,0,7,1,41,1,0
xss-unescaped,CWE-79,1,0,0,0,0,17,13,62,2.47,1,0,0,0,1,16,1,1
ssrf-request,CWE-918,0,1,0,0,0,16,1,246,3.07,0,0,1,1,0,7,0,0
path-traversal,CWE-22,0,1,0,0,0,17,6,384,3.68,1,1,0,10,0,1,1,0
path-traversal,CWE-22,1,0,0,0,0,2,21,51,3.1,0,0,0,2,0,0,1,1
xss-unescaped,CWE-79,0,0,0,0,0,1,26,216,4.0,0,0,0,4,0,9,1,1
insecure-deserialize,CWE-502,1,0,0,0,0,12,13,178,2.52,1,0,0,9,0,9,1,1
ssrf-request,CWE-918,0,0,0,0,0,8,20,349,4.01,0,1,1,4,1,15,1,0
ssrf-request,CWE-918,0,0,1,0,0,4,30,349,3.03,0,1,0,5,0,30,1,0
hardcoded-secret,CWE-798,0,1,1,0,0,10,23,186,3.68,1,1,0,6,0,41,0,0
path-traversal,CWE-22,0,1,1,0,0,6,22,345,2.7,0,1,0,5,0,1,0,0
insecure-deserialize,CWE-502,1,0,1,1,0,1,1,164,3.52,1,0,0,7,0,5,0,0
insecure-deserialize,CWE-502,0,1,0,0,0,17,17,127,3.33,0,0,0,1,0,42,1,0
ssrf-request,CWE-918,1,0,0,0,0,8,11,90,4.12,0,1,0,6,0,37,1,0
insecure-deserialize,CWE-502,1,0,1,0,0,1,24,319,3.25,0,0,1,10,0,19,1,0
xss-unescaped,CWE-79,0,0,1,1,0,5,22,193,1.84,0,0,0,10,0,15,1,0
ssrf-request,CWE-918,0,0,0,0,0,8,20,299,3.71,0,1,0,9,0,31,0,0
path-traversal,CWE-22,1,0,1,0,0,7,18,299,4.09,1,0,0,7,0,32,1,1
path-traversal,CWE-22,1,0,0,1,0,5,14,274,3.09,1,1,0,8,1,24,0,0
path-traversal,CWE-22,0,0,1,0,0,8,4,177,2.81,0,0,1,8,0,43,0,0
hardcoded-secret,CWE-798,1,0,1,0,0,13,26,147,3.46,1,1,1,9,0,6,1,0
hardcoded-secret,CWE-798,1,0,1,0,1,15,8,292,4.15,0,1,0,7,0,6,0,0
hardcoded-secret,CWE-798,0,1,1,0,0,17,24,245,3.74,0,0,0,3,0,3,0,0
hardcoded-secret,CWE-798,0,1,1,1,0,15,21,108,3.09,1,1,1,8,0,49,0,0
path-traversal,CWE-22,0,0,0,0,0,10,24,349,3.6,0,0,0,6,0,29,0,0
path-traversal,CWE-22,0,0,0,0,0,18,16,84,1.84,0,1,0,9,0,34,1,0
hardcoded-secret,CWE-798,1,0,1,0,0,3,15,119,2.09,0,1,1,4,1,35,0,0
path-traversal,CWE-22,0,1,1,0,0,17,22,206,2.65,0,1,0,4,1,15,1,0
xss-unescaped,CWE-79,0,1,0,0,0,2,27,318,3.99,0,1,0,3,1,28,0,0
hardcoded-secret,CWE-798,0,0,1,1,0,19,6,195,3.59,0,1,0,5,0,16,0,0
ssrf-request,CWE-918,0,0,1,0,0,5,3,131,2.79,0,0,0,3,0,32,1,0
insecure-deserialize,CWE-502,1,0,1,0,0,6,5,259,2.76,0,1,1,6,0,28,1,0
hardcoded-secret,CWE-798,1,0,0,0,0,15,2,272,2.97,1,0,0,3,0,35,1,1
sqli-concat,CWE-89,0,1,0,0,0,5,7,58,4.13,1,0,0,7,0,32,1,0
path-traversal,CWE-22,1,0,1,0,0,11,11,32,2.59,0,1,0,2,0,32,0,0
insecure-deserialize,CWE-502,1,0,0,1,0,12,24,52,1.74,1,1,0,5,1,0,1,0
path-traversal,CWE-22,1,0,0,0,1,6,11,173,3.46,0,0,0,6,0,36,1,0
insecure-deserialize,CWE-502,1,0,0,0,0,15,20,237,3.57,1,0,1,5,0,6,1,1
path-traversal,CWE-22,0,0,0,0,1,20,15,241,4.42,0,1,0,10,1,41,1,0
xss-unescaped,CWE-79,1,0,0,0,0,19,27,301,2.56,1,0,0,2,0,33,1,1
ssrf-request,CWE-918,0,0,1,0,0,12,4,34,3.83,0,1,0,7,0,32,0,0
hardcoded-secret,CWE-798,0,0,0,0,0,5,28,272,3.59,0,0,1,1,0,26,0,1
insecure-deserialize,CWE-502,0,0,0,0,0,17,9,298,2.61,0,0,1,8,0,9,1,0
sqli-concat,CWE-89,0,1,1,0,0,19,13,161,3.14,1,0,0,4,0,36,1,0
insecure-deserialize,CWE-502,0,1,0,0,1,9,7,364,4.26,0,0,0,7,1,0,0,0
sqli-concat,CWE-89,0,1,0,1,1,8,11,379,2.54,1,0,1,7,0,7,1,0
path-traversal,CWE-22,1,0,0,1,0,3,26,219,4.42,1,0,1,5,0,39,1,1
xss-unescaped,CWE-79,0,0,1,0,0,19,12,239,1.82,0,1,0,0,0,35,0,0
insecure-deserialize,CWE-502,0,0,1,0,0,8,13,161,3.65,1,1,0,10,1,23,0,0
path-traversal,CWE-22,0,0,1,0,0,10,30,120,4.21,1,0,0,2,0,42,0,1
path-traversal,CWE-22,1,0,1,0,0,20,7,192,3.04,1,1,0,1,1,45,1,1
path-traversal,CWE-22,1,0,0,0,0,9,12,28,4.07,0,0,0,10,0,41,0,1
hardcoded-secret,CWE-798,0,1,1,0,0,11,17,308,1.81,1,1,0,10,0,30,0,0
path-traversal,CWE-22,0,0,1,0,0,17,26,320,2.1,0,1,0,5,1,18,0,0
sqli-concat,CWE-89,1,0,0,0,1,1,28,289,3.62,0,1,0,2,0,13,0,1
sqli-concat,CWE-89,0,1,0,0,0,11,5,305,4.18,1,1,0,2,1,25,1,0
xss-unescaped,CWE-79,0,0,1,0,0,3,26,204,2.86,0,1,0,6,0,28,1,0
insecure-deserialize,CWE-502,0,0,1,0,0,17,28,163,2.22,0,0,1,8,0,13,1,0
ssrf-request,CWE-918,0,1,1,0,0,18,7,25,1.65,1,1,0,1,0,38,1,0
ssrf-request,CWE-918,1,0,1,0,0,18,15,182,4.22,0,0,1,1,1,41,0,0
insecure-deserialize,CWE-502,0,0,0,0,1,16,8,346,4.27,0,0,0,1,1,24,0,0
xss-unescaped,CWE-79,1,0,1,0,0,3,3,27,3.28,0,1,0,1,0,4,0,1
xss-unescaped,CWE-79,1,0,0,0,0,12,16,348,1.69,1,1,0,6,0,41,1,1
insecure-deserialize,CWE-502,0,0,0,0,0,14,29,235,3.34,0,0,0,7,1,13,1,0
path-traversal,CWE-22,1,0,0,0,0,19,3,124,2.87,0,0,0,10,0,28,1,0
insecure-deserialize,CWE-502,1,0,1,0,0,11,2,369,3.1,0,1,0,10,0,14,0,0
sqli-concat,CWE-89,0,1,0,0,0,9,17,291,2.03,0,0,0,7,0,30,0,0
insecure-deserialize,CWE-502,0,0,1,0,0,8,24,161,3.72,0,0,0,9,1,34,0,0
ssrf-request,CWE-918,0,0,1,0,1,3,15,165,3.49,1,0,0,6,0,26,1,0
xss-unescaped,CWE-79,1,0,1,0,0,18,20,156,1.69,0,1,0,2,1,3,0,0
ssrf-request,CWE-918,0,0,1,0,0,13,12,74,2.59,1,1,1,2,0,18,0,0
insecure-deserialize,CWE-502,1,0,1,0,0,10,15,338,3.08,1,1,1,10,0,15,1,0
sqli-concat,CWE-89,1,0,1,0,0,2,23,72,2.46,1,1,0,6,0,2,1,1
hardcoded-secret,CWE-798,1,0,1,0,0,7,27,376,3.37,0,0,1,2,0,7,1,0
insecure-deserialize,CWE-502,1,0,1,1,0,8,21,150,2.16,1,0,0,6,0,2,1,0
sqli-concat,CWE-89,0,1,1,0,0,2,13,81,3.34,0,0,0,10,0,24,0,0
hardcoded-secret,CWE-798,0,0,1,1,0,11,13,269,3.79,0,1,1,2,0,40,1,0
ssrf-request,CWE-918,1,0,0,0,0,4,25,254,4.29,1,1,1,6,1,35,1,1
path-traversal,CWE-22,0,1,0,0,0,18,19,138,4.03,1,1,1,9,1,32,1,0
insecure-deserialize,CWE-502,0,0,0,0,0,17,18,107,3.17,1,0,0,5,1,15,1,0
hardcoded-secret,CWE-798,0,0,0,0,0,2,3,134,3.19,0,0,0,8,1,39,0,0
path-traversal,CWE-22,0,1,0,1,1,8,8,96,3.19,0,0,1,0,0,13,0,0
ssrf-request,CWE-918,1,0,0,0,0,9,1,40,2.67,1,0,0,4,1,25,0,1
sqli-concat,CWE-89,1,0,1,0,0,19,22,282,3.01,1,1,0,10,1,10,0,0
insecure-deserialize,CWE-502,0,1,1,0,0,20,19,31,3.98,1,0,0,8,0,40,0,0
path-traversal,CWE-22,0,1,0,0,0,20,16,102,4.1,0,0,0,7,0,14,1,0
hardcoded-secret,CWE-798,0,0,0,0,1,9,25,333,1.61,1,1,0,2,0,26,1,0
ssrf-request,CWE-918,0,0,0,1,0,17,8,292,4.17,1,0,0,5,1,49,1,0
hardcoded-secret,CWE-798,1,0,0,0,0,18,24,188,2.32,0,0,0,1,0,23,0,1
xss-unescaped,CWE-79,0,0,1,0,0,7,23,345,2.29,0,0,0,2,0,41,0,0
hardcoded-secret,CWE-798,0,1,1,0,0,17,20,26,3.43,0,0,0,8,1,44,1,0
xss-unescaped,CWE-79,1,0,1,0,0,1,26,107,3.95,0,1,1,8,1,50,1,0
ssrf-request,CWE-918,1,0,0,0,0,1,28,180,2.97,1,0,0,10,1,33,0,1
sqli-concat,CWE-89,0,0,0,0,0,1,27,65,1.83,0,0,1,2,0,0,0,1
ssrf-request,CWE-918,1,0,0,0,0,10,4,258,3.01,1,1,0,0,1,25,0,1
insecure-deserialize,CWE-502,1,0,0,0,0,12,12,133,3.03,1,0,0,4,0,11,0,1
hardcoded-secret,CWE-798,0,0,0,0,0,12,30,291,4.25,1,1,0,4,1,18,1,0
path-traversal,CWE-22,0,1,1,0,0,9,17,156,1.96,0,0,0,4,0,6,0,0
sqli-concat,CWE-89,1,0,0,0,0,1,24,240,2.88,0,0,0,1,1,39,0,1
hardcoded-secret,CWE-798,0,0,1,0,0,6,7,132,3.82,0,1,0,8,1,7,0,0
hardcoded-secret,CWE-798,0,0,1,0,0,9,15,395,4.11,0,1,0,9,1,45,0,0
insecure-deserialize,CWE-502,1,0,1,0,0,5,18,386,2.95,0,0,0,8,0,7,0,1
path-traversal,CWE-22,0,1,0,0,1,4,19,63,2.89,0,1,0,2,0,19,1,0
insecure-deserialize,CWE-502,0,1,1,0,0,13,8,371,1.92,1,0,0,6,1,47,0,0
path-traversal,CWE-22,1,0,0,0,0,18,30,173,2.39,0,1,1,9,0,37,1,0
insecure-deserialize,CWE-502,0,1,1,1,0,7,8,121,3.98,1,0,0,8,0,19,1,0
insecure-deserialize,CWE-502,0,1,0,0,0,11,29,305,1.59,0,1,0,5,1,4,0,0
sqli-concat,CWE-89,0,1,0,0,0,17,11,358,2.95,1,1,0,1,0,11,1,0
xss-unescaped,CWE-79,0,1,0,0,0,12,15,112,2.78,0,1,1,10,0,25,0,0
sqli-concat,CWE-89,1,0,1,1,0,4,4,236,1.5,0,1,0,5,1,22,1,0
insecure-deserialize,CWE-502,1,0,0,0,0,11,2,291,2.58,0,0,1,3,0,43,0,1
hardcoded-secret,CWE-798,1,0,1,0,1,11,15,295,2.9,0,1,0,1,0,48,1,0
insecure-deserialize,CWE-502,0,1,0,0,1,7,14,217,4.44,0,1,0,8,1,30,0,0
hardcoded-secret,CWE-798,1,0,1,0,0,2,13,312,3.4,1,0,0,4,0,44,1,1
insecure-deserialize,CWE-502,0,0,0,0,0,4,11,120,4.17,1,1,0,3,1,24,0,1
xss-unescaped,CWE-79,0,0,0,0,0,10,22,199,3.83,0,0,0,0,1,39,1,0
ssrf-request,CWE-918,0,0,0,0,0,13,7,372,3.03,1,1,0,10,1,9,0,0
ssrf-request,CWE-918,0,1,0,0,1,5,21,76,3.0,1,0,1,6,1,12,0,0
sqli-concat,CWE-89,0,0,0,0,0,4,11,178,1.91,0,0,1,8,0,9,0,0
sqli-concat,CWE-89,1,0,1,1,0,3,6,370,2.28,0,0,0,2,0,31,0,0
xss-unescaped,CWE-79,0,0,1,0,0,8,24,115,1.66,1,1,1,0,0,17,0,0
path-traversal,CWE-22,1,0,0,0,0,2,7,34,2.68,1,0,0,0,1,38,0,1
xss-unescaped,CWE-79,1,0,1,0,0,14,26,250,2.65,1,0,0,3,0,17,1,1
xss-unescaped,CWE-79,0,1,1,0,0,6,16,88,3.68,0,0,0,5,0,6,1,0
ssrf-request,CWE-918,0,1,0,0,0,3,3,96,3.08,1,0,1,6,1,15,0,0
insecure-deserialize,CWE-502,1,0,1,0,0,3,27,118,2.9,1,0,0,5,0,32,1,1
insecure-deserialize,CWE-502,0,0,0,0,0,9,10,229,3.28,1,1,1,8,1,44,0,0
sqli-concat,CWE-89,1,0,1,0,0,5,15,282,3.0,0,0,0,2,0,39,1,1
sqli-concat,CWE-89,0,1,0,0,0,10,10,92,1.58,0,0,0,5,1,6,0,0
ssrf-request,CWE-918,1,0,1,0,0,7,22,167,3.02,0,0,0,6,1,19,1,0
path-traversal,CWE-22,1,0,0,0,0,6,11,154,3.72,0,1,0,9,0,18,1,0
path-traversal,CWE-22,1,0,0,0,0,14,6,202,4.08,1,1,1,0,0,9,0,1
path-traversal,CWE-22,1,0,1,0,0,12,8,43,2.29,0,1,0,0,0,50,1,0
ssrf-request,CWE-918,0,1,0,1,0,20,15,166,1.69,0,1,0,1,1,49,0,0
ssrf-request,CWE-918,0,0,0,0,0,17,27,143,3.5,1,0,1,6,0,25,1,1
insecure-deserialize,CWE-502,1,0,0,0,0,18,19,45,1.63,0,1,0,2,1,33,1,0
sqli-concat,CWE-89,1,0,0,0,0,7,9,289,2.68,0,1,1,7,0,23,0,0
path-traversal,CWE-22,1,0,1,0,0,14,18,33,2.38,0,0,0,10,0,50,1,0
ssrf-request,CWE-918,1,0,1,1,0,19,29,66,2.25,0,1,0,5,0,18,1,0
path-traversal,CWE-22,1,0,0,1,0,9,22,262,3.24,0,0,0,4,0,14,0,0
insecure-deserialize,CWE-502,1,0,0,0,0,12,24,162,3.39,0,1,0,5,0,19,0,0
sqli-concat,CWE-89,1,0,0,0,0,14,24,229,2.55,1,0,0,10,1,46,1,1
sqli-concat,CWE-89,0,0,1,0,0,18,21,131,2.14,0,0,0,10,1,21,1,0
path-traversal,CWE-22,0,0,1,0,0,11,22,108,1.82,0,1,0,3,1,1,0,0
insecure-deserialize,CWE-502,1,0,0,0,0,1,16,240,1.77,0,1,0,5,0,43,0,1
insecure-deserialize,CWE-502,0,1,0,0,0,20,19,338,3.41,1,0,1,1,1,39,0,1
path-traversal,CWE-22,1,0,0,1,0,19,8,381,4.43,1,0,0,6,0,46,0,1
sqli-concat,CWE-89,0,0,1,0,0,16,1,134,2.4,0,1,0,3,0,30,1,0
sqli-concat,CWE-89,1,0,1,0,0,20,20,144,4.16,0,1,0,9,1,19,1,0
insecure-deserialize,CWE-502,0,1,1,0,0,9,4,197,4.06,1,0,0,3,0,19,0,0
ssrf-request,CWE-918,0,0,0,0,0,6,19,53,2.41,1,0,1,7,0,3,0,1
hardcoded-secret,CWE-798,1,0,1,0,0,12,13,180,1.91,0,0,0,10,0,29,1,0
sqli-concat,CWE-89,0,1,1,0,0,8,29,125,4.17,0,1,0,7,1,49,0,0
ssrf-request,CWE-918,0,1,0,0,1,15,5,120,4.32,0,0,0,1,0,38,0,0
ssrf-request,CWE-918,1,0,0,1,0,1,1,111,2.13,1,1,1,4,0,13,1,0
hardcoded-secret,CWE-798,1,0,0,0,0,17,17,278,3.76,1,0,0,7,0,44,0,1
sqli-concat,CWE-89,0,0,0,0,1,1,24,299,3.21,0,0,0,1,0,30,0,0
hardcoded-secret,CWE-798,0,1,0,0,1,3,11,343,2.35,0,0,1,9,1,37,0,0
sqli-concat,CWE-89,1,0,0,0,0,7,1,337,2.79,1,1,1,8,0,33,1,0
ssrf-request,CWE-918,0,0,0,0,0,14,6,227,1.66,0,1,0,5,0,38,1,0
insecure-deserialize,CWE-502,1,0,1,0,0,13,26,372,1.67,0,0,0,7,0,23,0,1
sqli-concat,CWE-89,0,0,1,0,0,7,15,216,2.68,1,1,0,8,1,17,1,0
sqli-concat,CWE-89,0,1,1,0,0,3,15,146,2.79,0,0,0,0,1,7,0,0
ssrf-request,CWE-918,1,0,1,0,0,19,15,201,3.49,0,0,0,7,0,34,0,0
path-traversal,CWE-22,0,1,0,0,0,11,1,88,3.82,1,1,1,7,1,11,1,0
sqli-concat,CWE-89,1,0,1,0,0,13,4,378,1.99,1,1,1,10,0,12,1,0
ssrf-request,CWE-918,0,0,0,1,1,17,11,249,2.64,0,1,0,9,0,45,0,0
xss-unescaped,CWE-79,1,0,0,0,1,18,28,359,3.68,1,1,1,2,0,25,1,0
insecure-deserialize,CWE-502,0,0,1,0,0,7,12,265,3.85,0,0,1,4,0,29,0,0
ssrf-request,CWE-918,0,0,0,0,0,13,30,165,2.2,1,0,0,6,0,4,0,1
path-traversal,CWE-22,0,0,0,1,0,3,6,94,4.11,1,1,1,7,1,15,1,0
hardcoded-secret,CWE-798,1,0,0,0,0,14,19,279,1.55,1,0,0,3,0,46,1,1
insecure-deserialize,CWE-502,0,0,1,0,0,6,26,74,2.41,1,0,0,5,0,7,0,0
hardcoded-secret,CWE-798,1,0,0,0,0,18,19,309,1.99,0,1,1,7,1,26,0,0
insecure-deserialize,CWE-502,1,0,1,0,0,1,12,51,1.74,1,0,1,4,1,49,1,1
path-traversal,CWE-22,1,0,1,0,0,12,6,132,2.45,1,0,0,5,0,22,1,1
xss-unescaped,CWE-79,1,0,0,0,0,17,16,349,4.1,0,0,0,10,0,18,1,1
path-traversal,CWE-22,0,1,0,0,0,10,18,134,2.56,1,1,0,3,0,47,1,0
hardcoded-secret,CWE-798,0,0,0,0,1,1,20,391,3.46,1,1,1,2,0,24,0,1
ssrf-request,CWE-918,0,1,0,0,0,14,5,47,3.21,0,1,0,2,1,45,0,0
sqli-concat,CWE-89,0,0,0,0,0,8,5,219,4.34,1,1,0,6,0,25,1,0
xss-unescaped,CWE-79,1,0,0,1,0,8,29,312,4.49,0,0,1,1,0,16,0,0
insecure-deserialize,CWE-502,1,0,0,1,0,14,19,48,2.3,1,1,0,10,1,48,1,0
hardcoded-secret,CWE-798,0,0,0,0,0,15,1,335,3.33,1,0,0,0,0,26,0,1
hardcoded-secret,CWE-798,0,1,0,0,0,1,22,176,2.33,1,0,0,8,0,9,1,1
sqli-concat,CWE-89,0,1,1,0,0,20,28,268,3.21,1,1,1,3,0,3,1,0
hardcoded-secret,CWE-798,0,1,0,0,0,20,23,101,4.22,1,0,1,6,0,36,0,1
sqli-concat,CWE-89,1,0,0,0,1,1,22,27,4.36,1,1,0,4,1,40,0,1
path-traversal,CWE-22,0,0,0,1,0,8,29,323,2.2,0,0,0,1,1,5,1,0
sqli-concat,CWE-89,1,0,1,0,0,15,3,295,1.7,0,0,1,0,0,24,0,1
insecure-deserialize,CWE-502,1,0,0,0,0,3,2,232,3.0,1,1,0,0,0,45,0,1
xss-unescaped,CWE-79,1,0,0,0,0,8,26,100,2.69,1,0,0,5,1,32,1,1
sqli-concat,CWE-89,1,0,1,0,0,3,17,202,2.61,1,1,0,7,0,39,0,1
hardcoded-secret,CWE-798,1,0,0,1,0,14,22,214,3.29,1,0,0,10,1,20,0,0
hardcoded-secret,CWE-798,0,1,1,0,0,19,26,240,3.21,1,1,0,9,1,3,1,0
ssrf-request,CWE-918,0,0,1,0,0,1,9,78,3.79,1,1,0,4,1,30,0,0
xss-unescaped,CWE-79,0,1,0,0,0,3,29,71,1.72,1,0,0,3,0,43,1,1
ssrf-request,CWE-918,1,0,0,0,0,9,12,213,1.54,1,0,1,0,0,12,0,1
xss-unescaped,CWE-79,0,0,0,0,0,9,2,146,2.62,0,1,1,4,0,40,1,0
ssrf-request,CWE-918,0,0,0,0,0,11,21,379,2.94,0,1,0,4,1,24,0,0
insecure-deserialize,CWE-502,1,0,1,0,0,14,14,156,2.95,0,1,0,6,0,35,0,0
hardcoded-secret,CWE-798,1,0,1,0,0,11,4,371,2.49,0,0,0,8,0,27,1,0
insecure-deserialize,CWE-502,0,1,0,0,0,8,24,50,1.71,0,0,0,9,0,11,1,0
ssrf-request,CWE-918,0,0,0,0,0,20,24,378,2.63,1,1,0,6,1,4,0,0
path-traversal,CWE-22,1,0,0,0,0,4,7,283,1.95,0,1,0,3,0,21,0,1
hardcoded-secret,CWE-798,1,0,0,0,0,2,24,174,3.14,1,0,0,10,0,38,0,1
insecure-deserialize,CWE-502,0,1,0,0,0,13,19,165,4.13,1,0,0,2,0,5,1,0
ssrf-request,CWE-918,0,1,1,0,0,12,9,203,3.61,1,0,1,7,0,5,0,0
path-traversal,CWE-22,1,0,0,0,0,1,3,235,2.11,0,0,0,10,0,43,1,1
ssrf-request,CWE-918,1,0,1,0,0,6,26,71,3.66,1,0,1,4,1,16,0,1
sqli-concat,CWE-89,0,1,0,0,0,15,30,139,2.7,1,0,0,1,0,45,1,1
insecure-deserialize,CWE-502,0,0,0,0,0,8,3,37,3.82,0,1,0,4,1,30,1,0
ssrf-request,CWE-918,0,1,0,1,1,12,19,184,1.7,1,1,1,1,0,32,1,0
path-traversal,CWE-22,0,0,1,0,0,20,5,270,2.01,1,0,1,3,0,27,1,0
hardcoded-secret,CWE-798,1,0,1,0,0,12,11,87,3.62,0,0,1,7,0,6,1,0
path-traversal,CWE-22,0,0,0,0,0,18,2,302,2.53,1,0,0,10,0,34,0,1
xss-unescaped,CWE-79,0,0,1,0,0,12,10,37,2.61,1,1,0,6,0,21,1,0
hardcoded-secret,CWE-798,0,0,0,0,0,18,20,192,4.34,0,1,0,2,0,20,0,1
path-traversal,CWE-22,0,1,0,0,0,18,29,110,4.1,0,1,0,6,0,12,0,0
xss-unescaped,CWE-79,0,1,1,0,0,9,5,51,3.22,1,1,0,6,1,10,0,0
hardcoded-secret,CWE-798,0,1,1,1,0,16,21,319,2.9,0,0,1,9,1,45,0,0
sqli-concat,CWE-89,0,0,0,1,0,18,2,254,2.32,1,1,1,9,0,8,0,0
insecure-deserialize,CWE-502,1,0,1,1,0,4,27,182,4.14,1,0,0,7,0,3,1,1
xss-unescaped,CWE-79,1,0,1,0,0,18,28,386,3.61,1,1,0,4,0,23,1,0
sqli-concat,CWE-89,1,0,0,1,0,3,4,326,1.91,1,0,0,8,1,21,0,1
path-traversal,CWE-22,0,0,1,1,0,12,21,390,4.4,0,1,1,4,0,43,0,0
hardcoded-secret,CWE-798,1,0,0,0,0,5,6,302,2.08,0,0,0,10,0,11,0,1
sqli-concat,CWE-89,1,0,1,0,0,1,21,32,1.54,1,1,0,2,1,31,0,1
ssrf-request,CWE-918,0,1,0,0,0,9,25,144,2.09,0,0,0,8,1,16,1,0
xss-unescaped,CWE-79,1,0,1,1,0,5,21,302,3.95,1,1,1,4,0,47,1,0
hardcoded-secret,CWE-798,1,0,1,0,0,18,16,242,3.82,1,0,1,0,0,48,1,1
sqli-concat,CWE-89,0,1,0,0,0,20,21,76,2.68,0,0,0,4,1,17,1,0
insecure-deserialize,CWE-502,1,0,1,0,0,13,29,378,2.65,1,1,0,0,0,1,1,1
path-traversal,CWE-22,0,1,1,0,0,8,24,50,3.25,0,1,0,4,1,21,1,0
ssrf-request,CWE-918,1,0,1,0,0,18,10,372,2.39,1,1,0,0,0,22,1,0
ssrf-request,CWE-918,1,0,0,0,0,15,10,158,3.29,0,0,0,9,0,47,1,0
insecure-deserialize,CWE-502,1,0,1,0,0,3,13,379,2.45,0,1,0,8,0,38,0,1
hardcoded-secret,CWE-798,1,0,1,0,0,1,2,174,3.69,1,0,0,0,1,9,1,1
path-traversal,CWE-22,0,0,1,0,0,20,25,141,2.43,1,1,1,7,1,18,1,0
hardcoded-secret,CWE-798,0,0,0,0,0,3,11,227,2.06,0,1,0,9,0,46,0,0
sqli-concat,CWE-89,1,0,0,0,0,13,2,167,1.92,0,1,0,9,0,47,1,0
insecure-deserialize,CWE-502,0,1,1,0,1,12,17,194,2.87,1,0,0,5,0,38,1,0
hardcoded-secret,CWE-798,0,0,0,0,0,4,20,150,1.62,1,1,0,2,0,5,0,1
hardcoded-secret,CWE-798,0,1,0,0,0,13,27,298,1.91,1,1,1,6,0,48,1,0
hardcoded-secret,CWE-798,0,0,0,0,0,8,25,277,2.34,1,1,0,6,0,46,1,0
ssrf-request,CWE-918,1,0,0,0,0,3,8,378,2.41,0,1,0,0,0,44,0,1
hardcoded-secret,CWE-798,1,0,0,1,0,14,5,36,3.03,0,0,0,1,1,16,0,0
xss-unescaped,CWE-79,1,0,1,0,0,10,20,355,2.68,0,1,0,2,1,1,0,0
sqli-concat,CWE-89,1,0,1,0,0,3,16,91,3.05,1,0,0,6,1,8,1,1
ssrf-request,CWE-918,0,1,1,1,0,1,9,43,2.05,0,0,1,0,0,42,1,0
ssrf-request,CWE-918,1,0,0,0,0,9,2,24,3.74,0,0,0,5,0,18,1,1
path-traversal,CWE-22,1,0,0,0,0,19,21,56,1.75,0,1,0,4,0,25,0,0
xss-unescaped,CWE-79,1,0,1,0,1,3,17,297,1.91,1,1,0,2,0,33,1,0
ssrf-request,CWE-918,1,0,0,0,0,6,30,238,2.17,1,1,0,4,0,19,0,1
hardcoded-secret,CWE-798,1,0,0,0,0,18,7,122,1.86,0,1,0,10,0,33,0,0
xss-unescaped,CWE-79,0,1,0,1,0,11,10,162,1.53,1,0,1,2,0,9,0,0
insecure-deserialize,CWE-502,1,0,0,0,0,16,20,27,3.44,1,1,0,3,0,29,1,1
xss-unescaped,CWE-79,1,0,1,0,0,18,11,370,4.37,1,0,0,10,0,9,0,1
sqli-concat,CWE-89,0,0,1,0,0,13,17,193,2.61,1,1,0,1,1,30,1,0
insecure-deserialize,CWE-502,0,0,0,0,0,2,11,308,4.39,0,0,0,4,1,7,1,0
path-traversal,CWE-22,0,0,0,0,0,6,26,340,3.77,1,0,0,1,0,29,0,1
hardcoded-secret,CWE-798,0,0,0,0,0,19,18,193,3.25,1,0,1,4,0,40,0,1
ssrf-request,CWE-918,0,0,1,1,0,19,25,159,4.45,0,1,0,4,0,38,0,0
xss-unescaped,CWE-79,0,1,1,0,0,3,7,241,4.45,0,1,0,6,0,22,1,0
hardcoded-secret,CWE-798,0,1,0,1,0,18,11,195,2.98,0,1,0,3,0,27,1,0
sqli-concat,CWE-89,0,0,1,0,0,7,30,47,3.66,1,1,0,2,0,35,1,0
sqli-concat,CWE-89,0,1,1,1,0,1,28,191,2.28,0,0,0,0,1,31,1,0
path-traversal,CWE-22,0,0,1,0,0,18,21,271,3.68,1,0,1,5,0,40,0,1
sqli-concat,CWE-89,0,0,1,1,0,17,24,138,2.8,0,1,0,8,1,9,0,0
ssrf-request,CWE-918,1,0,0,0,0,3,11,192,3.21,0,0,1,5,0,42,0,1
sqli-concat,CWE-89,1,0,0,0,0,11,2,355,2.95,1,0,0,1,0,35,0,1
ssrf-request,CWE-918,1,0,0,1,1,20,18,190,1.65,0,0,0,3,0,2,0,0
path-traversal,CWE-22,0,1,0,0,0,16,9,308,4.37,0,1,0,0,0,50,0,0
path-traversal,CWE-22,0,1,1,0,0,14,20,213,3.32,0,0,0,1,0,15,1,0
ssrf-request,CWE-918,0,1,1,1,0,1,1,272,4.45,1,0,0,9,0,42,0,0
sqli-concat,CWE-89,0,1,0,1,0,2,26,178,4.06,1,0,0,0,0,17,0,0
sqli-concat,CWE-89,0,0,0,0,0,14,16,34,3.87,0,0,0,5,0,20,0,0
hardcoded-secret,CWE-798,1,0,0,0,0,14,12,362,2.13,1,1,0,9,0,40,0,1
path-traversal,CWE-22,1,0,0,0,0,3,9,284,2.5,0,1,1,5,0,34,1,0
hardcoded-secret,CWE-798,1,0,0,0,0,18,30,310,2.23,1,0,1,7,1,9,1,1
xss-unescaped,CWE-79,1,0,0,1,0,3,3,184,4.0,0,1,0,2,1,9,0,0
path-traversal,CWE-22,0,0,1,0,0,15,11,127,4.41,1,1,0,5,0,2,0,0
hardcoded-secret,CWE-798,0,0,0,0,1,13,15,354,3.36,0,0,0,4,0,9,0,0
xss-unescaped,CWE-79,1,0,0,1,0,2,20,189,2.3,1,0,1,9,0,44,1,1
path-traversal,CWE-22,1,0,1,0,1,8,24,137,3.63,0,0,0,2,0,11,1,0
hardcoded-secret,CWE-798,0,1,0,0,0,12,4,242,4.26,1,1,1,2,0,25,0,0
insecure-deserialize,CWE-502,1,0,0,1,0,9,19,233,1.76,1,1,0,10,1,32,0,0
sqli-concat,CWE-89,1,0,1,0,0,5,2,275,2.52,1,1,0,3,1,42,1,0
sqli-concat,CWE-89,1,0,0,0,0,7,16,233,2.07,1,0,1,6,0,14,0,1
xss-unescaped,CWE-79,0,0,1,0,1,19,28,234,2.86,1,1,1,10,0,35,1,0
insecure-deserialize,CWE-502,0,1,1,0,1,11,24,212,1.57,0,1,0,5,0,6,1,0
path-traversal,CWE-22,1,0,0,0,0,5,18,113,2.19,0,0,0,8,0,8,0,1
xss-unescaped,CWE-79,1,0,0,1,0,6,5,81,2.17,1,1,0,10,1,13,0,0
hardcoded-secret,CWE-798,1,0,0,0,0,8,28,326,2.34,1,0,0,3,0,32,0,1
sqli-concat,CWE-89,1,0,0,0,0,12,3,244,2.86,0,1,0,4,1,37,1,0
ssrf-request,CWE-918,1,0,0,0,0,13,5,142,2.79,1,0,1,3,0,44,0,1
path-traversal,CWE-22,1,0,1,0,0,12,26,90,3.94,1,0,0,9,0,45,1,1
hardcoded-secret,CWE-798,1,0,1,0,0,20,30,281,4.23,1,0,0,7,1,0,1,1
path-traversal,CWE-22,1,0,1,0,1,12,22,103,1.9,0,0,1,7,0,1,1,0
xss-unescaped,CWE-79,0,1,1,0,0,19,3,337,3.44,1,0,0,9,0,18,0,0
insecure-deserialize,CWE-502,0,0,0,0,0,9,24,34,4.14,1,0,0,3,0,14,1,1
sqli-concat,CWE-89,1,0,0,0,0,8,6,263,2.91,0,0,0,8,1,41,1,0
hardcoded-secret,CWE-798,0,1,1,0,0,18,27,261,2.54,1,1,0,9,0,45,1,0
insecure-deserialize,CWE-502,1,0,0,0,0,5,4,255,1.77,0,1,0,9,1,21,0,0
insecure-deserialize,CWE-502,1,0,0,1,1,10,23,319,2.38,0,1,0,7,0,49,1,0
ssrf-request,CWE-918,0,1,1,0,0,3,23,150,1.84,0,1,1,2,0,43,0,0
hardcoded-secret,CWE-798,1,0,1,0,0,16,7,323,1.88,1,1,1,5,1,43,0,0
insecure-deserialize,CWE-502,0,1,0,0,0,9,16,398,2.16,0,1,1,9,1,2,1,0
hardcoded-secret,CWE-798,0,1,1,0,0,10,2,49,4.35,1,1,0,6,1,29,0,0
sqli-concat,CWE-89,1,0,0,0,0,16,18,307,1.92,1,1,0,8,0,10,1,1
sqli-concat,CWE-89,0,1,0,0,0,10,29,39,2.63,0,1,0,4,0,41,1,0
insecure-deserialize,CWE-502,0,1,0,1,0,5,16,376,4.24,1,1,1,2,1,22,0,0
sqli-concat,CWE-89,0,1,0,0,0,20,14,20,3.94,1,1,0,10,0,13,0,0
path-traversal,CWE-22,0,1,1,0,0,10,15,88,3.25,0,0,1,5,0,44,1,0
ssrf-request,CWE-918,1,0,0,0,0,15,21,38,4.33,1,0,0,2,0,38,0,1
insecure-deserialize,CWE-502,1,0,0,0,0,12,29,177,2.95,0,0,0,3,0,34,1,1
sqli-concat,CWE-89,1,0,0,0,0,19,30,171,2.24,1,1,0,7,1,2,1,1
hardcoded-secret,CWE-798,1,0,0,0,0,19,19,224,1.85,0,1,0,7,0,30,0,0
xss-unescaped,CWE-79,0,0,0,0,0,17,16,291,2.46,0,1,0,0,1,36,1,0
xss-unescaped,CWE-79,1,0,0,0,0,15,4,81,3.16,0,0,1,1,0,14,1,0
insecure-deserialize,CWE-502,0,0,0,1,0,18,27,39,1.56,1,1,1,8,0,30,1,0
ssrf-request,CWE-918,1,0,0,0,0,9,14,247,1.59,1,0,0,4,0,18,0,1
xss-unescaped,CWE-79,0,1,1,0,1,6,24,22,3.37,1,1,0,8,0,33,0,0
xss-unescaped,CWE-79,1,0,0,0,0,5,4,57,3.03,0,1,1,7,0,15,0,0
ssrf-request,CWE-918,1,0,0,1,0,1,9,276,3.62,0,0,0,4,1,8,0,0
hardcoded-secret,CWE-798,0,1,0,0,0,9,23,350,3.59,1,1,1,1,0,35,1,0
sqli-concat,CWE-89,1,0,0,0,0,12,4,234,3.62,1,0,0,1,0,44,0,1
insecure-deserialize,CWE-502,0,1,1,0,1,17,22,304,1.64,0,1,0,7,0,1,0,0
ssrf-request,CWE-918,0,0,0,0,0,4,21,23,1.91,1,0,0,10,1,19,0,1
path-traversal,CWE-22,0,0,0,1,0,6,11,249,4.49,0,1,0,4,0,29,1,0
xss-unescaped,CWE-79,0,0,0,0,0,16,29,79,3.99,1,0,1,7,1,33,1,0
hardcoded-secret,CWE-798,1,0,1,0,0,14,22,258,4.37,0,0,0,1,1,43,0,1
insecure-deserialize,CWE-502,0,0,0,0,0,8,19,173,3.75,0,0,0,0,1,27,1,0
sqli-concat,CWE-89,1,0,1,0,0,7,13,292,3.59,0,0,0,10,1,38,1,0
xss-unescaped,CWE-79,1,0,0,0,0,9,12,25,4.16,0,1,0,3,0,26,0,0
insecure-deserialize,CWE-502,1,0,1,0,0,7,16,32,3.24,1,1,0,10,0,16,1,0
ssrf-request,CWE-918,0,0,1,0,0,20,13,358,4.46,0,0,0,7,0,25,0,0
ssrf-request,CWE-918,0,1,1,0,0,10,12,139,3.89,0,0,1,4,1,23,0,0
xss-unescaped,CWE-79,1,0,1,0,0,19,23,303,2.62,1,0,0,0,0,26,1,1
hardcoded-secret,CWE-798,0,1,0,0,0,18,11,370,2.61,1,1,0,4,0,17,1,0
xss-unescaped,CWE-79,0,1,0,0,0,14,28,83,1.73,0,1,0,7,1,47,1,0
xss-unescaped,CWE-79,0,0,1,0,1,5,10,102,2.74,0,1,0,9,0,20,1,0
hardcoded-secret,CWE-798,1,0,0,0,0,13,13,82,3.36,1,1,0,6,0,46,1,1
path-traversal,CWE-22,0,1,1,1,0,20,9,317,1.79,0,0,0,8,0,24,0,0
path-traversal,CWE-22,0,0,0,0,0,19,23,285,2.93,0,1,0,7,0,30,0,0
ssrf-request,CWE-918,0,0,0,0,0,16,4,129,4.12,0,1,0,5,0,13,0,0
path-traversal,CWE-22,0,0,1,1,0,7,26,235,2.24,0,1,1,2,0,47,1,0
sqli-concat,CWE-89,0,0,0,0,0,5,22,173,3.97,1,1,1,7,0,26,0,1
hardcoded-secret,CWE-798,0,0,0,0,0,15,21,153,4.01,1,1,0,2,1,49,0,1
sqli-concat,CWE-89,1,0,1,0,0,10,22,284,4.41,1,0,1,7,0,15,0,1
insecure-deserialize,CWE-502,1,0,1,0,1,16,4,283,3.92,1,1,0,4,0,22,1,0
xss-unescaped,CWE-79,1,0,1,0,0,12,11,220,1.52,0,0,0,9,1,20,0,0
path-traversal,CWE-22,0,0,0,0,0,8,4,387,3.94,0,1,0,4,1,12,1,0
ssrf-request,CWE-918,0,1,0,1,0,15,3,202,1.76,1,1,0,7,1,2,0,0
ssrf-request,CWE-918,1,0,0,0,0,6,20,319,4.2,0,0,1,2,1,50,1,1
ssrf-request,CWE-918,1,0,0,0,0,17,5,271,2.2,1,1,0,8,0,34,0,1
insecure-deserialize,CWE-502,0,1,0,0,0,11,26,190,4.22,0,0,0,3,1,30,0,0
xss-unescaped,CWE-79,1,0,1,0,0,12,3,87,4.11,0,1,1,7,0,37,1,0
ssrf-request,CWE-918,0,0,1,1,0,2,23,159,4.08,1,0,1,0,0,47,1,0
path-traversal,CWE-22,0,0,0,0,0,2,21,262,2.54,1,1,0,3,0,9,0,1
xss-unescaped,CWE-79,0,1,1,0,0,7,5,301,3.31,0,1,0,8,0,26,1,0
hardcoded-secret,CWE-798,0,1,0,1,0,5,3,359,2.13,0,1,0,8,0,17,1,0
xss-unescaped,CWE-79,0,1,1,0,0,4,14,327,3.32,1,1,0,1,0,2,0,0
hardcoded-secret,CWE-798,0,0,0,0,0,3,2,400,2.5,0,0,1,4,1,50,0,0
hardcoded-secret,CWE-798,0,1,1,0,0,11,24,218,1.87,1,1,0,9,0,12,1,0
hardcoded-secret,CWE-798,1,0,1,0,0,4,27,308,1.72,0,1,0,9,0,47,0,1
sqli-concat,CWE-89,0,1,0,1,1,10,22,77,3.34,1,1,0,8,0,43,1,0
xss-unescaped,CWE-79,0,0,1,0,0,10,20,294,4.48,0,1,0,7,1,42,1,0
ssrf-request,CWE-918,0,0,0,0,0,17,24,217,2.86,1,0,0,6,0,12,1,1
xss-unescaped,CWE-79,0,0,1,0,1,13,25,209,2.57,0,1,0,10,0,46,0,0
path-traversal,CWE-22,0,0,1,0,0,4,10,103,1.8,0,0,0,7,0,16,0,0
ssrf-request,CWE-918,0,0,1,0,0,5,20,368,1.67,0,0,1,3,0,49,1,0
xss-unescaped,CWE-79,0,0,1,1,0,8,26,95,2.35,1,1,1,4,0,21,0,0
xss-unescaped,CWE-79,1,0,1,0,0,18,15,48,2.57,0,0,0,2,1,48,0,0
ssrf-request,CWE-918,1,0,1,0,0,2,19,379,3.21,0,0,1,2,1,22,0,1
insecure-deserialize,CWE-502,0,0,0,0,0,2,3,278,2.75,1,0,0,4,0,24,0,1
ssrf-request,CWE-918,0,1,1,0,0,3,3,134,3.47,1,1,0,0,0,11,0,0
path-traversal,CWE-22,1,0,0,0,0,2,27,372,2.19,1,1,0,10,0,22,1,1
insecure-deserialize,CWE-502,0,1,0,1,0,18,23,294,2.52,1,0,1,3,0,24,0,0
path-traversal,CWE-22,0,1,0,0,0,15,21,27,1.91,1,1,0,8,0,20,0,0
hardcoded-secret,CWE-798,0,0,1,1,0,6,5,315,2.72,0,0,1,9,0,26,1,0
insecure-deserialize,CWE-502,1,0,1,0,0,8,9,63,3.06,0,1,1,6,1,24,0,0
hardcoded-secret,CWE-798,0,1,0,0,0,17,4,285,2.31,1,1,1,7,0,1,0,0
insecure-deserialize,CWE-502,0,0,0,0,0,15,21,223,4.48,1,0,0,9,0,9,1,1
ssrf-request,CWE-918,0,1,0,0,0,5,26,33,3.36,0,0,1,6,0,50,1,0
ssrf-request,CWE-918,0,0,1,0,0,16,15,324,3.33,0,0,0,8,1,46,0,0
path-traversal,CWE-22,1,0,1,0,0,17,11,282,2.71,1,0,0,5,0,19,0,1
xss-unescaped,CWE-79,1,0,0,1,0,7,9,72,3.78,0,0,0,6,1,32,1,0
xss-unescaped,CWE-79,0,0,0,0,0,20,14,164,3.0,0,0,0,9,1,42,0,0
xss-unescaped,CWE-79,1,0,0,0,0,3,17,108,2.69,1,1,0,0,0,47,0,1
xss-unescaped,CWE-79,0,0,0,0,0,19,5,151,3.4,0,0,0,9,0,36,1,0
ssrf-request,CWE-918,0,1,1,0,0,7,8,330,1.98,0,0,1,10,1,49,0,0
path-traversal,CWE-22,1,0,0,1,0,11,3,187,2.66,1,0,1,0,0,38,1,0
ssrf-request,CWE-918,0,0,0,0,1,7,21,45,2.11,0,0,0,9,0,6,0,0
hardcoded-secret,CWE-798,0,0,1,1,0,13,11,27,3.63,1,1,0,4,1,49,1,0
hardcoded-secret,CWE-798,1,0,0,0,0,7,13,199,2.34,1,1,0,4,0,30,1,0
path-traversal,CWE-22,1,0,0,0,0,7,7,98,3.94,1,0,0,3,0,41,1,1
sqli-concat,CWE-89,0,0,0,1,0,15,24,24,2.31,1,1,0,8,0,12,1,0
xss-unescaped,CWE-79,1,0,0,0,0,15,10,321,1.63,1,0,0,9,0,30,0,1
insecure-deserialize,CWE-502,1,0,1,0,0,16,9,135,4.48,0,1,1,7,0,19,0,0
hardcoded-secret,CWE-798,0,0,0,0,0,17,18,267,3.18,1,1,0,7,1,29,1,0
xss-unescaped,CWE-79,0,1,0,0,0,15,20,265,1.63,1,1,0,4,0,50,0,0
ssrf-request,CWE-918,0,1,0,0,0,11,8,228,4.33,0,0,0,9,0,6,1,0
hardcoded-secret,CWE-798,1,0,1,0,0,3,28,77,3.92,1,1,1,5,0,36,0,1
sqli-concat,CWE-89,1,0,1,0,1,12,21,235,2.42,1,1,0,3,1,32,1,0
hardcoded-secret,CWE-798,1,0,1,0,0,14,25,173,4.4,1,1,1,7,0,44,1,1
insecure-deserialize,CWE-502,1,0,0,0,0,9,27,317,1.79,0,1,0,6,1,9,1,0
ssrf-request,CWE-918,0,1,0,0,1,11,24,371,1.77,1,0,0,4,0,31,0,0
ssrf-request,CWE-918,0,1,1,0,0,4,15,253,2.02,0,0,0,1,0,38,0,0
xss-unescaped,CWE-79,0,0,0,0,0,9,11,36,1.73,0,1,1,4,0,1,0,0
xss-unescaped,CWE-79,1,0,0,1,0,10,15,102,2.41,0,0,0,9,0,43,0,0
hardcoded-secret,CWE-798,0,0,0,1,0,1,13,258,3.2,1,1,0,5,1,21,1,0
hardcoded-secret,CWE-798,0,0,1,0,1,18,4,249,3.92,1,0,1,10,1,36,0,0
ssrf-request,CWE-918,0,1,1,0,0,10,19,348,1.63,1,1,0,8,0,23,0,0
xss-unescaped,CWE-79,0,0,1,0,0,17,29,82,3.43,1,1,0,6,0,28,0,0
sqli-concat,CWE-89,0,0,1,0,0,12,5,308,2.9,1,1,0,1,0,2,0,0
xss-unescaped,CWE-79,0,1,0,0,0,15,17,394,3.85,1,0,0,9,0,10,0,1
hardcoded-secret,CWE-798,0,0,1,0,0,2,18,217,2.19,1,1,0,9,1,40,1,0
insecure-deserialize,CWE-502,0,0,0,0,0,2,20,356,3.65,1,0,0,3,0,33,1,1
path-traversal,CWE-22,0,1,0,0,0,12,8,187,2.77,0,1,1,4,0,49,0,0
ssrf-request,CWE-918,1,0,0,0,0,13,22,60,3.77,1,1,0,8,0,28,1,1
xss-unescaped,CWE-79,0,0,1,0,1,16,23,364,4.26,1,0,0,10,1,17,0,0
path-traversal,CWE-22,1,0,0,0,0,13,23,53,4.09,0,0,1,5,0,43,1,1
path-traversal,CWE-22,0,0,0,0,0,10,14,206,1.9,1,0,1,1,0,19,1,0
sqli-concat,CWE-89,1,0,1,0,0,7,10,380,4.49,1,1,0,2,1,0,0,0
xss-unescaped,CWE-79,1,0,1,1,0,9,14,290,4.19,0,1,1,2,1,9,0,0
hardcoded-secret,CWE-798,1,0,1,0,0,7,5,134,2.74,0,1,0,5,0,5,0,0
hardcoded-secret,CWE-798,0,1,1,0,0,2,1,367,1.51,1,1,0,1,0,4,0,0
sqli-concat,CWE-89,0,0,0,1,0,5,27,287,2.06,1,1,0,4,0,38,0,0
insecure-deserialize,CWE-502,0,1,0,0,0,20,16,39,4.37,0,0,0,5,0,42,0,0
sqli-concat,CWE-89,1,0,1,1,0,12,28,148,2.95,0,1,0,9,1,18,1,0
path-traversal,CWE-22,0,1,0,1,1,4,28,87,1.56,1,1,0,9,0,2,0,0
ssrf-request,CWE-918,1,0,0,0,0,18,10,247,1.75,1,1,0,1,1,24,0,1
insecure-deserialize,CWE-502,0,1,0,0,0,1,4,115,2.91,0,1,0,1,0,2,0,0
insecure-deserialize,CWE-502,1,0,0,0,0,13,8,374,2.47,1,1,0,9,0,2,0,1
path-traversal,CWE-22,0,0,1,0,0,14,16,41,3.1,0,1,0,2,1,0,0,0
insecure-deserialize,CWE-502,1,0,0,0,0,2,3,260,1.64,1,0,0,10,0,24,0,1
path-traversal,CWE-22,0,0,0,0,1,6,9,153,2.08,1,1,0,8,1,27,0,0
path-traversal,CWE-22,0,1,1,0,1,5,28,164,2.8,1,1,0,6,0,3,1,0
insecure-deserialize,CWE-502,1,0,0,0,0,5,17,87,2.19,0,1,1,3,1,37,0,1
ssrf-request,CWE-918,1,0,0,1,1,16,23,265,3.84,0,1,0,8,1,37,0,0
ssrf-request,CWE-918,0,0,0,0,0,3,22,319,4.22,0,0,0,6,0,45,1,1
xss-unescaped,CWE-79,0,1,0,0,0,10,19,213,3.59,1,1,0,9,0,6,1,0
xss-unescaped,CWE-79,1,0,0,0,0,14,4,352,4.29,0,1,0,4,0,9,0,0
sqli-concat,CWE-89,0,0,0,0,0,10,7,168,3.43,1,1,0,10,1,21,0,0
ssrf-request,CWE-918,1,0,1,1,1,1,7,126,2.27,1,0,0,6,0,3,1,0
sqli-concat,CWE-89,1,0,0,0,0,9,5,264,2.45,0,1,0,4,0,21,1,0
sqli-concat,CWE-89,0,0,1,0,0,9,20,135,4.23,1,1,0,5,0,48,1,0
insecure-deserialize,CWE-502,0,1,0,0,0,9,14,60,4.48,0,0,0,1,1,50,1,0
sqli-concat,CWE-89,0,1,1,0,0,1,14,308,4.34,1,0,0,2,0,8,1,0
hardcoded-secret,CWE-798,1,0,1,0,0,8,11,72,3.73,0,1,1,6,1,4,0,0
path-traversal,CWE-22,0,0,0,0,0,2,14,354,2.54,0,0,0,0,0,17,1,0
xss-unescaped,CWE-79,1,0,0,0,0,19,12,182,3.25,0,1,0,8,0,40,0,0
hardcoded-secret,CWE-798,0,0,0,0,0,1,7,400,3.38,0,1,0,6,1,12,1,0
hardcoded-secret,CWE-798,1,0,1,0,0,13,19,216,2.56,0,1,0,2,0,41,1,0
sqli-concat,CWE-89,1,0,1,0,0,11,26,215,2.85,1,0,0,9,1,32,1,0
ssrf-request,CWE-918,1,0,0,0,0,12,17,172,3.27,1,0,0,6,0,11,1,1
path-traversal,CWE-22,0,1,1,0,0,2,17,125,3.01,1,0,0,1,1,46,1,0
xss-unescaped,CWE-79,0,0,1,0,0,6,7,364,4.31,1,1,0,5,0,50,0,0
sqli-concat,CWE-89,0,1,1,0,1,2,5,396,3.43,0,1,0,10,0,3,1,0
path-traversal,CWE-22,1,0,1,0,0,10,20,147,1.9,1,1,0,7,0,1,0,1
insecure-deserialize,CWE-502,1,0,0,0,0,20,27,276,4.27,1,0,1,6,0,20,0,1
hardcoded-secret,CWE-798,1,0,0,0,0,10,14,302,4.06,1,0,0,0,1,0,0,1
ssrf-request,CWE-918,1,0,0,0,0,14,16,122,3.0,0,1,0,7,0,45,0,1
ssrf-request,CWE-918,1,0,1,0,0,5,12,138,3.45,0,1,0,8,0,30,1,0
path-traversal,CWE-22,1,0,0,1,0,19,28,158,3.85,0,1,0,10,0,14,1,0
path-traversal,CWE-22,1,0,1,0,0,2,14,228,2.52,1,1,0,2,0,32,0,1
sqli-concat,CWE-89,0,1,1,0,0,13,29,221,4.08,0,1,0,10,0,1,1,0
insecure-deserialize,CWE-502,1,0,0,0,0,15,30,339,2.88,1,1,1,0,1,50,0,1
xss-unescaped,CWE-79,1,0,0,0,0,4,8,258,1.91,1,0,1,5,0,21,1,1
ssrf-request,CWE-918,0,1,0,0,0,2,6,373,1.75,0,1,0,6,0,28,1,0
insecure-deserialize,CWE-502,1,0,1,0,0,15,10,324,1.99,0,1,0,1,0,11,1,0
xss-unescaped,CWE-79,1,0,0,0,0,4,23,239,3.66,1,0,1,8,0,36,1,1
path-traversal,CWE-22,0,0,0,0,0,19,5,257,4.38,1,1,0,7,1,27,0,0
insecure-deserialize,CWE-502,0,0,0,0,0,4,6,320,4.05,0,1,0,7,0,4,0,0
path-traversal,CWE-22,0,0,0,0,0,15,7,199,2.54,1,1,0,1,0,46,0,0
sqli-concat,CWE-89,1,0,0,0,0,18,7,177,3.78,1,1,0,9,1,6,1,0
path-traversal,CWE-22,1,0,1,0,0,17,1,279,2.8,1,0,0,9,0,28,0,1
xss-unescaped,CWE-79,0,1,1,1,0,3,23,259,3.03,1,1,0,10,0,3,0,0
path-traversal,CWE-22,1,0,1,0,0,4,18,335,3.55,1,0,0,9,0,33,1,1
ssrf-request,CWE-918,1,0,1,1,0,14,25,146,3.17,1,0,0,8,0,22,0,0
xss-unescaped,CWE-79,0,0,1,0,0,16,7,60,2.49,0,1,0,0,0,12,1,0
insecure-deserialize,CWE-502,0,0,0,0,1,4,22,218,2.14,1,1,0,2,1,21,0,0
xss-unescaped,CWE-79,0,0,1,0,0,4,26,81,4.05,1,0,1,8,1,18,0,1
sqli-concat,CWE-89,1,0,1,1,0,3,13,270,1.85,0,0,0,9,0,37,1,0
ssrf-request,CWE-918,1,0,1,0,0,20,16,110,3.86,1,0,0,10,1,13,1,0
insecure-deserialize,CWE-502,1,0,1,0,0,12,26,232,2.23,0,1,0,5,1,4,0,0
insecure-deserialize,CWE-502,0,1,0,0,0,3,19,211,4.03,0,0,1,7,0,8,0,0
ssrf-request,CWE-918,1,0,0,0,0,7,10,180,4.1,1,1,0,9,0,45,1,1
hardcoded-secret,CWE-798,0,0,1,0,0,5,7,368,4.23,0,1,1,3,0,3,0,0
xss-unescaped,CWE-79,1,0,1,1,0,2,27,67,1.64,0,0,0,1,0,28,1,0
insecure-deserialize,CWE-502,1,0,1,0,0,16,27,345,4.39,1,1,0,10,1,9,0,0
xss-unescaped,CWE-79,1,0,1,0,0,15,17,297,3.72,0,1,0,1,0,13,1,0
ssrf-request,CWE-918,1,0,1,1,0,8,7,307,2.07,1,1,0,8,0,15,1,0
hardcoded-secret,CWE-798,0,1,1,0,0,19,17,263,4.0,0,1,0,10,0,8,1,0
insecure-deserialize,CWE-502,1,0,0,0,0,16,5,75,4.17,1,1,0,5,0,32,1,1
insecure-deserialize,CWE-502,0,0,0,0,0,2,5,128,3.0,1,0,0,7,0,14,0,1
sqli-concat,CWE-89,0,1,1,0,0,18,1,320,2.65,1,0,0,5,0,18,1,0
insecure-deserialize,CWE-502,1,0,1,0,0,15,6,261,3.03,1,1,0,5,0,31,0,1
path-traversal,CWE-22,1,0,0,0,0,5,18,226,2.34,0,0,0,2,0,3,0,1
insecure-deserialize,CWE-502,0,0,1,0,0,8,30,212,2.68,0,0,0,0,1,38,0,1
xss-unescaped,CWE-79,0,0,0,0,0,5,18,198,2.58,0,0,1,8,0,13,1,0
xss-unescaped,CWE-79,0,0,0,0,1,11,11,365,3.61,1,1,0,6,1,46,0,0
xss-unescaped,CWE-79,0,1,1,0,0,2,1,29,2.34,0,1,1,4,1,6,1,0
sqli-concat,CWE-89,1,0,1,0,0,7,24,123,2.45,0,0,0,0,0,38,0,0
path-traversal,CWE-22,1,0,0,0,0,15,30,36,1.78,1,1,0,1,0,38,1,1
insecure-deserialize,CWE-502,1,0,1,0,0,9,20,385,3.71,1,1,0,9,0,8,1,0
path-traversal,CWE-22,0,0,0,0,0,8,22,91,2.54,0,1,0,10,0,47,0,0
path-traversal,CWE-22,0,1,1,0,0,8,21,216,4.29,0,0,1,3,1,38,0,0
ssrf-request,CWE-918,0,1,0,0,0,20,17,120,3.66,1,1,0,4,0,8,1,0
sqli-concat,CWE-89,1,0,0,0,0,6,23,290,4.36,0,0,1,10,1,5,1,0
ssrf-request,CWE-918,0,1,0,0,0,12,6,287,2.61,0,1,0,3,1,13,0,0
sqli-concat,CWE-89,0,0,1,0,0,3,28,56,2.98,0,1,0,10,1,45,0,0
insecure-deserialize,CWE-502,0,0,1,0,0,5,8,271,4.19,1,1,0,3,0,40,0,0
sqli-concat,CWE-89,1,0,1,1,0,8,2,98,4.4,0,1,0,2,1,28,0,0
ssrf-request,CWE-918,1,0,1,0,0,5,17,376,2.63,1,1,0,6,0,1,1,0
ssrf-request,CWE-918,1,0,0,0,0,6,17,97,2.2,1,1,1,6,1,48,0,1
xss-unescaped,CWE-79,1,0,1,0,0,3,16,349,3.66,1,1,1,5,0,41,0,1
path-traversal,CWE-22,1,0,1,0,0,2,20,219,3.45,1,0,0,6,1,26,0,1
ssrf-request,CWE-918,1,0,0,0,0,18,18,157,1.73,0,0,1,9,1,34,0,1
insecure-deserialize,CWE-502,1,0,1,0,0,14,2,131,2.45,0,0,0,5,0,35,0,1
path-traversal,CWE-22,1,0,1,0,0,20,12,79,4.28,1,1,0,0,0,13,1,0
hardcoded-secret,CWE-798,1,0,0,0,0,2,9,114,2.33,1,0,0,4,1,5,1,1
insecure-deserialize,CWE-502,1,0,1,0,0,9,17,329,3.36,0,1,0,4,1,12,0,0
ssrf-request,CWE-918,0,0,0,0,0,4,10,285,4.21,1,0,1,7,0,27,0,1
hardcoded-secret,CWE-798,1,0,0,0,0,2,24,288,3.18,0,0,0,7,0,13,0,1
insecure-deserialize,CWE-502,0,1,0,0,0,20,27,123,3.68,0,1,1,5,1,10,1,0
path-traversal,CWE-22,1,0,1,0,1,12,22,45,4.25,1,0,1,1,1,40,1,0
xss-unescaped,CWE-79,1,0,1,0,0,11,23,322,1.52,0,1,1,10,0,28,1,0
hardcoded-secret,CWE-798,1,0,0,0,0,12,19,305,2.25,1,1,1,6,0,11,0,1
path-traversal,CWE-22,0,1,0,0,0,17,21,217,2.27,1,0,0,7,0,9,1,0
xss-unescaped,CWE-79,1,0,0,0,0,5,19,151,2.58,1,1,0,7,0,5,1,1
xss-unescaped,CWE-79,1,0,1,0,0,20,9,71,3.71,1,0,0,8,0,4,0,1
insecure-deserialize,CWE-502,1,0,1,0,0,13,12,205,1.78,1,0,0,2,0,32,0,1
xss-unescaped,CWE-79,0,1,1,0,0,9,14,214,3.96,0,1,0,8,1,33,1,0
hardcoded-secret,CWE-798,0,1,1,0,0,8,24,209,3.2,0,1,1,8,1,32,1,0
ssrf-request,CWE-918,1,0,1,0,0,13,21,102,2.95,0,1,0,6,0,42,0,0
xss-unescaped,CWE-79,0,1,0,0,0,12,22,346,3.91,0,1,0,6,1,47,1,0
xss-unescaped,CWE-79,1,0,1,0,0,5,10,47,3.33,1,0,1,2,0,47,1,0
path-traversal,CWE-22,0,0,1,0,0,20,20,384,2.08,0,0,0,4,0,38,0,0
ssrf-request,CWE-918,0,0,1,0,0,10,20,155,2.57,1,1,0,9,0,6,0,0
xss-unescaped,CWE-79,0,1,0,0,0,6,24,35,1.68,0,1,0,2,0,44,0,0
ssrf-request,CWE-918,1,0,1,0,0,16,12,31,4.39,1,1,1,2,1,8,1,0
path-traversal,CWE-22,0,1,0,0,0,16,7,333,3.39,1,1,0,7,1,5,1,0
path-traversal,CWE-22,0,0,1,0,0,13,30,392,3.21,0,0,0,8,1,44,0,0
insecure-deserialize,CWE-502,1,0,0,0,0,5,15,131,3.72,0,0,0,4,1,0,1,0
path-traversal,CWE-22,1,0,1,0,0,9,7,288,2.18,0,0,1,0,1,7,0,0
path-traversal,CWE-22,1,0,0,0,0,2,14,73,3.08,1,1,0,6,1,45,1,1
hardcoded-secret,CWE-798,1,0,0,0,0,20,23,357,3.83,1,1,0,0,0,21,1,1
insecure-deserialize,CWE-502,1,0,1,0,0,6,16,367,3.18,0,0,0,6,0,33,0,1
insecure-deserialize,CWE-502,1,0,0,0,0,7,29,70,3.44,1,1,1,7,0,11,1,1
hardcoded-secret,CWE-798,0,1,1,0,0,5,18,80,3.05,1,1,1,2,1,7,1,0
sqli-concat,CWE-89,0,1,1,0,0,12,25,296,1.67,1,1,0,6,0,41,0,0
insecure-deserialize,CWE-502,0,0,0,0,0,6,9,383,2.13,0,0,0,0,1,46,0,0
insecure-deserialize,CWE-502,1,0,1,0,0,2,13,345,3.81,1,1,1,5,0,16,0,1
xss-unescaped,CWE-79,0,1,0,0,0,13,29,231,2.23,0,0,0,1,1,0,0,0
xss-unescaped,CWE-79,0,1,1,0,1,19,9,200,4.41,1,1,0,2,0,40,1,0
path-traversal,CWE-22,1,0,0,0,0,12,22,278,2.53,0,1,0,5,1,7,0,0
sqli-concat,CWE-89,0,1,0,0,0,19,16,105,3.2,1,0,1,10,0,32,0,0
ssrf-request,CWE-918,0,1,1,0,0,8,30,184,2.49,1,1,1,6,1,40,1,0
hardcoded-secret,CWE-798,0,1,0,0,0,15,30,33,2.5,0,0,1,7,0,43,0,0
xss-unescaped,CWE-79,1,0,1,1,0,6,21,186,2.88,0,1,0,4,0,25,1,0
hardcoded-secret,CWE-798,0,0,0,0,0,6,1,207,2.97,0,1,0,9,1,2,0,0
insecure-deserialize,CWE-502,0,1,0,0,0,16,16,79,3.37,1,1,0,0,0,47,0,0
sqli-concat,CWE-89,0,1,0,1,0,12,22,255,2.51,1,0,0,10,1,11,1,0
path-traversal,CWE-22,1,0,0,0,0,2,6,109,3.2,1,1,1,10,1,5,1,0
sqli-concat,CWE-89,1,0,0,0,0,4,14,168,3.33,0,0,0,8,0,44,0,1
xss-unescaped,CWE-79,1,0,0,0,1,18,29,197,4.48,1,0,0,2,1,50,0,1
hardcoded-secret,CWE-798,1,0,1,0,0,3,19,88,4.29,1,1,1,1,0,41,1,1
hardcoded-secret,CWE-798,1,0,0,1,0,13,3,293,3.28,0,0,0,3,0,38,0,1
insecure-deserialize,CWE-502,1,0,0,0,0,20,12,70,4.5,0,0,0,0,0,20,0,1
path-traversal,CWE-22,1,0,1,0,0,9,17,111,3.77,1,0,1,10,0,37,0,1
ssrf-request,CWE-918,0,0,1,0,0,6,1,25,3.18,0,0,0,3,0,34,0,0
sqli-concat,CWE-89,0,1,1,0,0,8,7,282,4.48,1,1,0,6,1,1,1,0
insecure-deserialize,CWE-502,1,0,0,0,0,11,8,205,2.7,1,1,0,3,1,46,1,1
hardcoded-secret,CWE-798,1,0,1,0,0,9,19,336,1.98,0,0,0,0,0,36,0,0
hardcoded-secret,CWE-798,0,1,1,0,0,7,18,206,4.03,1,0,0,1,0,20,0,0
ssrf-request,CWE-918,0,1,0,0,0,4,29,202,3.64,1,0,1,0,1,0,0,1
hardcoded-secret,CWE-798,1,0,0,1,0,16,29,63,3.28,1,1,0,3,1,4,1,0
xss-unescaped,CWE-79,0,1,0,0,0,2,12,108,3.15,1,0,0,9,0,20,1,1
hardcoded-secret,CWE-798,1,0,1,1,0,10,21,131,2.71,0,1,0,3,0,18,1,0
path-traversal,CWE-22,1,0,0,0,0,8,23,84,1.88,1,0,1,4,0,30,0,1
hardcoded-secret,CWE-798,1,0,1,0,0,10,5,214,2.44,1,0,0,2,0,30,0,1
insecure-deserialize,CWE-502,0,0,1,0,0,2,24,306,1.71,1,0,1,6,0,41,0,1
insecure-deserialize,CWE-502,1,0,1,0,0,4,15,283,3.34,1,1,0,9,1,27,0,1
path-traversal,CWE-22,1,0,0,0,0,18,15,400,1.61,1,1,0,8,1,15,0,0
xss-unescaped,CWE-79,0,1,1,0,1,17,5,144,1.73,0,0,0,9,0,35,0,0
ssrf-request,CWE-918,0,0,0,1,0,2,12,50,4.49,0,0,0,0,1,18,1,0
insecure-deserialize,CWE-502,1,0,1,0,0,11,20,146,3.58,1,1,0,5,0,49,0,1
sqli-concat,CWE-89,0,1,1,0,0,9,17,242,2.21,0,0,0,5,1,2,1,0
insecure-deserialize,CWE-502,0,0,0,1,0,19,17,179,3.96,0,1,0,9,1,34,0,0
xss-unescaped,CWE-79,1,0,0,1,0,9,7,160,1.74,1,0,1,3,1,46,0,0
hardcoded-secret,CWE-798,0,1,1,0,0,13,29,280,2.09,0,1,0,3,0,14,1,0
xss-unescaped,CWE-79,1,0,1,0,0,1,14,139,3.15,1,0,0,0,0,24,0,1
insecure-deserialize,CWE-502,1,0,0,0,0,18,16,329,2.91,0,1,0,7,0,8,1,0
ssrf-request,CWE-918,0,1,0,0,0,10,11,205,2.18,1,0,0,2,0,3,0,0
insecure-deserialize,CWE-502,1,0,1,0,0,1,16,39,2.95,1,0,0,1,0,20,0,1
xss-unescaped,CWE-79,1,0,0,0,0,5,11,203,3.27,1,0,0,6,0,3,1,1
xss-unescaped,CWE-79,0,0,0,0,0,5,26,281,1.78,0,0,0,10,0,41,0,1
hardcoded-secret,CWE-798,0,0,1,0,0,16,5,357,4.27,1,0,0,8,0,11,0,1
path-traversal,CWE-22,1,0,0,0,0,10,28,173,2.95,0,1,0,4,0,4,0,1
path-traversal,CWE-22,0,0,0,0,0,15,11,81,3.24,0,1,0,4,0,38,1,0
ssrf-request,CWE-918,0,1,1,0,0,13,4,331,4.05,1,0,0,8,1,44,1,0
hardcoded-secret,CWE-798,1,0,0,0,0,10,24,275,2.69,1,1,0,9,0,46,0,1
path-traversal,CWE-22,0,0,0,0,0,15,14,350,2.24,0,0,1,10,1,31,0,0
insecure-deserialize,CWE-502,0,1,1,0,0,3,19,71,2.1,1,1,1,7,0,31,1,0
path-traversal,CWE-22,1,0,1,0,0,20,18,224,2.63,1,0,0,7,0,32,0,1
hardcoded-secret,CWE-798,1,0,0,0,0,6,22,20,3.27,0,1,0,4,0,44,0,1
ssrf-request,CWE-918,0,1,0,0,0,17,25,85,2.39,1,0,0,8,1,43,0,0
hardcoded-secret,CWE-798,0,1,1,0,0,9,15,40,2.06,1,0,0,3,0,50,0,0
insecure-deserialize,CWE-502,1,0,1,0,1,19,4,28,3.29,0,0,0,6,0,32,0,0
insecure-deserialize,CWE-502,1,0,0,0,0,10,20,73,2.3,0,1,0,4,0,21,0,1
sqli-concat,CWE-89,1,0,0,0,0,14,4,141,2.97,0,1,0,5,1,49,0,0
xss-unescaped,CWE-79,1,0,0,0,0,18,12,300,4.46,1,0,0,1,0,23,0,1
ssrf-request,CWE-918,0,0,1,0,0,17,26,120,3.3,1,0,0,5,0,1,1,0
insecure-deserialize,CWE-502,0,1,1,0,0,18,7,46,3.72,0,1,0,5,0,34,0,0
xss-unescaped,CWE-79,0,1,0,0,0,13,16,147,3.61,1,0,0,2,0,12,1,1
sqli-concat,CWE-89,1,0,0,0,0,7,2,109,2.58,1,1,1,2,0,3,1,1
xss-unescaped,CWE-79,0,1,1,1,0,3,4,270,2.36,1,0,0,7,0,36,1,0
insecure-deserialize,CWE-502,1,0,1,0,0,8,3,379,2.0,1,1,0,0,0,39,0,1
insecure-deserialize,CWE-502,1,0,1,0,0,10,4,177,4.24,0,0,1,2,0,31,1,0
xss-unescaped,CWE-79,1,0,0,0,0,8,11,22,4.37,0,1,0,10,0,12,0,0
path-traversal,CWE-22,0,1,1,0,0,16,13,260,1.74,0,1,0,8,0,50,1,0
ssrf-request,CWE-918,1,0,0,0,1,5,19,156,2.63,1,1,1,0,0,8,1,0
ssrf-request,CWE-918,0,0,1,0,0,1,6,207,3.3,0,1,0,0,0,17,0,0
ssrf-request,CWE-918,0,0,0,0,0,6,30,306,2.95,0,0,0,0,1,41,1,0
insecure-deserialize,CWE-502,0,1,1,1,0,16,21,51,4.38,0,1,1,1,0,47,0,0
sqli-concat,CWE-89,1,0,1,0,0,6,12,112,3.58,0,1,0,2,1,9,0,0
sqli-concat,CWE-89,1,0,0,0,0,2,15,190,2.88,1,1,1,10,1,17,0,1
xss-unescaped,CWE-79,1,0,1,0,0,17,15,310,2.86,0,0,0,8,1,24,1,0
path-traversal,CWE-22,0,0,1,0,0,13,23,74,3.13,1,1,1,2,0,16,1,0
insecure-deserialize,CWE-502,0,0,1,0,0,13,12,116,2.1,1,1,1,9,1,20,1,0
hardcoded-secret,CWE-798,1,0,1,0,0,14,17,363,1.91,1,0,0,7,1,7,1,0
insecure-deserialize,CWE-502,1,0,0,0,0,15,16,40,1.55,1,1,0,4,1,33,0,1
xss-unescaped,CWE-79,1,0,1,0,0,14,4,57,2.54,0,1,0,3,0,10,0,0
hardcoded-secret,CWE-798,0,1,0,1,0,17,4,247,3.81,0,0,0,0,1,3,1,0
ssrf-request,CWE-918,0,0,1,0,0,5,9,285,3.37,0,0,1,3,0,47,1,0
insecure-deserialize,CWE-502,0,1,0,0,0,2,26,90,2.4,1,0,1,0,0,17,0,1
sqli-concat,CWE-89,0,0,0,0,1,3,8,262,4.37,0,1,1,10,1,4,1,0
hardcoded-secret,CWE-798,0,0,1,1,0,11,9,306,3.1,0,0,0,2,0,41,0,0
xss-unescaped,CWE-79,0,1,0,0,0,3,9,111,2.79,1,0,0,7,0,12,1,0
ssrf-request,CWE-918,1,0,1,0,0,8,11,359,2.53,1,1,0,9,0,15,0,0
xss-unescaped,CWE-79,1,0,1,1,0,6,19,253,3.49,0,0,0,1,1,46,1,0
hardcoded-secret,CWE-798,0,1,1,0,0,8,14,90,4.07,0,1,0,5,0,4,0,0
path-traversal,CWE-22,0,0,1,0,0,12,14,264,4.04,0,1,1,7,0,49,0,0
hardcoded-secret,CWE-798,1,0,1,0,0,11,27,37,4.22,0,0,1,10,0,38,0,1
sqli-concat,CWE-89,1,0,1,0,0,15,11,164,2.06,1,1,1,3,1,31,1,0
sqli-concat,CWE-89,1,0,1,0,0,15,19,335,3.66,1,0,0,8,0,49,0,1
insecure-deserialize,CWE-502,0,0,1,0,1,3,13,352,2.83,1,0,0,9,0,10,1,0
sqli-concat,CWE-89,1,0,1,0,1,1,25,227,2.26,1,1,0,8,0,48,1,1
path-traversal,CWE-22,0,0,0,0,0,4,7,261,2.6,0,1,0,7,0,22,0,0
sqli-concat,CWE-89,0,0,0,0,0,17,12,191,1.96,1,0,0,8,1,44,1,0
sqli-concat,CWE-89,0,0,1,0,0,8,10,49,2.47,0,1,1,10,0,23,0,0
ssrf-request,CWE-918,0,1,1,0,0,16,30,365,1.95,1,0,0,5,0,4,0,0
insecure-deserialize,CWE-502,0,1,0,0,0,8,20,334,2.48,0,0,0,9,0,5,0,0
sqli-concat,CWE-89,1,0,0,0,1,3,30,227,2.67,0,1,0,5,0,2,0,0
ssrf-request,CWE-918,0,0,1,0,0,20,11,276,3.78,0,0,0,4,0,7,0,0
xss-unescaped,CWE-79,1,0,0,0,1,10,15,62,2.55,0,1,0,10,0,32,1,0
hardcoded-secret,CWE-798,1,0,1,0,0,3,20,229,3.4,0,0,0,3,0,34,1,1
sqli-concat,CWE-89,0,0,1,0,0,16,25,184,1.94,0,0,0,0,0,18,0,0
ssrf-request,CWE-918,0,1,1,0,0,20,17,82,2.77,0,0,0,3,0,3,0,0
ssrf-request,CWE-918,0,1,0,0,0,3,28,394,2.18,0,0,0,4,1,3,1,0
xss-unescaped,CWE-79,0,0,1,0,0,13,16,123,1.56,0,1,0,6,0,39,0,0
hardcoded-secret,CWE-798,1,0,0,1,0,17,20,234,4.12,1,1,0,9,0,49,0,1
insecure-deserialize,CWE-502,0,1,0,1,0,20,1,117,4.33,1,1,0,8,0,7,0,0
path-traversal,CWE-22,0,0,1,0,0,16,21,233,4.47,1,0,1,6,0,23,0,0
hardcoded-secret,CWE-798,0,0,1,0,0,9,28,289,4.08,1,1,1,0,1,49,1,0
hardcoded-secret,CWE-798,1,0,1,0,0,19,6,346,4.13,1,1,0,1,0,27,1,0
xss-unescaped,CWE-79,1,0,0,0,1,8,18,151,3.09,1,1,0,0,0,20,1,0
ssrf-request,CWE-918,0,1,0,0,0,20,2,303,2.88,0,0,0,7,0,32,1,0
ssrf-request,CWE-918,0,0,0,0,0,2,30,374,3.48,1,0,1,2,0,33,0,1
path-traversal,CWE-22,1,0,1,0,0,2,24,65,2.54,0,1,0,3,1,49,0,1
insecure-deserialize,CWE-502,1,0,1,0,0,1,10,173,2.76,0,0,0,2,1,29,0,1
xss-unescaped,CWE-79,0,1,0,0,0,2,19,333,4.21,1,0,0,4,0,24,0,1
sqli-concat,CWE-89,1,0,1,0,0,2,23,205,3.11,1,1,0,8,0,3,1,1
hardcoded-secret,CWE-798,0,1,0,0,0,14,21,285,3.33,1,1,0,7,0,16,0,0
ssrf-request,CWE-918,1,0,0,1,0,20,29,71,3.1,0,1,1,2,0,22,0,0
ssrf-request,CWE-918,1,0,0,1,0,20,15,133,1.51,1,1,0,8,0,34,0,0
xss-unescaped,CWE-79,0,1,1,0,0,9,4,30,1.53,1,0,0,3,0,12,0,0
path-traversal,CWE-22,1,0,0,0,0,5,21,148,2.14,0,0,0,4,1,27,1,1
hardcoded-secret,CWE-798,0,0,1,1,0,6,10,250,3.67,1,0,0,3,0,28,0,0
ssrf-request,CWE-918,0,1,0,0,0,5,7,72,4.35,0,0,1,5,0,40,1,0
ssrf-request,CWE-918,1,0,0,0,0,10,25,217,2.96,0,1,0,4,0,49,1,1
insecure-deserialize,CWE-502,0,0,0,0,0,8,6,347,4.12,1,0,0,2,1,18,1,1
insecure-deserialize,CWE-502,0,0,1,0,1,7,12,191,3.9,1,1,0,4,1,18,1,0
insecure-deserialize,CWE-502,1,0,1,0,0,12,12,307,4.24,1,1,0,1,0,14,1,0
hardcoded-secret,CWE-798,1,0,1,0,0,15,8,122,1.75,1,1,1,5,0,41,1,0
hardcoded-secret,CWE-798,0,1,0,0,0,9,30,363,2.99,0,1,1,3,1,26,0,0
path-traversal,CWE-22,0,0,0,1,1,15,21,328,4.15,0,1,0,0,0,21,1,0
insecure-deserialize,CWE-502,0,1,1,0,0,4,9,83,2.99,0,0,0,10,0,43,0,0
insecure-deserialize,CWE-502,1,0,1,0,1,8,3,301,2.61,0,1,0,1,0,16,1,0
ssrf-request,CWE-918,1,0,1,0,0,7,20,256,3.77,0,0,0,7,1,35,1,0
insecure-deserialize,CWE-502,1,0,0,0,0,10,24,393,4.09,0,1,0,9,0,31,1,0
sqli-concat,CWE-89,1,0,1,0,0,17,12,341,2.66,0,0,0,5,0,18,0,0
sqli-concat,CWE-89,1,0,1,0,0,15,4,124,3.41,0,0,0,4,0,37,1,0
sqli-concat,CWE-89,0,1,1,0,0,16,7,325,2.93,1,1,0,9,0,35,1,0
insecure-deserialize,CWE-502,0,1,0,0,1,10,22,251,1.53,1,1,0,10,0,40,1,0
path-traversal,CWE-22,0,1,1,0,0,15,6,311,3.53,0,0,0,0,0,12,0,0
ssrf-request,CWE-918,1,0,0,0,0,11,25,379,4.14,1,1,1,8,1,0,0,1
xss-unescaped,CWE-79,0,0,1,0,0,14,28,179,1.81,0,1,0,10,0,21,1,0
ssrf-request,CWE-918,0,0,1,0,0,7,19,320,4.01,1,1,0,2,0,32,1,0
hardcoded-secret,CWE-798,0,1,1,0,1,5,19,237,1.79,1,0,1,3,0,2,0,0
ssrf-request,CWE-918,0,0,1,0,0,5,23,390,4.29,1,0,1,6,0,30,0,0
ssrf-request,CWE-918,1,0,0,0,0,3,1,215,1.99,1,1,0,9,1,13,0,1
ssrf-request,CWE-918,0,0,0,0,0,14,24,267,4.44,1,0,1,9,1,35,0,0
sqli-concat,CWE-89,1,0,0,0,0,9,18,211,1.85,1,0,0,2,0,4,0,1
hardcoded-secret,CWE-798,1,0,1,0,0,6,19,310,1.57,0,1,0,4,0,33,0,0
hardcoded-secret,CWE-798,0,1,1,0,0,6,15,266,3.05,0,1,0,4,1,26,1,0
hardcoded-secret,CWE-798,0,1,1,0,0,8,17,109,3.61,0,1,0,0,0,25,0,0
insecure-deserialize,CWE-502,0,1,0,0,0,4,27,247,2.83,1,1,0,0,1,21,1,0
insecure-deserialize,CWE-502,1,0,0,0,0,9,29,215,3.34,1,1,0,4,1,30,1,1
xss-unescaped,CWE-79,1,0,0,0,0,17,20,269,2.72,0,1,0,10,1,50,0,0
ssrf-request,CWE-918,0,0,0,0,0,4,16,343,2.69,0,1,0,5,0,24,0,0
xss-unescaped,CWE-79,0,1,0,0,0,4,30,160,3.48,0,1,0,10,0,27,0,0
path-traversal,CWE-22,0,0,0,0,0,16,26,307,2.33,1,0,0,8,0,4,1,1
hardcoded-secret,CWE-798,0,1,1,0,0,1,10,222,3.99,1,1,1,5,1,24,1,0
path-traversal,CWE-22,1,0,1,0,0,11,28,203,2.87,0,0,1,7,1,35,1,0
hardcoded-secret,CWE-798,0,1,1,1,0,7,30,287,3.16,0,1,0,0,0,25,0,0
insecure-deserialize,CWE-502,1,0,1,0,0,8,5,354,1.97,1,1,1,5,0,25,1,0
sqli-concat,CWE-89,1,0,1,0,0,7,28,63,3.48,1,0,0,9,1,46,0,1
sqli-concat,CWE-89,1,0,1,0,0,7,20,138,1.94,1,1,1,4,1,9,0,1
hardcoded-secret,CWE-798,1,0,1,0,0,3,14,290,3.28,1,1,0,8,0,2,1,1
path-traversal,CWE-22,1,0,1,0,0,3,15,35,1.53,1,1,0,5,0,35,1,1
xss-unescaped,CWE-79,0,0,0,0,0,14,8,221,1.61,1,0,1,6,0,45,1,0
sqli-concat,CWE-89,1,0,1,0,1,20,22,327,4.33,1,1,1,7,1,3,1,0
sqli-concat,CWE-89,1,0,0,0,0,17,21,234,2.03,1,0,1,5,0,18,0,1
sqli-concat,CWE-89,0,1,1,0,0,12,15,203,3.47,0,1,0,2,0,47,1,0
hardcoded-secret,CWE-798,0,1,1,0,0,1,11,253,4.44,1,1,0,3,1,16,1,0
xss-unescaped,CWE-79,1,0,0,0,0,6,1,300,3.43,0,0,1,9,0,21,0,1
path-traversal,CWE-22,0,0,1,0,1,6,24,363,2.83,1,1,0,0,1,3,0,0
xss-unescaped,CWE-79,0,1,1,1,0,6,2,358,2.96,0,0,0,7,1,47,0,0
hardcoded-secret,CWE-798,0,1,1,0,0,19,23,293,2.46,1,1,0,4,0,18,0,0
path-traversal,CWE-22,1,0,1,1,0,14,18,331,2.91,0,0,0,3,1,33,1,0
ssrf-request,CWE-918,0,1,0,0,0,4,25,207,3.59,1,0,0,4,0,32,0,1
xss-unescaped,CWE-79,0,0,1,0,0,19,11,181,2.0,0,1,0,3,0,44,1,0
sqli-concat,CWE-89,1,0,1,0,0,18,19,311,2.19,0,1,0,6,0,7,1,0
ssrf-request,CWE-918,0,0,0,0,0,9,10,306,4.28,1,1,1,9,0,15,0,0
hardcoded-secret,CWE-798,1,0,0,0,0,10,29,165,3.83,0,1,0,10,0,2,0,1
ssrf-request,CWE-918,0,0,0,0,1,8,30,208,1.93,1,1,1,10,0,16,1,0
ssrf-request,CWE-918,1,0,1,0,0,6,14,282,2.57,1,0,1,2,0,15,0,1
hardcoded-secret,CWE-798,1,0,0,0,0,10,5,160,2.76,0,0,0,9,0,2,1,1
xss-unescaped,CWE-79,0,0,1,0,0,8,26,271,3.11,1,0,0,10,0,50,1,1
ssrf-request,CWE-918,0,1,0,0,0,20,12,253,3.59,1,1,1,7,0,11,1,0
hardcoded-secret,CWE-798,0,0,0,1,0,10,7,111,3.78,1,0,1,7,0,6,1,0
ssrf-request,CWE-918,1,0,1,0,0,12,27,389,1.64,0,1,1,0,1,30,1,0
ssrf-request,CWE-918,1,0,0,0,0,13,15,207,2.5,0,0,0,2,1,40,0,1
insecure-deserialize,CWE-502,0,1,0,0,0,12,22,198,3.79,0,1,0,9,0,49,0,0
path-traversal,CWE-22,1,0,0,1,0,3,22,73,3.99,0,0,0,1,0,30,0,1
path-traversal,CWE-22,1,0,1,0,0,6,28,342,3.45,0,1,0,4,0,34,0,1
insecure-deserialize,CWE-502,1,0,1,0,0,9,27,125,2.9,1,0,0,2,1,1,0,1
xss-unescaped,CWE-79,1,0,1,0,0,18,20,192,3.69,1,0,1,3,0,22,0,1
insecure-deserialize,CWE-502,1,0,0,0,0,19,14,126,2.94,1,1,1,2,0,23,1,0
ssrf-request,CWE-918,0,0,0,0,0,5,19,59,3.27,1,0,0,4,0,4,0,1
path-traversal,CWE-22,0,0,1,0,0,13,1,139,3.06,0,0,1,7,0,30,0,0
ssrf-request,CWE-918,0,0,1,0,0,3,8,383,2.29,0,0,0,2,1,43,1,0
insecure-deserialize,CWE-502,0,1,0,0,0,13,2,214,4.31,1,0,0,3,0,44,0,0
sqli-concat,CWE-89,1,0,0,0,0,12,29,202,3.04,0,0,0,1,0,32,0,1
path-traversal,CWE-22,1,0,0,0,0,13,8,400,2.74,0,0,0,3,0,7,1,1
sqli-concat,CWE-89,0,0,1,0,0,13,14,194,4.18,1,1,1,4,0,21,1,0
xss-unescaped,CWE-79,0,0,0,0,0,19,17,205,2.69,0,0,1,9,0,10,1,0
hardcoded-secret,CWE-798,1,0,1,0,1,3,10,137,1.52,0,1,0,9,0,9,1,0
hardcoded-secret,CWE-798,1,0,1,0,0,4,14,376,2.93,1,1,1,6,0,32,1,1
ssrf-request,CWE-918,0,1,1,0,0,20,1,98,3.31,0,0,0,9,0,50,0,0
path-traversal,CWE-22,1,0,1,0,0,19,14,138,1.78,1,0,0,7,0,33,0,1
xss-unescaped,CWE-79,1,0,0,0,0,1,26,311,2.61,0,1,1,0,0,22,0,1
hardcoded-secret,CWE-798,1,0,0,0,0,12,4,191,2.93,0,0,1,5,0,32,1,1
ssrf-request,CWE-918,0,0,0,0,1,9,4,391,3.8,0,1,0,10,1,37,0,0
insecure-deserialize,CWE-502,1,0,0,0,0,10,29,36,3.65,0,0,1,3,1,11,1,0
sqli-concat,CWE-89,0,0,1,1,0,7,18,304,2.61,1,1,0,4,0,27,0,0
sqli-concat,CWE-89,0,1,0,1,0,13,25,330,2.51,0,1,0,9,1,26,1,0
ssrf-request,CWE-918,1,0,0,1,0,12,29,353,4.22,0,0,0,7,0,47,0,1
sqli-concat,CWE-89,1,0,0,0,0,16,15,374,1.65,1,0,0,5,0,3,0,1
sqli-concat,CWE-89,1,0,1,0,0,10,23,208,3.3,0,1,0,1,0,13,1,0
hardcoded-secret,CWE-798,0,1,1,0,0,8,10,192,3.25,0,0,0,8,0,11,1,0
path-traversal,CWE-22,0,0,0,0,0,2,6,302,3.39,1,0,0,4,0,28,0,1
path-traversal,CWE-22,0,1,1,0,0,16,28,195,3.15,1,1,1,3,0,50,0,0
path-traversal,CWE-22,1,0,1,0,0,13,3,49,2.5,0,1,0,3,1,36,0,0
ssrf-request,CWE-918,0,1,1,0,0,8,24,134,1.79,1,0,0,2,1,4,1,0
ssrf-request,CWE-918,0,0,1,0,0,8,2,78,3.51,1,0,1,4,0,24,0,0
insecure-deserialize,CWE-502,0,1,1,0,0,8,26,56,4.38,1,0,0,1,0,5,1,0
sqli-concat,CWE-89,1,0,1,0,0,8,12,62,3.07,1,0,0,8,0,29,1,1
insecure-deserialize,CWE-502,0,1,1,0,1,2,7,184,4.3,0,1,0,2,0,31,1,0
ssrf-request,CWE-918,1,0,1,0,0,18,16,220,3.3,1,0,0,0,0,17,1,1
insecure-deserialize,CWE-502,0,0,0,0,0,16,25,37,3.62,1,0,0,4,1,7,1,1
ssrf-request,CWE-918,1,0,1,0,0,5,29,288,4.48,1,1,0,10,0,36,0,1
path-traversal,CWE-22,1,0,0,0,0,19,18,305,2.48,0,0,0,4,1,9,1,0
insecure-deserialize,CWE-502,0,1,1,0,0,3,16,334,2.5,0,0,0,5,0,9,0,0
hardcoded-secret,CWE-798,1,0,0,0,0,20,16,195,4.4,0,1,1,6,1,26,1,1
insecure-deserialize,CWE-502,0,0,1,0,0,7,6,380,3.78,1,1,1,2,1,10,1,0
insecure-deserialize,CWE-502,1,0,0,0,0,11,16,291,2.56,1,1,0,4,1,34,1,1
insecure-deserialize,CWE-502,1,0,0,0,0,10,5,376,1.82,0,0,0,6,0,38,1,1
path-traversal,CWE-22,0,1,1,0,0,8,2,366,1.58,1,1,0,9,1,19,1,0
hardcoded-secret,CWE-798,0,1,0,0,0,7,13,392,3.65,0,0,0,8,1,13,0,0
sqli-concat,CWE-89,0,0,0,0,0,18,16,166,2.04,1,1,1,9,1,20,0,0
hardcoded-secret,CWE-798,0,1,0,0,1,9,1,79,1.57,0,1,0,8,0,7,0,0
path-traversal,CWE-22,1,0,0,0,0,17,13,108,4.17,0,1,0,9,0,50,1,0
xss-unescaped,CWE-79,1,0,0,0,0,6,27,318,4.15,0,1,0,0,1,17,0,0
path-traversal,CWE-22,0,1,1,0,0,19,11,64,3.04,1,0,0,3,1,17,1,0
sqli-concat,CWE-89,1,0,0,0,1,7,6,202,3.17,1,1,1,6,1,31,0,0
xss-unescaped,CWE-79,0,0,1,0,0,17,27,127,2.61,1,0,0,1,0,40,1,0
sqli-concat,CWE-89,0,1,1,0,0,7,1,249,1.81,0,1,0,2,0,24,1,0
path-traversal,CWE-22,0,1,0,1,0,7,10,57,3.89,0,0,0,4,1,24,1,0
path-traversal,CWE-22,1,0,1,0,0,13,5,245,1.81,1,0,0,2,0,15,1,0
xss-unescaped,CWE-79,0,1,1,0,0,15,29,205,2.04,1,1,0,10,0,32,1,0
path-traversal,CWE-22,1,0,0,0,0,8,7,346,3.81,0,1,0,9,1,48,1,0
xss-unescaped,CWE-79,0,1,1,1,0,7,21,335,2.46,1,0,0,2,1,30,0,0
hardcoded-secret,CWE-798,1,0,1,0,0,4,27,398,4.4,1,0,1,6,0,4,0,1
hardcoded-secret,CWE-798,1,0,1,0,1,15,22,364,2.46,1,1,0,9,0,48,0,0
sqli-concat,CWE-89,0,0,0,0,0,19,11,34,2.59,0,0,0,1,0,36,0,0
insecure-deserialize,CWE-502,0,1,1,0,0,18,30,41,3.18,1,1,0,7,0,15,1,0
xss-unescaped,CWE-79,0,0,0,0,0,2,14,130,2.19,0,1,0,2,0,49,1,0
insecure-deserialize,CWE-502,0,0,1,0,0,6,23,259,2.82,0,1,0,10,0,42,0,0
xss-unescaped,CWE-79,1,0,1,0,0,3,7,387,3.54,0,0,0,3,0,18,1,1
xss-unescaped,CWE-79,0,1,1,0,0,1,27,37,3.77,1,1,1,5,0,18,1,0
path-traversal,CWE-22,0,0,0,1,0,7,13,263,4.18,0,0,0,9,0,22,1,0
sqli-concat,CWE-89,1,0,0,1,0,10,21,179,1.53,1,1,1,1,0,9,1,0
hardcoded-secret,CWE-798,1,0,1,1,1,16,22,274,3.14,0,1,0,0,0,19,0,0
insecure-deserialize,CWE-502,1,0,1,0,1,13,29,354,2.92,1,0,0,2,1,28,0,1
path-traversal,CWE-22,1,0,1,0,0,4,26,305,4.1,0,0,0,3,0,24,0,1
path-traversal,CWE-22,0,1,1,1,0,5,6,104,1.91,1,0,0,10,0,42,0,0
path-traversal,CWE-22,1,0,0,0,1,13,28,311,2.68,0,0,1,1,0,44,1,0
hardcoded-secret,CWE-798,1,0,1,0,0,9,18,358,3.95,0,1,0,6,0,18,1,0
insecure-deserialize,CWE-502,1,0,1,0,0,18,8,392,1.56,0,0,0,0,0,47,1,0
sqli-concat,CWE-89,0,0,1,0,0,6,14,164,3.54,1,1,1,5,0,48,1,0
path-traversal,CWE-22,0,0,0,0,0,2,24,186,3.36,1,0,0,1,1,37,1,1
path-traversal,CWE-22,0,1,1,0,0,8,4,175,3.15,1,1,1,6,0,42,0,0
insecure-deserialize,CWE-502,0,0,1,1,0,3,11,251,4.19,0,1,0,1,1,47,0,0
hardcoded-secret,CWE-798,0,1,0,0,0,19,26,219,2.24,1,0,0,3,0,22,1,0
insecure-deserialize,CWE-502,1,0,1,0,0,4,19,47,1.83,1,0,1,7,0,8,0,1
sqli-concat,CWE-89,1,0,1,0,0,19,19,242,1.6,0,1,0,5,0,50,0,1
xss-unescaped,CWE-79,1,0,0,0,0,18,16,74,2.23,0,1,0,2,0,37,0,1
sqli-concat,CWE-89,1,0,1,0,0,3,28,285,4.36,1,0,0,0,0,34,0,1
ssrf-request,CWE-918,0,1,0,1,0,2,1,306,2.68,1,1,0,0,0,48,1,0
path-traversal,CWE-22,1,0,0,0,1,9,7,95,1.73,1,1,1,8,0,11,1,0
xss-unescaped,CWE-79,0,1,0,0,1,20,27,142,4.17,1,0,0,5,1,26,1,0
hardcoded-secret,CWE-798,1,0,0,0,0,19,16,151,3.27,1,1,1,2,0,3,1,1
hardcoded-secret,CWE-798,0,0,1,0,1,12,2,169,4.21,1,1,0,1,0,28,1,0
sqli-concat,CWE-89,1,0,0,0,0,6,26,163,3.03,0,0,0,2,0,45,1,1
xss-unescaped,CWE-79,1,0,1,0,0,6,14,110,2.44,0,0,0,2,1,36,0,1
sqli-concat,CWE-89,0,0,1,0,0,18,25,205,1.79,0,1,0,10,0,18,1,0
path-traversal,CWE-22,0,0,0,0,0,13,8,79,2.3,0,0,0,8,1,10,0,0
insecure-deserialize,CWE-502,1,0,1,0,0,11,18,190,1.88,0,0,0,9,1,10,0,0
path-traversal,CWE-22,1,0,0,0,1,16,16,392,4.39,1,1,0,3,1,21,1,0
hardcoded-secret,CWE-798,1,0,0,0,1,19,10,219,1.59,1,1,0,9,0,37,0,0
xss-unescaped,CWE-79,1,0,1,0,1,14,19,265,1.65,0,1,0,8,0,13,0,0
ssrf-request,CWE-918,0,1,1,0,0,2,15,307,2.19,1,1,1,8,0,48,0,0
insecure-deserialize,CWE-502,0,1,1,0,0,13,21,196,4.24,1,1,1,3,0,42,1,0
ssrf-request,CWE-918,1,0,0,0,0,6,29,193,2.69,0,1,0,9,0,28,0,1
hardcoded-secret,CWE-798,1,0,1,1,1,7,5,258,2.89,0,1,0,0,1,34,0,0
hardcoded-secret,CWE-798,1,0,0,0,0,5,18,326,3.36,1,1,0,2,0,38,1,1
sqli-concat,CWE-89,0,1,0,0,0,3,4,385,3.12,1,0,1,9,0,44,0,1
ssrf-request,CWE-918,1,0,1,0,0,13,27,382,2.54,1,0,0,6,1,3,0,1
sqli-concat,CWE-89,0,0,0,0,0,4,1,251,2.32,1,0,0,9,0,14,0,1
xss-unescaped,CWE-79,0,1,0,0,0,20,22,175,3.92,1,1,0,2,1,25,1,0
hardcoded-secret,CWE-798,0,1,1,0,0,18,13,134,3.39,0,1,0,5,0,19,1,0
sqli-concat,CWE-89,1,0,0,0,0,17,2,207,2.43,0,1,0,1,0,45,1,0
xss-unescaped,CWE-79,0,1,1,0,0,9,11,364,1.62,0,0,0,3,1,10,1,0
xss-unescaped,CWE-79,0,0,0,0,0,3,6,369,2.99,1,0,0,9,0,0,0,1
sqli-concat,CWE-89,0,1,0,0,0,16,5,133,2.28,1,1,0,10,1,41,1,0
xss-unescaped,CWE-79,1,0,0,0,0,6,29,226,3.98,1,1,0,8,0,5,1,1
ssrf-request,CWE-918,0,1,0,0,0,3,16,21,3.45,1,0,1,7,0,49,1,0
hardcoded-secret,CWE-798,1,0,0,1,1,9,16,341,3.7,0,0,1,7,0,13,0,0
hardcoded-secret,CWE-798,1,0,1,0,1,14,21,382,2.43,0,0,0,4,0,48,0,0
ssrf-request,CWE-918,1,0,1,0,1,11,6,367,3.23,1,0,0,10,1,0,1,0
xss-unescaped,CWE-79,1,0,1,0,1,20,19,66,2.06,1,0,0,2,0,16,0,1
hardcoded-secret,CWE-798,1,0,0,0,1,15,17,303,4.06,1,1,1,3,0,0,1,0
ssrf-request,CWE-918,1,0,1,0,0,11,5,198,2.97,0,1,0,8,0,16,0,0
sqli-concat,CWE-89,1,0,1,0,0,20,1,78,3.98,1,0,0,7,0,49,1,1
sqli-concat,CWE-89,1,0,1,0,0,2,25,198,3.84,1,1,1,7,1,32,1,0
sqli-concat,CWE-89,0,0,1,0,0,17,27,251,2.64,0,0,0,9,1,15,0,0
xss-unescaped,CWE-79,1,0,0,0,0,15,17,242,2.14,0,0,0,3,1,46,0,1
insecure-deserialize,CWE-502,1,0,1,0,0,8,8,359,3.65,0,1,0,5,0,16,0,0
path-traversal,CWE-22,0,1,0,0,0,2,16,68,3.67,1,0,0,9,0,32,1,0
xss-unescaped,CWE-79,1,0,1,0,1,3,21,60,3.79,1,0,0,3,1,4,0,1
hardcoded-secret,CWE-798,0,1,0,0,0,14,25,318,4.41,0,1,1,6,0,46,0,0
path-traversal,CWE-22,0,0,1,0,0,8,29,295,1.93,1,0,0,5,0,23,0,1
ssrf-request,CWE-918,1,0,0,0,0,6,10,35,3.3,1,0,0,6,1,44,1,1
insecure-deserialize,CWE-502,0,0,0,0,0,1,20,229,4.27,1,0,1,10,1,5,1,0
xss-unescaped,CWE-79,0,1,0,0,0,10,26,122,2.2,0,1,1,3,0,20,0,0
hardcoded-secret,CWE-798,1,0,0,1,0,16,7,177,3.72,0,1,0,5,0,27,1,0
insecure-deserialize,CWE-502,1,0,0,1,0,11,24,396,1.77,1,1,1,7,1,25,0,0
path-traversal,CWE-22,0,1,0,0,0,16,6,166,2.46,1,0,1,5,0,24,1,0
sqli-concat,CWE-89,1,0,0,0,0,17,20,314,2.26,1,0,1,4,1,27,1,1
xss-unescaped,CWE-79,1,0,1,0,0,3,17,330,3.51,0,1,0,3,1,46,1,0
path-traversal,CWE-22,1,0,1,0,1,7,29,357,4.43,0,0,0,6,0,39,1,0
xss-unescaped,CWE-79,1,0,1,0,0,17,18,30,4.3,1,0,0,1,0,6,0,1
insecure-deserialize,CWE-502,0,1,0,1,0,1,9,153,2.31,1,0,1,1,1,47,0,0
xss-unescaped,CWE-79,1,0,1,1,0,13,30,251,4.08,1,1,0,3,0,45,1,0
xss-unescaped,CWE-79,0,0,0,0,0,7,7,316,2.5,1,1,0,9,1,50,1,0
insecure-deserialize,CWE-502,1,0,0,0,0,14,12,77,4.31,0,1,0,1,0,36,1,0
ssrf-request,CWE-918,0,0,1,0,0,3,26,343,2.22,0,0,0,6,0,10,0,0
sqli-concat,CWE-89,0,1,1,0,0,17,21,291,4.47,0,1,0,3,0,6,0,0
insecure-deserialize,CWE-502,0,1,0,0,0,1,24,291,2.5,1,0,0,2,1,20,1,0
hardcoded-secret,CWE-798,0,1,0,0,0,5,6,350,1.9,1,0,0,8,0,30,0,0
insecure-deserialize,CWE-502,1,0,1,0,0,10,20,390,3.69,1,1,0,4,0,22,0,1
xss-unescaped,CWE-79,0,0,1,1,0,12,23,83,2.45,1,0,1,5,0,32,1,0
insecure-deserialize,CWE-502,1,0,1,0,0,9,9,137,1.59,0,0,0,4,0,27,0,1
insecure-deserialize,CWE-502,1,0,0,0,0,12,9,39,2.3,1,1,0,7,0,48,0,1
hardcoded-secret,CWE-798,1,0,0,0,0,6,3,165,3.55,1,1,0,1,1,46,1,1
xss-unescaped,CWE-79,0,1,1,0,0,9,15,229,4.1,1,1,0,4,1,41,1,0
xss-unescaped,CWE-79,0,0,1,0,0,5,7,238,2.03,1,0,0,7,0,2,1,1
insecure-deserialize,CWE-502,0,1,0,0,0,12,16,354,4.06,0,1,0,8,0,11,0,0
insecure-deserialize,CWE-502,0,0,1,0,1,8,22,165,3.67,1,0,0,5,0,37,1,0
xss-unescaped,CWE-79,0,1,0,0,0,5,14,255,2.27,0,0,0,6,0,1,1,0
hardcoded-secret,CWE-798,0,1,0,0,0,4,14,33,4.16,0,1,1,0,1,27,0,0
xss-unescaped,CWE-79,1,0,0,0,0,16,17,76,2.55,1,1,0,7,0,22,0,1
ssrf-request,CWE-918,0,0,0,0,0,20,21,135,3.04,1,1,0,1,0,21,1,0
xss-unescaped,CWE-79,1,0,1,0,0,18,11,343,3.8,1,1,0,1,0,25,0,0
xss-unescaped,CWE-79,0,0,0,0,0,6,4,334,3.26,0,1,0,0,0,12,0,0
xss-unescaped,CWE-79,1,0,1,0,0,13,3,155,4.15,0,0,0,0,0,36,0,1
insecure-deserialize,CWE-502,1,0,0,0,0,16,27,78,3.47,0,0,0,8,0,48,1,1
sqli-concat,CWE-89,1,0,0,0,0,13,12,390,3.53,0,1,0,2,1,17,0,0
hardcoded-secret,CWE-798,1,0,1,0,0,11,16,219,2.02,0,1,0,8,1,20,0,0
ssrf-request,CWE-918,0,0,1,0,0,14,5,157,2.44,0,1,1,3,0,28,0,0
sqli-concat,CWE-89,0,1,1,0,0,1,17,228,2.01,1,0,0,0,1,26,1,0
ssrf-request,CWE-918,1,0,0,0,0,2,28,208,2.5,1,1,0,3,1,35,1,1
sqli-concat,CWE-89,1,0,0,0,0,20,17,197,3.71,0,1,0,3,0,32,1,0
path-traversal,CWE-22,1,0,1,0,0,8,17,170,2.89,1,0,0,6,0,4,0,1
insecure-deserialize,CWE-502,0,0,1,0,0,4,27,188,3.73,1,1,0,0,1,45,1,0
sqli-concat,CWE-89,1,0,0,1,0,10,2,82,1.54,1,1,1,10,0,17,0,0
hardcoded-secret,CWE-798,1,0,0,1,0,6,28,49,4.3,0,1,0,8,1,47,1,0
hardcoded-secret,CWE-798,0,0,1,0,0,8,17,27,2.54,1,1,0,3,0,45,0,0
xss-unescaped,CWE-79,0,1,0,0,0,2,18,276,3.91,1,0,0,10,0,33,0,1
path-traversal,CWE-22,1,0,0,0,0,11,21,233,1.65,1,0,0,6,0,31,1,1
hardcoded-secret,CWE-798,1,0,0,0,0,3,21,36,3.18,0,0,0,10,0,22,1,1
hardcoded-secret,CWE-798,0,1,1,0,0,2,5,181,2.11,1,1,0,10,1,19,0,0
insecure-deserialize,CWE-502,1,0,1,0,0,15,15,170,4.36,0,1,0,9,1,8,1,0
xss-unescaped,CWE-79,0,1,0,0,0,12,4,112,4.11,1,0,0,9,1,35,1,0
hardcoded-secret,CWE-798,1,0,1,1,0,2,13,368,2.72,0,0,0,3,0,20,0,0
xss-unescaped,CWE-79,1,0,1,0,0,7,28,219,1.99,1,0,0,4,0,33,1,1
ssrf-request,CWE-918,0,0,1,0,0,16,8,352,2.33,1,0,0,1,0,4,1,0
xss-unescaped,CWE-79,0,1,0,0,0,15,2,266,1.82,0,0,1,10,1,18,0,0
hardcoded-secret,CWE-798,0,1,0,0,0,8,27,29,2.19,1,0,0,8,0,35,0,1
xss-unescaped,CWE-79,1,0,0,0,0,15,17,91,2.74,0,0,0,2,1,16,0,1
ssrf-request,CWE-918,0,0,0,0,0,6,5,196,3.26,0,0,1,4,0,47,1,0
xss-unescaped,CWE-79,0,0,1,0,0,20,28,75,1.71,0,0,1,3,0,43,1,0
xss-unescaped,CWE-79,1,0,0,0,0,9,24,55,3.1,0,1,0,0,0,22,1,0
hardcoded-secret,CWE-798,0,1,1,0,0,11,18,212,4.0,0,1,0,5,0,10,0,0
sqli-concat,CWE-89,0,1,0,0,0,14,5,307,3.04,0,1,1,7,1,14,0,0
hardcoded-secret,CWE-798,0,0,0,1,0,13,5,139,4.32,0,1,1,9,1,1,0,0
xss-unescaped,CWE-79,0,1,0,0,0,10,15,126,4.05,0,0,0,10,0,30,1,0
hardcoded-secret,CWE-798,0,0,1,0,0,15,6,388,2.22,1,1,0,2,0,4,1,0
ssrf-request,CWE-918,0,1,1,0,0,3,16,241,3.78,1,0,0,1,0,1,1,0
insecure-deserialize,CWE-502,0,0,1,0,0,17,3,50,4.29,1,1,1,6,0,8,1,0
insecure-deserialize,CWE-502,0,1,1,0,0,9,7,49,2.42,0,0,0,10,0,23,1,0
ssrf-request,CWE-918,0,0,0,0,0,10,24,361,4.03,1,1,0,9,0,33,0,1
insecure-deserialize,CWE-502,1,0,0,0,1,1,17,125,3.04,0,0,0,3,0,0,0,1
path-traversal,CWE-22,1,0,1,0,0,8,22,345,3.53,0,1,1,1,0,26,0,0
ssrf-request,CWE-918,1,0,0,0,1,10,21,55,1.78,1,0,0,6,0,47,1,1
ssrf-request,CWE-918,1,0,1,0,0,20,2,275,3.36,1,0,0,10,0,5,1,1
insecure-deserialize,CWE-502,0,0,1,0,0,4,14,224,2.24,0,0,0,7,0,4,1,0
ssrf-request,CWE-918,1,0,1,0,0,19,20,277,3.94,1,1,0,8,0,7,0,1
hardcoded-secret,CWE-798,0,1,1,0,1,4,26,369,2.75,1,0,0,4,1,3,0,0
insecure-deserialize,CWE-502,1,0,0,0,0,16,2,310,3.41,0,1,0,6,1,4,1,0
path-traversal,CWE-22,1,0,1,0,0,15,10,133,2.55,0,1,0,9,0,1,0,0
path-traversal,CWE-22,1,0,1,1,0,19,24,341,2.79,1,0,0,7,1,2,0,0
hardcoded-secret,CWE-798,0,1,0,1,0,6,24,212,3.35,1,0,0,0,0,36,0,0
hardcoded-secret,CWE-798,1,0,0,0,0,14,10,126,1.68,1,1,1,9,0,29,0,1
hardcoded-secret,CWE-798,1,0,1,0,0,16,26,357,1.52,0,0,1,8,0,9,1,0
xss-unescaped,CWE-79,0,0,0,0,0,17,6,392,3.43,0,0,0,6,0,39,1,0
path-traversal,CWE-22,0,0,0,0,0,6,22,139,2.65,1,1,0,9,0,30,0,0
hardcoded-secret,CWE-798,1,0,1,0,0,19,10,192,1.99,0,1,1,0,1,49,0,0
xss-unescaped,CWE-79,1,0,1,0,0,19,5,104,4.07,1,1,0,9,0,9,1,0
xss-unescaped,CWE-79,1,0,1,0,0,7,26,362,3.61,1,0,0,8,0,2,1,1
hardcoded-secret,CWE-798,0,1,0,0,0,17,7,310,2.22,0,1,1,3,0,25,0,0
path-traversal,CWE-22,0,1,1,0,0,2,13,57,2.23,1,1,0,0,1,11,0,0
path-traversal,CWE-22,0,0,0,1,0,2,10,44,2.37,0,1,1,2,0,23,0,0
ssrf-request,CWE-918,0,0,0,1,1,11,16,183,3.73,1,1,1,2,0,41,1,0
hardcoded-secret,CWE-798,0,0,1,0,0,6,1,153,4.29,1,1,0,3,0,23,0,0
ssrf-request,CWE-918,1,0,1,1,1,16,17,257,3.57,1,0,0,10,0,23,1,0
xss-unescaped,CWE-79,0,1,1,0,0,17,21,391,1.72,0,0,0,6,0,41,0,0
sqli-concat,CWE-89,1,0,0,0,0,14,18,194,2.84,0,1,0,8,0,35,0,0
ssrf-request,CWE-918,1,0,0,0,0,15,5,232,3.46,0,1,0,1,0,25,1,0
hardcoded-secret,CWE-798,0,0,0,0,0,1,14,206,2.75,1,1,0,10,0,24,1,0
hardcoded-secret,CWE-798,0,0,0,0,0,20,21,339,4.05,1,0,0,0,0,21,0,1
path-traversal,CWE-22,1,0,1,0,0,7,30,171,3.92,1,1,0,7,0,39,0,1
path-traversal,CWE-22,1,0,1,0,0,13,30,115,2.31,0,1,1,5,0,15,1,0
sqli-concat,CWE-89,0,1,1,0,0,19,26,190,3.75,0,1,1,3,0,43,1,0
xss-unescaped,CWE-79,1,0,0,0,0,19,10,230,2.86,1,0,0,5,0,23,0,1
xss-unescaped,CWE-79,1,0,0,0,0,15,9,239,1.55,1,0,1,3,0,16,1,1
insecure-deserialize,CWE-502,1,0,0,0,0,16,24,98,3.72,1,1,1,1,0,10,0,1
sqli-concat,CWE-89,1,0,1,0,0,12,28,207,3.21,0,0,0,2,1,33,1,0
hardcoded-secret,CWE-798,1,0,0,1,0,11,25,382,2.68,0,0,1,8,1,48,0,0
hardcoded-secret,CWE-798,0,1,1,0,0,16,25,188,2.64,0,0,0,8,1,7,1,0
sqli-concat,CWE-89,1,0,1,0,0,13,18,184,1.74,0,1,0,5,0,9,0,0
xss-unescaped,CWE-79,1,0,0,1,0,8,25,221,3.08,1,1,0,6,0,7,0,0
hardcoded-secret,CWE-798,0,1,0,0,0,13,20,306,3.84,0,0,0,4,0,28,1,0
xss-unescaped,CWE-79,1,0,1,0,0,19,25,369,3.27,1,1,0,7,0,15,1,0
sqli-concat,CWE-89,0,0,1,0,0,6,1,232,4.25,0,0,0,8,0,16,0,0
hardcoded-secret,CWE-798,0,0,0,0,0,14,16,346,2.44,0,1,0,5,1,0,1,0
sqli-concat,CWE-89,0,1,1,0,0,17,9,204,3.16,0,1,1,4,1,14,0,0
insecure-deserialize,CWE-502,0,0,1,0,0,18,3,390,3.07,1,0,1,2,0,40,1,0
path-traversal,CWE-22,0,1,1,0,0,17,14,389,1.5,0,1,0,0,0,10,1,0
xss-unescaped,CWE-79,0,0,1,1,0,4,25,361,3.78,0,1,1,10,0,15,0,0
ssrf-request,CWE-918,1,0,0,0,0,9,5,161,1.63,0,1,0,5,0,5,0,0
hardcoded-secret,CWE-798,1,0,0,0,1,15,26,46,2.04,1,1,0,2,0,37,0,0
hardcoded-secret,CWE-798,0,1,1,0,0,12,22,25,1.64,1,0,1,8,0,20,0,0
ssrf-request,CWE-918,0,1,1,0,0,15,29,134,2.84,0,0,0,4,0,20,1,0
insecure-deserialize,CWE-502,1,0,0,0,0,9,27,171,3.73,0,0,0,7,0,26,1,1
insecure-deserialize,CWE-502,0,1,0,0,0,18,25,24,3.99,0,1,0,0,1,31,0,0
path-traversal,CWE-22,0,1,0,0,0,10,10,68,1.72,1,1,0,9,1,41,1,0
insecure-deserialize,CWE-502,0,1,1,0,0,11,9,211,3.36,0,0,0,5,0,5,1,0
insecure-deserialize,CWE-502,0,1,1,0,0,18,3,176,3.18,0,0,0,9,0,7,1,0
sqli-concat,CWE-89,0,0,0,0,0,17,2,367,1.84,0,1,0,9,0,36,0,0
hardcoded-secret,CWE-798,0,1,1,0,0,7,26,198,4.04,1,0,0,4,0,41,1,0
hardcoded-secret,CWE-798,1,0,0,0,0,1,14,331,1.66,0,0,0,5,0,23,1,0
path-traversal,CWE-22,0,0,1,1,0,13,15,333,2.57,0,1,0,2,1,21,1,0
hardcoded-secret,CWE-798,0,1,1,0,0,15,13,22,3.9,1,1,0,9,1,32,0,0
sqli-concat,CWE-89,0,1,1,0,1,3,5,85,3.98,0,1,1,8,1,36,1,0
insecure-deserialize,CWE-502,0,0,0,0,0,19,13,269,4.39,1,1,0,8,1,23,1,0
path-traversal,CWE-22,1,0,0,0,0,4,13,105,2.14,1,1,1,4,1,16,1,0
insecure-deserialize,CWE-502,0,0,1,0,0,10,9,112,1.75,0,1,0,9,0,45,1,0
insecure-deserialize,CWE-502,1,0,1,0,0,4,12,47,3.59,1,1,0,6,1,24,0,1
hardcoded-secret,CWE-798,0,1,0,0,0,10,9,151,2.0,1,1,1,5,0,18,1,0
sqli-concat,CWE-89,0,0,1,0,1,3,23,116,4.16,0,0,0,9,1,1,0,0
sqli-concat,CWE-89,0,1,0,0,0,20,12,232,4.12,0,1,0,5,0,7,1,0
ssrf-request,CWE-918,1,0,1,0,0,3,2,236,3.49,1,1,0,7,1,2,1,1
path-traversal,CWE-22,0,1,1,0,0,5,5,398,4.12,1,1,1,10,0,35,1,0
sqli-concat,CWE-89,1,0,1,0,0,15,19,302,3.45,1,0,0,0,0,33,0,1
xss-unescaped,CWE-79,0,0,0,0,0,13,22,63,2.29,1,0,0,6,0,41,1,1
path-traversal,CWE-22,1,0,1,0,0,15,7,56,2.17,0,0,0,0,0,29,0,1
ssrf-request,CWE-918,0,1,1,0,0,8,5,371,3.02,1,0,0,7,0,3,0,0
hardcoded-secret,CWE-798,0,0,0,0,0,13,22,59,3.53,0,0,0,7,1,11,0,0
xss-unescaped,CWE-79,1,0,1,0,0,12,3,395,2.45,0,1,0,4,0,0,1,0
path-traversal,CWE-22,1,0,1,0,0,17,25,137,2.32,1,0,0,9,1,4,0,0
sqli-concat,CWE-89,1,0,0,0,0,17,4,110,2.49,0,1,0,10,0,18,0,1
path-traversal,CWE-22,0,0,1,0,0,10,28,295,3.19,0,1,1,4,1,37,1,0
xss-unescaped,CWE-79,1,0,0,0,0,2,13,221,2.77,1,0,1,3,0,46,0,1
xss-unescaped,CWE-79,0,0,0,1,0,12,1,113,2.56,0,0,1,9,0,47,0,0
sqli-concat,CWE-89,1,0,0,0,0,18,20,178,4.01,1,1,0,9,0,24,1,1
insecure-deserialize,CWE-502,1,0,1,0,0,14,11,311,3.82,0,1,0,1,1,7,0,0
xss-unescaped,CWE-79,1,0,0,0,0,4,19,90,3.44,1,1,0,10,1,13,0,1
xss-unescaped,CWE-79,1,0,0,0,1,20,6,100,2.93,1,1,1,10,1,0,0,0
sqli-concat,CWE-89,0,1,0,0,0,4,25,290,1.6,0,0,1,3,0,29,1,0
hardcoded-secret,CWE-798,0,0,0,0,0,15,24,324,2.26,1,0,0,6,0,16,1,0
hardcoded-secret,CWE-798,0,1,1,0,0,3,16,284,3.0,0,0,0,7,0,21,1,0
hardcoded-secret,CWE-798,0,1,1,0,0,5,18,386,3.32,1,0,0,6,0,0,0,0
path-traversal,CWE-22,0,0,0,0,0,12,8,390,3.98,0,0,0,8,0,34,1,0
hardcoded-secret,CWE-798,0,1,0,0,1,9,15,169,3.24,1,1,0,1,0,31,1,0
ssrf-request,CWE-918,1,0,1,0,0,14,21,322,3.08,1,0,0,0,0,39,0,1
hardcoded-secret,CWE-798,1,0,0,0,0,14,29,84,3.31,1,0,0,2,1,15,0,1
insecure-deserialize,CWE-502,1,0,1,0,0,4,14,115,1.61,0,1,1,3,0,12,0,0
hardcoded-secret,CWE-798,1,0,0,0,0,12,1,205,3.55,0,0,1,6,0,42,0,1
sqli-concat,CWE-89,0,0,0,0,1,18,25,144,1.94,0,0,0,5,0,10,1,0
hardcoded-secret,CWE-798,0,1,0,1,0,19,13,72,3.78,0,0,0,6,0,15,1,0
path-traversal,CWE-22,0,1,0,0,1,19,9,150,2.45,1,0,0,4,1,4,0,0
xss-unescaped,CWE-79,0,1,0,0,0,12,28,257,3.29,1,1,0,5,0,8,0,0
insecure-deserialize,CWE-502,1,0,0,0,0,10,16,143,2.64,0,0,0,6,0,42,0,1
xss-unescaped,CWE-79,1,0,1,0,0,5,17,25,2.58,0,0,1,3,1,8,0,0
hardcoded-secret,CWE-798,1,0,1,0,0,1,2,72,1.68,1,1,0,3,0,17,0,1
path-traversal,CWE-22,1,0,0,0,0,5,7,94,3.89,1,0,0,8,0,4,1,1
xss-unescaped,CWE-79,1,0,0,0,0,9,15,22,2.33,0,1,1,0,0,4,1,0
sqli-concat,CWE-89,0,1,0,0,0,3,28,244,1.81,0,1,0,2,1,49,1,0
ssrf-request,CWE-918,0,1,1,0,0,10,28,372,4.36,1,0,0,2,0,3,0,0
path-traversal,CWE-22,0,1,0,0,0,7,9,309,2.5,0,0,0,3,1,27,0,0
sqli-concat,CWE-89,1,0,0,1,0,13,10,247,3.97,1,0,0,6,0,3,1,1
path-traversal,CWE-22,1,0,1,0,0,2,21,142,2.79,1,0,0,4,1,45,1,1
hardcoded-secret,CWE-798,1,0,0,0,0,17,4,55,3.01,1,0,0,2,1,1,1,1
path-traversal,CWE-22,0,1,0,0,0,18,9,334,2.19,1,1,0,4,1,14,0,0
hardcoded-secret,CWE-798,1,0,0,0,0,3,17,302,2.39,0,0,0,2,0,14,0,1
xss-unescaped,CWE-79,1,0,1,0,0,8,27,395,1.61,0,1,0,10,1,36,0,0
sqli-concat,CWE-89,1,0,1,0,0,6,11,106,4.02,1,0,1,3,0,48,0,1
insecure-deserialize,CWE-502,0,0,0,0,1,16,7,161,1.92,1,1,1,7,0,48,1,0
hardcoded-secret,CWE-798,0,0,0,0,0,16,25,326,3.08,1,1,0,2,1,46,0,0
sqli-concat,CWE-89,1,0,0,0,0,8,24,342,3.99,0,0,0,8,0,36,1,1
path-traversal,CWE-22,0,1,1,0,0,17,16,311,3.15,0,1,0,2,0,36,1,0
xss-unescaped,CWE-79,0,1,1,0,0,18,22,196,3.61,0,0,0,8,0,22,1,0
hardcoded-secret,CWE-798,1,0,1,0,0,4,16,292,1.92,0,1,0,8,1,39,1,0
sqli-concat,CWE-89,1,0,1,0,0,19,13,190,3.92,0,1,0,1,1,9,0,0
sqli-concat,CWE-89,1,0,0,0,0,11,8,199,2.41,0,1,0,6,1,49,0,0
sqli-concat,CWE-89,0,1,0,0,0,8,28,196,2.85,1,0,0,4,1,37,1,0
insecure-deserialize,CWE-502,0,1,0,0,0,3,26,211,3.77,1,1,0,2,0,35,1,0
xss-unescaped,CWE-79,1,0,0,0,0,20,15,337,3.81,0,0,0,5,0,26,1,1
sqli-concat,CWE-89,1,0,1,0,0,10,25,34,2.18,0,1,0,10,0,47,0,0
xss-unescaped,CWE-79,1,0,0,0,0,12,17,33,2.29,1,0,0,6,0,8,1,1
ssrf-request,CWE-918,1,0,1,0,0,20,6,187,3.35,0,1,0,5,0,17,0,0
xss-unescaped,CWE-79,1,0,0,0,0,3,29,107,1.67,1,1,0,1,0,14,0,1
hardcoded-secret,CWE-798,0,0,0,0,0,9,2,395,3.14,1,1,0,5,0,50,0,0
hardcoded-secret,CWE-798,1,0,0,0,0,20,7,80,4.13,1,0,0,3,0,42,0,1
sqli-concat,CWE-89,1,0,0,0,0,4,5,240,2.99,0,1,0,1,0,8,0,1
hardcoded-secret,CWE-798,0,0,1,0,1,14,18,114,4.5,0,1,1,1,1,34,0,0
insecure-deserialize,CWE-502,1,0,1,1,0,17,1,366,3.97,1,1,0,4,1,36,1,0
insecure-deserialize,CWE-502,1,0,1,1,0,3,28,130,3.33,0,0,0,1,0,40,0,0
insecure-deserialize,CWE-502,0,0,1,0,0,15,23,79,3.88,1,1,1,3,1,37,1,0
ssrf-request,CWE-918,1,0,0,0,0,19,17,243,4.29,1,0,0,10,0,6,1,1
path-traversal,CWE-22,1,0,1,1,1,12,7,370,2.75,1,1,0,9,0,28,0,0
xss-unescaped,CWE-79,1,0,1,0,0,12,24,312,1.73,1,0,1,4,1,13,1,0
sqli-concat,CWE-89,1,0,1,0,0,4,1,141,3.54,1,1,0,6,0,45,1,1
ssrf-request,CWE-918,1,0,1,0,0,7,30,304,3.98,1,0,0,1,0,27,1,1
hardcoded-secret,CWE-798,1,0,0,0,0,20,25,51,2.72,0,0,1,4,0,37,1,1
insecure-deserialize,CWE-502,1,0,1,0,0,1,12,57,1.71,1,1,0,10,1,47,1,0
ssrf-request,CWE-918,1,0,1,0,1,4,30,105,2.8,1,0,0,0,1,49,0,1
sqli-concat,CWE-89,0,0,1,0,0,14,16,129,2.8,1,0,0,6,0,21,0,1
xss-unescaped,CWE-79,1,0,1,0,0,20,16,391,3.27,0,1,0,2,1,21,1,0
ssrf-request,CWE-918,1,0,1,1,0,6,30,146,1.7,0,1,1,5,0,12,1,0
sqli-concat,CWE-89,0,1,0,0,0,4,17,151,3.45,1,0,1,1,0,41,0,1
hardcoded-secret,CWE-798,1,0,1,0,1,10,28,126,3.27,0,0,0,0,0,44,0,0
hardcoded-secret,CWE-798,0,1,1,0,1,9,6,176,3.19,0,1,0,4,0,13,0,0
path-traversal,CWE-22,0,1,0,0,0,16,21,74,3.78,1,1,0,3,1,27,1,0
sqli-concat,CWE-89,0,1,1,0,0,16,1,105,4.04,1,0,0,8,0,24,0,0
sqli-concat,CWE-89,0,1,0,0,0,15,22,386,3.86,0,1,0,5,0,17,1,0
sqli-concat,CWE-89,0,1,0,1,0,3,24,91,1.65,1,1,0,8,1,7,1,0
xss-unescaped,CWE-79,1,0,1,1,0,8,3,361,1.93,1,0,0,2,0,30,1,0
hardcoded-secret,CWE-798,1,0,0,0,0,14,26,261,4.04,1,0,0,9,0,12,0,1
path-traversal,CWE-22,1,0,1,0,0,15,4,149,2.25,0,0,1,8,0,34,0,0
insecure-deserialize,CWE-502,0,0,0,0,0,8,7,40,2.07,0,0,0,5,1,3,0,0
ssrf-request,CWE-918,0,0,0,0,1,10,25,31,2.45,1,0,0,10,0,23,0,1
ssrf-request,CWE-918,1,0,1,0,1,18,19,198,4.42,1,0,0,1,0,24,0,1
sqli-concat,CWE-89,1,0,0,0,0,16,25,372,3.25,0,1,0,1,0,36,0,1
ssrf-request,CWE-918,1,0,0,0,0,17,16,85,4.16,0,0,0,0,0,2,0,1
insecure-deserialize,CWE-502,1,0,0,0,0,1,13,362,2.59,1,1,0,3,0,50,0,1
path-traversal,CWE-22,0,0,1,0,0,9,23,53,1.6,0,1,0,7,0,11,0,0
sqli-concat,CWE-89,1,0,1,0,0,4,9,245,3.69,0,1,1,8,0,20,1,0
hardcoded-secret,CWE-798,0,1,1,0,1,20,22,238,3.34,0,1,0,1,0,15,0,0
hardcoded-secret,CWE-798,1,0,0,1,0,19,11,190,4.23,0,0,1,1,1,40,0,0
path-traversal,CWE-22,0,0,0,1,0,13,14,209,4.22,1,0,0,4,1,19,0,0
sqli-concat,CWE-89,1,0,0,0,0,9,26,150,3.69,0,0,0,6,0,48,1,1
insecure-deserialize,CWE-502,1,0,0,0,0,19,15,58,3.71,0,0,0,7,1,49,0,0
xss-unescaped,CWE-79,1,0,0,1,0,9,17,290,3.65,0,1,0,4,0,4,1,0
sqli-concat,CWE-89,1,0,1,0,0,5,10,137,3.21,0,1,0,7,0,9,1,0
ssrf-request,CWE-918,0,0,0,0,0,9,30,115,3.22,1,1,0,2,0,32,1,0
xss-unescaped,CWE-79,1,0,0,0,0,17,16,30,3.92,1,0,1,5,0,48,0,1
xss-unescaped,CWE-79,0,1,0,0,1,7,18,298,2.34,0,1,0,8,0,31,0,0
insecure-deserialize,CWE-502,1,0,1,0,0,7,10,202,4.04,0,0,0,6,0,16,1,0
path-traversal,CWE-22,1,0,1,1,0,13,18,211,2.83,1,0,0,5,1,9,0,0
ssrf-request,CWE-918,1,0,0,0,0,10,21,236,3.89,0,1,0,5,0,18,1,1
sqli-concat,CWE-89,1,0,1,0,0,8,21,176,3.49,1,1,0,4,0,38,0,1
path-traversal,CWE-22,0,1,0,0,0,15,24,370,2.32,1,1,0,0,0,11,0,0
ssrf-request,CWE-918,1,0,1,1,0,19,2,166,2.03,1,1,0,6,0,31,1,0
xss-unescaped,CWE-79,0,1,0,0,0,17,18,144,2.73,1,1,0,3,1,34,0,0
sqli-concat,CWE-89,1,0,0,0,0,20,19,193,3.06,0,1,0,10,0,50,0,1
insecure-deserialize,CWE-502,0,0,0,0,1,1,16,204,2.22,0,1,0,7,0,2,0,0
path-traversal,CWE-22,0,1,1,0,0,8,27,86,4.47,1,1,0,10,1,8,1,0
xss-unescaped,CWE-79,1,0,1,0,1,7,1,366,1.9,0,0,0,5,0,49,1,0
hardcoded-secret,CWE-798,1,0,0,0,0,19,20,383,1.9,1,0,0,10,0,32,1,1
hardcoded-secret,CWE-798,1,0,1,1,1,6,7,81,4.3,0,1,0,10,0,15,0,0
ssrf-request,CWE-918,0,1,1,0,0,14,24,289,2.16,1,0,0,5,1,27,1,0
path-traversal,CWE-22,0,1,1,0,0,15,26,384,4.07,0,0,1,3,0,33,1,0
ssrf-request,CWE-918,0,1,0,0,0,14,16,240,3.04,0,0,0,10,1,11,0,0
xss-unescaped,CWE-79,0,0,0,0,0,18,2,282,4.14,1,0,0,4,0,40,0,1
insecure-deserialize,CWE-502,1,0,1,0,0,17,23,135,3.99,1,1,1,5,0,35,1,0
insecure-deserialize,CWE-502,1,0,0,0,0,19,1,198,1.63,1,1,0,7,0,26,1,1
sqli-concat,CWE-89,1,0,0,0,0,19,7,34,2.24,0,0,0,6,0,14,0,1
hardcoded-secret,CWE-798,1,0,1,0,0,4,8,349,2.24,1,1,0,4,0,33,1,1
sqli-concat,CWE-89,1,0,1,1,0,14,11,223,3.97,1,1,0,1,0,24,1,0
hardcoded-secret,CWE-798,1,0,0,0,0,2,12,104,2.27,1,0,0,6,0,36,1,1
xss-unescaped,CWE-79,1,0,1,0,1,12,12,145,1.92,0,1,0,2,0,50,1,0
sqli-concat,CWE-89,1,0,1,0,1,5,13,232,4.18,0,1,1,7,0,36,0,0
insecure-deserialize,CWE-502,1,0,1,0,0,7,10,112,3.14,0,0,0,10,0,15,1,0
path-traversal,CWE-22,0,1,0,0,0,3,19,62,3.98,0,1,0,5,0,1,1,0
insecure-deserialize,CWE-502,0,0,0,0,0,3,7,165,3.13,1,1,0,8,1,41,1,0
ssrf-request,CWE-918,0,1,0,0,0,11,16,71,2.44,0,1,0,0,0,49,1,0
insecure-deserialize,CWE-502,0,1,0,0,0,11,1,62,2.89,0,0,0,3,0,45,1,0
insecure-deserialize,CWE-502,1,0,0,1,0,8,4,288,3.81,1,1,0,9,1,49,0,0
path-traversal,CWE-22,0,0,1,1,0,10,12,136,2.91,1,0,0,0,0,15,1,0
hardcoded-secret,CWE-798,0,1,1,0,0,14,29,274,1.78,0,1,0,1,0,20,1,0
hardcoded-secret,CWE-798,1,0,1,1,0,10,5,32,2.73,0,0,0,4,0,19,1,0
hardcoded-secret,CWE-798,0,0,1,1,0,19,16,278,2.27,0,0,0,4,0,41,0,0
sqli-concat,CWE-89,0,0,1,0,0,7,18,97,3.02,1,1,0,3,0,0,0,0
hardcoded-secret,CWE-798,1,0,1,0,0,19,23,195,4.15,0,1,0,8,1,14,0,0
hardcoded-secret,CWE-798,0,1,1,0,1,17,17,278,3.07,1,0,0,8,0,30,1,0
path-traversal,CWE-22,0,0,0,0,0,19,9,218,2.89,0,1,0,0,0,30,0,0
hardcoded-secret,CWE-798,0,0,0,0,0,7,25,26,2.8,0,0,0,5,0,46,0,0
path-traversal,CWE-22,1,0,0,0,0,1,14,308,1.86,0,0,0,2,0,4,0,1
sqli-concat,CWE-89,0,0,1,0,0,13,21,229,2.01,0,0,0,2,0,28,1,0
hardcoded-secret,CWE-798,1,0,0,1,0,7,16,355,2.12,1,1,0,3,0,25,0,0
ssrf-request,CWE-918,0,1,0,0,0,9,28,252,3.2,0,1,0,8,0,43,0,0
xss-unescaped,CWE-79,1,0,1,0,0,5,17,314,4.0,1,0,0,4,1,48,1,1
path-traversal,CWE-22,0,1,0,0,0,10,29,306,3.73,0,0,0,1,0,5,0,0
hardcoded-secret,CWE-798,0,1,0,0,0,18,30,293,4.15,0,0,0,7,0,23,1,0
xss-unescaped,CWE-79,1,0,1,0,0,7,19,355,4.23,0,1,1,9,0,4,1,0
xss-unescaped,CWE-79,0,0,0,0,0,12,10,164,1.61,0,1,1,7,1,27,0,0
sqli-concat,CWE-89,0,1,0,0,0,8,14,221,2.59,0,0,0,9,1,13,0,0
ssrf-request,CWE-918,1,0,0,0,0,13,8,358,1.71,1,1,0,2,0,24,0,1
ssrf-request,CWE-918,0,1,1,0,0,10,2,158,2.96,1,0,1,0,0,8,1,0
sqli-concat,CWE-89,1,0,1,0,0,18,29,360,2.3,1,1,0,10,0,35,0,1
xss-unescaped,CWE-79,0,0,1,0,0,3,29,21,2.45,0,1,0,7,1,47,0,0
sqli-concat,CWE-89,0,0,1,0,0,20,6,216,2.26,1,1,1,3,0,50,1,0
sqli-concat,CWE-89,1,0,1,0,0,20,12,194,3.5,1,0,0,10,1,41,1,0
ssrf-request,CWE-918,0,1,0,0,1,3,26,86,1.67,1,1,0,2,0,4,0,0
insecure-deserialize,CWE-502,1,0,1,0,0,13,20,310,3.86,1,1,0,5,0,20,0,1
sqli-concat,CWE-89,1,0,0,0,0,18,21,232,2.1,0,0,0,3,1,35,0,1
xss-unescaped,CWE-79,0,0,0,0,0,16,13,95,2.65,1,0,0,6,0,0,1,1
ssrf-request,CWE-918,1,0,0,0,0,15,6,145,3.42,0,1,0,6,1,19,0,0
path-traversal,CWE-22,0,1,0,0,0,20,27,235,2.28,0,1,1,3,0,15,1,0
path-traversal,CWE-22,1,0,0,0,0,16,3,283,1.76,0,1,0,0,0,25,0,1
xss-unescaped,CWE-79,0,0,1,0,0,7,12,79,4.14,0,1,1,4,0,15,0,0
hardcoded-secret,CWE-798,0,1,0,0,0,7,4,242,3.14,1,0,0,0,1,32,1,0
insecure-deserialize,CWE-502,1,0,0,0,0,3,24,389,2.16,0,1,0,3,1,5,1,0
hardcoded-secret,CWE-798,0,1,1,0,0,19,20,301,3.12,0,1,0,4,0,26,0,0
insecure-deserialize,CWE-502,1,0,0,0,0,4,18,185,3.92,1,1,0,1,1,35,0,1
ssrf-request,CWE-918,0,1,1,0,0,20,1,212,4.13,1,1,1,6,1,12,0,0
hardcoded-secret,CWE-798,0,1,0,0,0,11,19,300,3.73,0,0,1,10,1,27,0,0
hardcoded-secret,CWE-798,0,1,1,0,0,7,21,217,4.23,1,0,1,6,0,41,0,0
path-traversal,CWE-22,0,0,0,0,0,6,27,331,1.67,1,1,0,6,1,41,1,0
hardcoded-secret,CWE-798,0,1,0,0,0,15,27,137,1.62,0,1,0,3,0,50,0,0
hardcoded-secret,CWE-798,1,0,1,0,0,3,12,112,2.05,1,0,1,10,0,20,1,1
path-traversal,CWE-22,1,0,0,0,0,17,2,160,1.99,0,0,0,0,1,8,0,1
insecure-deserialize,CWE-502,0,0,1,0,0,7,13,142,3.7,0,0,0,8,1,38,0,0
hardcoded-secret,CWE-798,1,0,1,1,0,14,13,219,4.05,0,0,1,6,1,42,0,0
hardcoded-secret,CWE-798,0,1,0,0,0,4,5,268,2.17,1,0,0,5,1,44,0,0
hardcoded-secret,CWE-798,0,1,1,1,0,14,6,129,2.67,0,1,0,7,0,20,1,0
ssrf-request,CWE-918,1,0,1,0,0,20,10,145,2.48,1,0,1,9,0,20,1,1
xss-unescaped,CWE-79,1,0,1,1,0,15,26,307,2.92,0,1,0,7,0,3,0,0
path-traversal,CWE-22,0,1,1,0,0,15,3,52,3.39,1,1,1,7,0,4,0,0
path-traversal,CWE-22,1,0,0,0,0,2,16,399,2.12,1,0,0,9,1,0,0,1
path-traversal,CWE-22,0,0,1,0,0,6,22,75,3.67,0,0,1,6,0,1,1,0
ssrf-request,CWE-918,0,0,1,0,0,11,13,363,4.05,1,0,1,8,1,44,0,0
sqli-concat,CWE-89,0,1,0,0,1,18,14,181,2.98,1,1,1,3,0,24,1,0
hardcoded-secret,CWE-798,0,0,1,0,0,11,11,354,2.43,0,1,0,10,0,37,0,0
hardcoded-secret,CWE-798,1,0,1,0,0,11,29,111,2.68,0,1,0,4,0,1,1,0
hardcoded-secret,CWE-798,1,0,1,1,0,13,3,145,1.51,1,0,0,5,0,31,0,0
sqli-concat,CWE-89,1,0,0,0,0,9,16,295,3.3,0,0,0,5,0,12,0,1
xss-unescaped,CWE-79,1,0,0,0,0,7,28,296,1.61,1,0,0,6,1,2,0,1
hardcoded-secret,CWE-798,1,0,0,0,0,18,12,370,4.11,0,0,0,6,0,31,0,1
ssrf-request,CWE-918,1,0,1,0,0,16,21,166,3.09,1,1,0,1,0,42,1,1
hardcoded-secret,CWE-798,0,1,0,0,0,6,12,174,3.01,0,0,0,0,0,5,1,0
insecure-deserialize,CWE-502,1,0,1,0,1,3,26,289,3.53,1,1,1,0,0,4,0,0
path-traversal,CWE-22,1,0,1,0,0,17,25,66,2.4,1,1,0,3,0,46,0,1
sqli-concat,CWE-89,1,0,1,0,0,9,3,198,3.69,0,1,0,5,0,1,0,0
xss-unescaped,CWE-79,1,0,1,0,0,17,5,343,3.45,0,1,0,9,0,35,1,0
hardcoded-secret,CWE-798,1,0,0,0,0,2,11,116,3.74,1,0,1,2,0,46,1,1
insecure-deserialize,CWE-502,0,1,1,0,0,2,1,204,2.8,1,0,1,0,1,35,1,0
ssrf-request,CWE-918,1,0,1,0,0,9,14,277,2.33,0,1,0,8,0,47,0,1
ssrf-request,CWE-918,1,0,1,0,1,8,21,330,2.95,0,1,0,10,0,30,0,0
sqli-concat,CWE-89,0,1,0,0,0,1,21,274,1.62,0,1,0,7,0,5,1,0
sqli-concat,CWE-89,0,0,1,0,0,15,19,306,4.03,0,0,0,6,0,12,0,0
sqli-concat,CWE-89,1,0,0,0,0,8,14,252,3.31,0,0,0,10,0,23,1,1
sqli-concat,CWE-89,0,0,0,0,0,18,26,63,3.52,1,0,0,4,1,1,0,1
ssrf-request,CWE-918,1,0,0,1,0,6,8,162,2.02,1,1,0,0,0,29,0,0
insecure-deserialize,CWE-502,0,0,1,0,0,15,25,328,3.08,1,1,0,4,0,11,0,0
path-traversal,CWE-22,0,1,0,0,0,5,12,393,2.33,0,1,1,6,0,9,1,0
sqli-concat,CWE-89,0,0,1,0,0,5,14,56,2.81,0,0,1,3,1,41,0,0
ssrf-request,CWE-918,1,0,1,0,0,13,20,219,1.95,1,0,0,10,1,47,1,1
xss-unescaped,CWE-79,1,0,1,0,0,3,17,349,4.05,1,0,0,4,0,43,0,1
sqli-concat,CWE-89,1,0,1,0,0,1,4,201,3.23,1,0,0,4,1,50,1,1
insecure-deserialize,CWE-502,0,1,0,0,0,20,6,317,2.62,0,1,1,6,0,38,0,0
insecure-deserialize,CWE-502,1,0,1,0,0,20,7,313,3.53,1,0,0,4,0,33,1,1
sqli-concat,CWE-89,0,0,0,1,0,13,27,94,2.78,0,0,0,6,0,27,1,0
insecure-deserialize,CWE-502,0,0,1,0,0,10,5,184,2.54,0,0,1,4,0,43,1,0
ssrf-request,CWE-918,0,1,0,0,0,14,1,34,2.96,1,0,0,1,1,0,1,0
sqli-concat,CWE-89,0,1,0,0,0,3,19,124,1.75,1,0,0,1,0,32,0,1
xss-unescaped,CWE-79,0,1,1,0,0,15,27,24,2.0,0,1,0,1,0,40,1,0
path-traversal,CWE-22,0,1,0,0,0,12,30,349,3.62,1,0,0,10,0,44,0,1
insecure-deserialize,CWE-502,1,0,1,0,0,3,25,292,4.31,1,0,0,5,1,38,1,1
hardcoded-secret,CWE-798,0,0,0,0,0,5,4,188,2.61,0,1,0,10,0,20,1,0
ssrf-request,CWE-918,1,0,1,1,0,15,11,243,1.98,1,0,0,10,1,9,1,0
sqli-concat,CWE-89,0,1,1,0,0,15,11,394,3.96,0,0,0,8,1,10,0,0
hardcoded-secret,CWE-798,0,0,0,0,0,11,3,364,4.35,1,1,0,10,0,47,1,0
sqli-concat,CWE-89,0,1,1,0,0,13,14,384,1.83,0,0,1,6,0,40,0,0
sqli-concat,CWE-89,0,1,0,1,0,9,16,88,3.52,1,1,0,10,0,40,0,0
insecure-deserialize,CWE-502,0,0,0,0,1,11,15,360,1.76,1,0,0,5,0,12,1,0
xss-unescaped,CWE-79,1,0,0,0,0,8,18,241,4.43,1,1,0,8,0,12,1,1
path-traversal,CWE-22,0,0,0,0,0,7,8,159,1.61,0,0,0,9,1,0,0,0
path-traversal,CWE-22,1,0,0,0,1,13,11,30,4.0,1,0,1,0,0,26,0,1
ssrf-request,CWE-918,0,1,1,0,0,5,1,64,1.53,0,0,0,3,0,4,0,0
xss-unescaped,CWE-79,1,0,1,0,0,20,30,210,2.81,1,1,0,1,0,2,1,1
xss-unescaped,CWE-79,0,1,0,0,0,17,26,143,2.33,0,1,0,10,0,47,1,0
insecure-deserialize,CWE-502,0,0,0,0,0,13,17,58,2.02,1,0,0,1,0,50,0,1
hardcoded-secret,CWE-798,0,1,0,1,0,4,5,91,2.67,1,0,0,2,0,35,1,0
hardcoded-secret,CWE-798,0,1,1,0,0,17,6,135,1.69,1,0,0,7,1,12,0,0
xss-unescaped,CWE-79,0,1,1,1,0,15,28,209,2.14,1,1,1,4,0,12,0,0
hardcoded-secret,CWE-798,1,0,1,0,0,5,4,100,2.43,0,1,1,9,0,25,0,0
sqli-concat,CWE-89,1,0,0,1,0,4,29,163,1.65,1,1,0,1,0,22,1,1
ssrf-request,CWE-918,0,0,0,0,0,7,4,223,4.2,1,0,0,0,0,0,1,1
path-traversal,CWE-22,1,0,0,0,0,3,13,211,3.59,1,1,0,4,1,7,1,1
sqli-concat,CWE-89,1,0,0,1,0,6,24,60,2.56,1,0,0,5,0,39,0,1
sqli-concat,CWE-89,1,0,0,0,0,10,18,249,1.73,0,1,0,10,1,24,1,0
sqli-concat,CWE-89,0,1,1,0,0,10,20,163,1.61,1,0,0,0,0,36,0,0
sqli-concat,CWE-89,0,0,0,0,0,5,24,295,2.14,0,1,0,2,0,44,0,0
hardcoded-secret,CWE-798,1,0,0,1,0,2,10,132,3.63,1,0,0,4,0,4,1,1
hardcoded-secret,CWE-798,1,0,0,0,0,12,2,76,1.89,0,1,0,3,0,38,0,0
hardcoded-secret,CWE-798,1,0,1,0,0,4,5,336,2.7,0,1,0,7,0,45,1,0
insecure-deserialize,CWE-502,0,1,0,0,0,18,5,60,2.31,1,1,0,5,0,25,0,0
insecure-deserialize,CWE-502,1,0,1,0,0,13,3,397,4.02,1,0,0,10,0,12,1,1
ssrf-request,CWE-918,1,0,1,0,1,9,26,319,3.82,1,0,0,6,0,25,1,1
insecure-deserialize,CWE-502,0,0,1,0,0,13,7,310,1.75,0,0,0,8,0,17,0,0
insecure-deserialize,CWE-502,0,1,1,0,0,7,18,34,3.05,0,1,0,2,0,43,1,0
xss-unescaped,CWE-79,1,0,1,0,0,6,21,170,2.43,1,1,1,8,0,32,1,1
sqli-concat,CWE-89,1,0,0,0,0,8,2,192,2.9,1,1,0,8,0,12,0,1
hardcoded-secret,CWE-798,1,0,0,0,0,13,9,158,1.88,0,0,1,1,1,40,0,0
sqli-concat,CWE-89,1,0,0,0,0,11,3,103,3.71,1,0,0,0,0,22,0,1
path-traversal,CWE-22,1,0,0,0,0,12,6,244,1.61,0,0,0,10,1,47,0,0
xss-unescaped,CWE-79,1,0,0,0,0,19,18,140,3.8,0,1,0,2,0,35,1,1
hardcoded-secret,CWE-798,0,0,1,1,0,14,5,102,3.03,0,0,0,0,1,2,0,0
insecure-deserialize,CWE-502,0,1,1,0,0,20,10,80,1.65,0,0,0,1,1,7,1,0
insecure-deserialize,CWE-502,0,1,0,0,0,8,17,190,2.5,1,1,0,4,0,24,1,0
hardcoded-secret,CWE-798,0,1,0,0,0,15,1,319,2.32,0,1,0,7,0,17,1,0
hardcoded-secret,CWE-798,0,0,1,0,1,6,2,282,3.84,0,0,0,0,1,15,1,0
insecure-deserialize,CWE-502,1,0,1,0,0,18,24,174,1.91,1,1,1,2,0,37,0,1
ssrf-request,CWE-918,0,1,1,0,0,4,24,166,3.71,1,1,0,0,0,11,1,0
path-traversal,CWE-22,1,0,0,0,0,15,18,346,2.54,1,1,0,1,1,28,1,1
hardcoded-secret,CWE-798,0,0,1,1,0,17,1,73,3.65,1,0,1,2,0,22,0,0
insecure-deserialize,CWE-502,0,0,1,0,0,15,2,253,3.3,1,0,0,3,1,38,0,0
ssrf-request,CWE-918,0,0,1,0,1,9,21,70,2.54,0,1,0,9,0,33,0,0
hardcoded-secret,CWE-798,1,0,1,1,0,12,7,143,3.69,1,1,0,3,0,19,0,0
hardcoded-secret,CWE-798,0,0,0,1,1,12,27,349,1.81,1,1,0,4,0,9,0,0
ssrf-request,CWE-918,1,0,0,0,0,5,21,92,1.53,1,0,0,4,0,41,1,1
xss-unescaped,CWE-79,1,0,1,0,1,5,4,142,3.39,1,0,1,8,1,46,1,0
sqli-concat,CWE-89,1,0,0,0,0,18,13,211,3.23,1,0,1,3,0,12,1,1
insecure-deserialize,CWE-502,0,1,0,1,0,7,17,243,1.85,1,1,0,7,0,43,1,0
xss-unescaped,CWE-79,1,0,0,0,0,14,30,72,3.21,0,1,0,5,0,49,1,0
ssrf-request,CWE-918,1,0,1,0,0,1,18,195,2.36,0,1,0,7,0,18,0,0
sqli-concat,CWE-89,0,1,0,0,0,7,11,118,2.48,1,1,0,9,0,21,1,0
ssrf-request,CWE-918,1,0,1,0,0,4,5,306,3.78,0,1,0,2,1,10,1,0
path-traversal,CWE-22,0,1,1,0,0,16,16,185,1.73,1,0,0,1,0,9,0,0
sqli-concat,CWE-89,1,0,0,0,0,9,6,54,2.75,1,0,0,7,0,0,0,1
insecure-deserialize,CWE-502,1,0,0,0,0,7,25,310,2.07,1,1,0,2,0,2,1,1
insecure-deserialize,CWE-502,1,0,0,0,0,16,28,80,4.12,1,1,0,7,0,36,1,1
xss-unescaped,CWE-79,1,0,0,0,0,1,9,274,1.75,0,0,0,1,0,44,1,1
ssrf-request,CWE-918,1,0,0,0,0,7,5,38,4.18,1,1,0,9,0,3,1,1
hardcoded-secret,CWE-798,1,0,1,0,1,7,7,158,4.41,1,0,0,7,0,44,1,0
hardcoded-secret,CWE-798,0,1,1,0,0,14,20,139,3.95,0,0,0,5,0,21,1,0
hardcoded-secret,CWE-798,0,1,0,0,0,11,18,242,1.85,1,0,1,4,0,6,0,0
ssrf-request,CWE-918,0,0,1,0,0,4,18,367,2.02,0,1,0,7,1,10,1,0
xss-unescaped,CWE-79,0,0,1,0,0,10,21,101,2.0,0,0,1,5,0,35,0,0
xss-unescaped,CWE-79,1,0,0,0,0,20,26,50,1.6,0,1,0,7,0,13,0,1
path-traversal,CWE-22,1,0,0,0,0,5,29,162,1.76,0,1,1,10,1,46,1,0
insecure-deserialize,CWE-502,0,1,0,0,0,17,18,99,3.67,0,0,0,4,1,13,1,0
sqli-concat,CWE-89,0,1,1,0,0,4,10,35,1.95,0,0,0,3,0,49,1,0
hardcoded-secret,CWE-798,1,0,0,0,0,1,23,353,3.88,1,0,1,0,0,31,1,1
xss-unescaped,CWE-79,0,0,0,0,0,6,1,182,1.87,1,0,0,7,0,23,1,0
sqli-concat,CWE-89,0,0,0,0,0,7,19,265,3.1,1,0,0,8,0,47,0,1
hardcoded-secret,CWE-798,0,0,1,0,0,8,21,60,2.61,0,1,0,7,0,36,1,0
hardcoded-secret,CWE-798,0,0,1,0,0,17,5,115,2.0,0,0,0,3,0,40,1,0
insecure-deserialize,CWE-502,0,0,0,0,0,5,25,72,2.21,0,1,0,3,1,26,0,0
xss-unescaped,CWE-79,0,0,1,0,0,13,14,93,3.34,1,0,1,2,0,36,0,0
hardcoded-secret,CWE-798,1,0,0,0,0,2,16,195,3.9,1,1,0,8,0,33,1,1
sqli-concat,CWE-89,1,0,0,0,0,11,8,365,3.24,1,0,0,8,0,46,0,1
hardcoded-secret,CWE-798,1,0,1,1,0,14,11,311,3.6,0,1,0,7,0,3,1,0
hardcoded-secret,CWE-798,1,0,0,0,0,4,30,31,2.92,0,0,0,10,0,3,0,1
insecure-deserialize,CWE-502,0,1,0,0,0,8,1,20,4.34,1,1,0,2,1,38,1,0
ssrf-request,CWE-918,0,0,1,1,0,8,12,362,3.3,1,0,1,10,1,35,0,0
sqli-concat,CWE-89,0,0,1,0,0,13,14,121,3.86,0,1,0,4,0,30,0,0
ssrf-request,CWE-918,0,1,1,0,0,7,10,127,2.16,1,1,1,5,0,14,0,0
ssrf-request,CWE-918,1,0,0,0,0,14,4,370,2.22,0,1,0,4,0,44,0,0
ssrf-request,CWE-918,0,0,1,0,0,16,18,207,2.41,1,0,1,1,1,35,1,1
insecure-deserialize,CWE-502,0,1,0,1,0,2,25,224,2.9,0,1,0,9,1,14,0,0
xss-unescaped,CWE-79,0,0,0,0,0,20,2,173,4.31,1,0,1,8,1,36,1,0
sqli-concat,CWE-89,1,0,0,1,0,9,16,156,4.21,1,1,0,8,0,32,1,0
xss-unescaped,CWE-79,1,0,1,1,0,17,7,56,3.55,0,1,0,7,0,2,0,0
ssrf-request,CWE-918,0,1,1,1,0,19,24,304,3.46,0,0,0,2,0,31,1,0
hardcoded-secret,CWE-798,0,1,0,0,0,16,21,373,3.33,0,1,0,9,1,16,0,0
insecure-deserialize,CWE-502,1,0,1,0,0,13,6,122,3.2,1,1,0,3,0,40,0,0
insecure-deserialize,CWE-502,1,0,1,1,1,3,16,355,1.53,1,1,0,7,0,9,0,0
sqli-concat,CWE-89,0,0,1,0,0,8,24,217,3.26,1,1,0,4,0,0,1,0
sqli-concat,CWE-89,0,1,1,0,0,14,28,254,3.94,0,0,0,9,0,16,0,0
sqli-concat,CWE-89,1,0,0,0,0,6,13,169,2.42,1,0,0,8,0,30,0,1
hardcoded-secret,CWE-798,0,0,0,0,0,9,14,204,4.14,1,1,0,7,0,20,0,1
ssrf-request,CWE-918,0,0,1,0,0,15,7,59,4.12,0,0,0,4,0,38,0,0
path-traversal,CWE-22,1,0,1,0,0,14,8,104,3.23,1,1,0,9,0,37,1,0
insecure-deserialize,CWE-502,1,0,0,0,1,16,26,70,4.02,0,1,0,2,1,15,0,0
hardcoded-secret,CWE-798,1,0,1,0,0,5,29,288,3.01,0,0,1,4,0,44,1,1
xss-unescaped,CWE-79,0,1,0,0,0,6,3,214,2.27,1,1,0,3,0,42,0,0
ssrf-request,CWE-918,1,0,0,0,0,5,20,364,2.04,1,0,0,7,1,4,1,1
xss-unescaped,CWE-79,0,1,1,0,0,10,29,302,1.84,0,0,0,4,1,21,0,0
path-traversal,CWE-22,0,1,0,0,0,4,24,303,3.56,0,1,0,3,0,18,0,0
sqli-concat,CWE-89,1,0,1,0,0,12,30,96,2.73,0,1,0,2,0,35,0,0
xss-unescaped,CWE-79,1,0,1,0,0,1,19,241,3.65,0,1,0,7,0,3,0,0
path-traversal,CWE-22,1,0,1,0,0,16,17,317,4.33,0,0,0,4,0,33,1,1
ssrf-request,CWE-918,0,0,0,1,0,1,14,349,3.7,1,1,0,6,0,6,1,0
sqli-concat,CWE-89,1,0,1,0,0,12,28,147,2.97,0,1,0,1,0,5,0,0
insecure-deserialize,CWE-502,1,0,0,1,0,13,30,51,2.44,0,1,1,1,1,11,0,0
insecure-deserialize,CWE-502,1,0,1,0,0,11,27,270,3.6,1,0,0,0,0,29,1,1
sqli-concat,CWE-89,0,0,1,1,0,1,28,183,3.92,1,0,0,0,0,7,1,0
insecure-deserialize,CWE-502,0,1,0,0,0,4,30,166,3.45,0,1,1,2,0,10,0,0
insecure-deserialize,CWE-502,0,0,0,0,0,17,14,116,3.56,1,1,1,10,1,41,1,0
insecure-deserialize,CWE-502,1,0,1,0,0,15,28,111,4.28,1,0,0,2,1,50,1,1
insecure-deserialize,CWE-502,0,0,0,1,0,4,26,399,4.22,1,1,0,3,1,25,1,0
hardcoded-secret,CWE-798,1,0,0,0,0,17,2,41,4.43,1,1,0,8,0,35,1,1
insecure-deserialize,CWE-502,0,1,0,0,1,2,20,20,4.32,1,0,0,10,1,37,1,0
path-traversal,CWE-22,1,0,1,0,0,14,13,222,2.22,0,0,1,4,0,13,0,0
path-traversal,CWE-22,1,0,1,0,0,15,11,83,3.72,1,1,0,6,0,25,0,0
hardcoded-secret,CWE-798,0,0,1,0,0,6,25,278,1.66,1,1,0,9,0,11,1,0
hardcoded-secret,CWE-798,1,0,0,1,0,1,4,114,2.12,1,1,0,6,0,38,1,0
hardcoded-secret,CWE-798,0,1,0,0,0,19,13,351,1.91,1,1,0,8,0,42,0,0
insecure-deserialize,CWE-502,0,0,1,1,0,3,30,131,2.18,1,1,0,7,1,3,1,0
sqli-concat,CWE-89,1,0,1,0,0,13,22,56,4.07,0,1,0,6,0,38,0,1
path-traversal,CWE-22,0,0,1,0,0,13,26,182,1.84,0,0,0,1,1,15,1,0
hardcoded-secret,CWE-798,0,1,0,1,0,5,14,154,4.49,1,0,0,0,0,12,0,0
sqli-concat,CWE-89,1,0,0,0,0,16,20,107,2.75,0,1,0,1,0,12,1,0
sqli-concat,CWE-89,0,1,0,0,0,19,15,388,1.83,0,1,0,7,0,12,1,0
insecure-deserialize,CWE-502,0,0,1,1,0,15,21,63,2.13,1,1,0,5,1,27,1,0
sqli-concat,CWE-89,0,1,1,0,0,4,10,100,4.12,1,1,1,9,1,3,1,0
path-traversal,CWE-22,1,0,0,0,1,20,27,126,3.48,1,1,1,0,0,30,1,0
sqli-concat,CWE-89,0,1,0,0,0,17,20,22,4.23,1,0,0,8,0,0,1,0
ssrf-request,CWE-918,1,0,1,0,0,3,10,222,2.54,0,1,1,9,1,15,0,0
path-traversal,CWE-22,1,0,1,0,0,17,3,139,1.58,0,0,0,8,0,16,0,0
xss-unescaped,CWE-79,0,1,1,1,0,2,2,196,4.26,1,1,1,3,0,1,0,0
ssrf-request,CWE-918,0,0,1,0,0,9,1,266,2.43,0,1,1,3,0,33,1,0
ssrf-request,CWE-918,1,0,0,0,0,7,6,244,4.0,1,0,0,6,0,5,0,1
path-traversal,CWE-22,0,1,0,0,1,20,27,106,3.54,0,0,1,10,0,47,0,0
hardcoded-secret,CWE-798,1,0,0,0,0,11,27,277,1.67,1,0,0,0,0,13,0,1
insecure-deserialize,CWE-502,1,0,1,0,0,19,26,122,3.04,0,1,0,0,0,19,0,0
hardcoded-secret,CWE-798,1,0,1,0,0,9,23,26,4.04,1,0,0,0,1,3,1,1
path-traversal,CWE-22,1,0,0,0,0,13,13,207,4.47,0,0,0,1,0,5,1,0
hardcoded-secret,CWE-798,0,0,0,1,0,9,18,252,3.38,1,1,0,0,1,4,0,0
path-traversal,CWE-22,0,1,1,0,1,15,27,280,2.77,1,1,0,1,0,27,0,0
sqli-concat,CWE-89,0,1,1,0,0,12,7,58,3.89,0,0,1,7,1,6,0,0
path-traversal,CWE-22,1,0,0,0,0,5,15,254,3.5,1,1,0,5,1,6,0,1
insecure-deserialize,CWE-502,0,1,1,0,0,17,23,278,2.97,0,1,0,7,0,46,1,0
ssrf-request,CWE-918,1,0,1,0,0,20,7,353,3.84,1,1,0,5,0,44,0,1
hardcoded-secret,CWE-798,0,1,1,1,0,4,24,52,2.06,0,1,0,1,0,34,0,0
xss-unescaped,CWE-79,0,0,1,0,0,11,14,216,2.49,0,1,0,10,1,50,0,0
sqli-concat,CWE-89,0,0,0,0,0,10,4,97,2.46,0,0,0,3,1,34,1,0
insecure-deserialize,CWE-502,0,1,0,0,0,2,19,294,2.97,1,1,0,6,0,36,1,1
path-traversal,CWE-22,0,0,1,1,0,2,23,313,2.23,0,0,0,6,1,12,1,0
path-traversal,CWE-22,1,0,1,0,0,6,18,174,4.5,1,0,0,8,1,13,1,0
path-traversal,CWE-22,1,0,1,0,0,16,6,331,3.12,1,0,0,1,0,45,0,1
ssrf-request,CWE-918,0,1,0,0,0,5,30,327,3.85,0,0,1,10,1,6,1,0
sqli-concat,CWE-89,0,1,1,0,0,4,29,199,3.8,0,0,0,6,0,28,0,0
hardcoded-secret,CWE-798,1,0,1,0,0,1,9,360,4.49,1,1,0,6,0,44,1,1
xss-unescaped,CWE-79,0,1,1,1,0,10,18,144,1.5,0,1,1,7,0,19,1,0
xss-unescaped,CWE-79,0,1,0,0,0,17,6,355,3.59,1,1,0,9,1,20,0,0
path-traversal,CWE-22,1,0,0,0,0,8,3,197,1.87,1,0,0,5,0,14,1,1
xss-unescaped,CWE-79,0,1,1,0,0,8,12,60,3.5,0,0,0,9,1,46,1,0
ssrf-request,CWE-918,1,0,1,0,0,10,22,205,2.24,1,0,0,8,0,24,1,1
insecure-deserialize,CWE-502,1,0,0,0,1,17,27,231,2.22,1,1,0,9,0,36,1,0
insecure-deserialize,CWE-502,1,0,1,0,0,8,3,174,2.38,0,1,0,5,0,12,1,0
xss-unescaped,CWE-79,1,0,0,0,0,6,7,369,2.73,1,1,0,1,0,30,1,1
insecure-deserialize,CWE-502,0,0,0,0,0,14,5,96,1.67,0,0,0,0,0,25,0,1
xss-unescaped,CWE-79,1,0,1,0,0,9,30,392,4.36,0,1,0,3,0,46,1,0
ssrf-request,CWE-918,0,1,0,0,0,18,22,364,1.76,1,1,0,0,0,18,1,0
hardcoded-secret,CWE-798,0,0,1,0,1,5,6,34,2.7,1,0,0,8,0,38,0,0
sqli-concat,CWE-89,0,1,1,0,0,11,5,355,4.44,1,1,0,4,0,22,1,0
hardcoded-secret,CWE-798,0,1,1,0,1,14,23,166,3.09,1,0,0,6,0,3,0,0
ssrf-request,CWE-918,1,0,1,0,1,4,13,151,2.4,0,0,1,0,0,21,0,0
xss-unescaped,CWE-79,0,1,1,0,0,2,27,259,3.96,1,1,0,1,0,28,1,0
hardcoded-secret,CWE-798,0,0,0,0,0,19,20,346,4.19,0,1,0,8,0,43,0,1
ssrf-request,CWE-918,1,0,1,0,0,15,19,248,2.85,0,1,1,5,0,29,1,0
ssrf-request,CWE-918,1,0,1,0,0,10,21,380,1.87,1,1,0,3,1,11,0,1
ssrf-request,CWE-918,0,1,0,1,0,3,17,163,1.83,1,0,0,5,0,27,0,0
hardcoded-secret,CWE-798,0,1,0,0,0,17,20,271,4.49,0,1,0,7,0,26,0,0
hardcoded-secret,CWE-798,0,1,1,0,0,7,16,67,3.49,0,1,1,3,0,35,0,0
ssrf-request,CWE-918,0,0,1,0,0,10,27,35,1.71,0,1,0,5,1,44,0,0
xss-unescaped,CWE-79,0,0,1,0,0,9,28,219,3.98,1,0,1,10,0,34,0,1
ssrf-request,CWE-918,1,0,1,0,1,13,16,345,1.99,1,0,0,1,1,18,0,1
hardcoded-secret,CWE-798,1,0,0,0,0,10,19,50,2.74,1,0,0,1,0,46,0,1
sqli-concat,CWE-89,0,1,1,0,0,8,3,130,3.44,1,1,0,7,0,44,1,0
xss-unescaped,CWE-79,1,0,1,0,0,5,8,96,2.83,1,0,0,2,0,2,0,1
insecure-deserialize,CWE-502,0,1,1,0,0,18,21,107,3.91,0,0,0,2,1,16,0,0
sqli-concat,CWE-89,1,0,1,0,0,14,22,172,3.39,0,0,0,2,1,3,1,0
sqli-concat,CWE-89,0,1,0,0,1,12,18,318,4.31,1,0,1,5,0,27,0,0
ssrf-request,CWE-918,0,0,0,0,0,9,6,223,2.42,1,1,0,7,1,5,1,0
sqli-concat,CWE-89,0,1,0,1,0,13,30,70,3.16,0,1,0,10,0,50,0,0
hardcoded-secret,CWE-798,0,1,0,0,0,2,18,125,3.12,1,0,0,4,0,34,1,1
xss-unescaped,CWE-79,0,0,1,0,0,12,3,166,3.96,1,1,0,7,0,47,0,0
xss-unescaped,CWE-79,0,1,1,0,1,4,4,47,1.95,1,0,0,6,0,19,0,0
xss-unescaped,CWE-79,0,1,1,0,0,16,27,356,3.5,0,0,1,5,0,17,0,0
path-traversal,CWE-22,0,1,1,0,0,4,13,353,2.22,0,1,0,5,0,8,0,0
path-traversal,CWE-22,1,0,1,0,0,20,17,267,2.36,0,1,0,7,1,15,0,0
ssrf-request,CWE-918,1,0,1,0,0,11,25,178,2.61,1,1,0,1,1,10,0,1
sqli-concat,CWE-89,1,0,0,1,0,16,27,133,1.6,0,0,0,5,0,50,0,0
sqli-concat,CWE-89,0,1,0,0,0,20,28,213,3.95,1,0,0,4,0,10,0,1
sqli-concat,CWE-89,0,0,1,0,0,18,7,76,2.63,0,0,0,2,1,13,1,0
insecure-deserialize,CWE-502,1,0,1,0,0,7,20,368,3.39,0,0,0,7,1,7,1,0
sqli-concat,CWE-89,0,1,1,0,0,16,3,317,3.37,1,1,0,6,0,20,0,0
sqli-concat,CWE-89,1,0,0,0,0,6,17,234,3.26,0,0,0,7,0,15,0,1
path-traversal,CWE-22,0,0,0,0,0,4,4,44,3.37,1,0,1,2,1,23,1,1
hardcoded-secret,CWE-798,1,0,0,0,0,16,5,316,2.14,0,0,1,8,0,11,1,0
insecure-deserialize,CWE-502,1,0,1,0,0,17,18,224,2.35,1,1,0,4,1,36,0,1
xss-unescaped,CWE-79,1,0,1,1,0,1,3,274,3.34,1,0,1,7,0,45,0,1
hardcoded-secret,CWE-798,0,1,0,0,0,7,4,393,1.94,1,0,0,2,1,41,1,0
insecure-deserialize,CWE-502,0,1,1,0,0,10,7,52,2.05,1,0,0,7,0,37,1,0
ssrf-request,CWE-918,0,1,0,0,0,1,1,375,2.94,1,0,1,4,0,24,0,1
insecure-deserialize,CWE-502,1,0,0,0,0,20,10,352,3.03,1,1,1,10,0,25,0,1
xss-unescaped,CWE-79,0,0,0,0,0,18,6,361,4.37,0,0,0,3,1,8,0,0
sqli-concat,CWE-89,0,1,1,0,0,14,16,201,3.45,0,1,0,10,0,19,1,0
insecure-deserialize,CWE-502,1,0,1,0,0,20,20,291,3.63,0,1,0,2,0,3,1,0
xss-unescaped,CWE-79,0,1,0,0,0,9,30,206,2.5,1,1,0,7,0,0,0,0
hardcoded-secret,CWE-798,0,0,1,0,0,20,12,161,1.96,0,0,0,9,0,12,0,0
xss-unescaped,CWE-79,1,0,0,0,0,19,15,127,3.11,0,1,1,1,1,29,1,0
insecure-deserialize,CWE-502,1,0,0,0,0,18,27,200,2.28,0,1,1,9,1,25,0,0
ssrf-request,CWE-918,1,0,1,0,0,16,28,285,4.47,0,0,0,6,0,31,1,1
hardcoded-secret,CWE-798,1,0,0,0,0,11,7,279,1.62,0,1,0,6,0,32,0,0
path-traversal,CWE-22,1,0,0,1,1,12,1,343,3.1,0,0,0,9,0,39,0,0
path-traversal,CWE-22,1,0,1,0,0,18,5,293,1.66,0,1,0,8,0,19,0,0
ssrf-request,CWE-918,0,1,1,0,0,11,2,118,1.51,0,1,0,2,0,31,0,0
sqli-concat,CWE-89,0,0,1,1,0,14,27,134,3.85,0,1,0,9,0,16,0,0
hardcoded-secret,CWE-798,0,1,0,0,0,17,9,317,2.33,0,0,1,9,0,34,1,0
insecure-deserialize,CWE-502,0,0,1,1,0,20,26,154,1.65,0,1,0,8,0,2,0,0
ssrf-request,CWE-918,0,1,1,0,0,15,4,109,1.94,0,0,0,10,0,23,0,0
insecure-deserialize,CWE-502,1,0,1,0,0,14,27,238,1.62,0,0,0,0,0,5,0,1
insecure-deserialize,CWE-502,0,1,0,1,0,10,26,385,3.25,0,1,1,0,0,39,0,0
hardcoded-secret,CWE-798,1,0,0,1,0,7,9,250,1.8,0,1,0,3,0,45,0,0
path-traversal,CWE-22,1,0,1,0,0,14,5,22,1.96,0,1,1,5,0,5,1,0
sqli-concat,CWE-89,1,0,0,1,0,10,27,273,1.86,1,0,0,5,0,31,0,1
hardcoded-secret,CWE-798,1,0,0,1,1,15,13,350,4.18,0,0,0,5,0,27,0,0
hardcoded-secret,CWE-798,0,1,1,0,0,20,10,55,2.85,0,0,0,5,1,26,1,0
path-traversal,CWE-22,0,0,1,0,0,14,18,42,4.38,1,0,0,10,1,44,1,0
ssrf-request,CWE-918,0,1,1,0,0,13,8,192,3.62,0,1,0,5,0,33,1,0
xss-unescaped,CWE-79,1,0,1,0,0,7,24,324,3.43,0,1,0,9,0,22,0,0
xss-unescaped,CWE-79,1,0,1,0,0,1,24,289,4.04,1,0,0,3,0,2,0,1
hardcoded-secret,CWE-798,1,0,0,0,0,18,28,158,3.62,0,0,1,5,0,9,1,1
hardcoded-secret,CWE-798,1,0,1,0,0,18,30,146,2.13,1,0,0,3,0,25,1,1
xss-unescaped,CWE-79,1,0,1,0,0,18,23,217,2.85,1,0,0,2,0,41,0,1
xss-unescaped,CWE-79,0,1,1,0,0,6,6,265,3.54,0,0,0,2,1,40,0,0
path-traversal,CWE-22,1,0,1,0,0,18,27,307,3.79,1,1,0,4,0,44,1,1
sqli-concat,CWE-89,0,0,1,0,0,3,1,332,3.44,0,0,0,5,0,0,1,0
ssrf-request,CWE-918,1,0,1,1,0,2,17,313,2.19,1,0,0,7,1,3,0,0
insecure-deserialize,CWE-502,0,1,0,0,0,19,12,129,3.79,1,0,0,10,0,1,0,0
sqli-concat,CWE-89,1,0,1,0,1,14,1,262,2.04,1,1,0,3,0,37,0,0
path-traversal,CWE-22,1,0,1,1,0,3,28,232,2.62,1,1,0,3,0,49,1,1
path-traversal,CWE-22,1,0,0,1,0,3,10,203,2.01,1,0,0,0,1,50,0,1
insecure-deserialize,CWE-502,1,0,0,0,0,1,10,41,1.67,1,1,0,8,0,29,1,1
ssrf-request,CWE-918,0,1,0,0,0,7,23,260,4.29,1,1,0,8,0,37,0,0
xss-unescaped,CWE-79,0,1,0,0,0,7,18,33,2.93,1,1,0,0,1,24,1,0
xss-unescaped,CWE-79,1,0,0,0,0,8,19,238,2.2,0,1,0,2,0,32,0,0
path-traversal,CWE-22,0,1,1,0,0,13,13,312,1.78,1,1,0,5,0,20,1,0
insecure-deserialize,CWE-502,0,1,0,0,0,18,29,274,2.7,1,1,0,4,0,14,1,0
sqli-concat,CWE-89,1,0,1,0,0,19,7,219,2.71,1,0,0,8,0,36,0,1
hardcoded-secret,CWE-798,1,0,0,1,0,4,14,84,2.87,1,1,0,2,0,23,1,0
ssrf-request,CWE-918,1,0,1,0,0,20,28,188,4.22,1,1,0,9,0,38,0,1
xss-unescaped,CWE-79,0,0,1,0,0,8,8,180,1.55,1,0,0,10,0,25,0,1
hardcoded-secret,CWE-798,0,0,0,0,0,12,26,308,2.09,1,1,0,8,0,24,1,0
xss-unescaped,CWE-79,0,0,1,1,0,14,21,174,3.72,0,1,1,10,0,11,0,0
path-traversal,CWE-22,0,0,0,0,0,10,5,21,2.25,0,1,1,6,0,42,1,0
ssrf-request,CWE-918,0,0,0,0,0,2,21,119,1.94,1,0,1,1,0,49,1,1
hardcoded-secret,CWE-798,1,0,1,0,0,6,27,291,2.02,1,0,0,4,1,46,1,0
xss-unescaped,CWE-79,0,0,0,0,1,10,22,151,1.58,1,1,0,5,0,10,1,0
path-traversal,CWE-22,1,0,0,0,0,11,28,98,2.58,0,0,1,6,0,34,0,1
hardcoded-secret,CWE-798,1,0,1,0,0,16,26,297,3.45,0,0,0,8,0,17,0,1
xss-unescaped,CWE-79,0,0,0,0,0,10,20,46,2.06,1,1,0,6,0,33,1,1
xss-unescaped,CWE-79,0,0,1,0,0,2,8,133,2.73,0,0,0,9,1,24,1,0
sqli-concat,CWE-89,0,1,0,0,0,18,6,354,2.42,0,0,0,10,0,21,1,0
path-traversal,CWE-22,1,0,1,0,0,14,19,141,2.61,1,0,0,3,0,27,1,1
ssrf-request,CWE-918,1,0,1,1,0,14,4,83,2.21,1,1,0,1,1,19,1,0
ssrf-request,CWE-918,0,1,0,0,0,13,13,55,3.69,0,1,0,3,0,39,0,0
sqli-concat,CWE-89,0,0,0,0,0,15,4,240,3.79,1,0,0,1,1,50,1,1
path-traversal,CWE-22,1,0,1,0,1,18,21,164,2.85,1,1,0,1,0,21,1,0
insecure-deserialize,CWE-502,0,1,1,0,0,5,28,98,2.38,0,1,0,1,1,0,1,0
ssrf-request,CWE-918,1,0,1,0,0,18,21,39,1.84,0,0,0,1,0,46,0,1
hardcoded-secret,CWE-798,0,0,0,0,0,16,16,360,3.55,1,1,1,6,0,15,1,0
insecure-deserialize,CWE-502,0,0,0,0,0,5,2,212,2.69,1,1,1,10,0,9,0,0
hardcoded-secret,CWE-798,1,0,0,0,0,4,13,235,4.06,0,1,0,9,1,50,1,1
hardcoded-secret,CWE-798,0,1,1,0,0,13,17,135,2.39,0,1,0,8,1,12,1,0
ssrf-request,CWE-918,1,0,0,0,0,7,7,226,1.94,0,0,0,1,1,1,0,1
ssrf-request,CWE-918,1,0,1,0,0,3,21,358,3.76,0,0,1,2,0,25,0,1
insecure-deserialize,CWE-502,0,1,0,0,0,1,8,152,3.66,1,1,0,4,1,13,0,0
insecure-deserialize,CWE-502,1,0,0,1,0,2,1,109,1.9,0,0,0,7,0,42,1,1
hardcoded-secret,CWE-798,1,0,1,0,0,10,29,176,3.69,1,0,0,0,1,12,1,1
ssrf-request,CWE-918,1,0,1,0,0,8,27,284,1.63,0,0,0,2,0,3,0,1
sqli-concat,CWE-89,0,0,1,0,1,1,3,391,1.82,0,0,0,10,0,45,0,0
ssrf-request,CWE-918,0,1,1,0,0,15,18,237,1.79,0,1,0,5,0,3,0,0
insecure-deserialize,CWE-502,1,0,1,1,0,19,6,36,3.58,0,1,0,7,1,34,0,0
ssrf-request,CWE-918,0,1,0,0,0,19,10,230,2.09,1,1,0,6,0,18,0,0
hardcoded-secret,CWE-798,0,0,1,0,0,19,20,94,4.35,1,1,1,8,1,50,0,0
sqli-concat,CWE-89,1,0,1,0,0,8,10,35,2.03,1,1,0,6,1,40,1,0
hardcoded-secret,CWE-798,1,0,0,0,0,13,13,302,3.27,1,0,1,6,0,14,1,0
ssrf-request,CWE-918,1,0,1,0,0,7,11,240,3.79,1,1,0,9,1,8,0,0
sqli-concat,CWE-89,1,0,0,0,0,8,2,67,4.47,1,1,1,0,0,40,0,1
xss-unescaped,CWE-79,1,0,1,0,0,9,3,289,2.94,1,0,0,8,1,35,0,1
path-traversal,CWE-22,1,0,0,0,0,11,18,24,4.15,1,1,0,4,0,23,1,1
ssrf-request,CWE-918,1,0,0,0,0,8,5,172,2.91,1,1,0,7,0,0,0,1
path-traversal,CWE-22,1,0,0,0,0,12,7,299,1.74,1,0,0,1,1,17,0,1
xss-unescaped,CWE-79,0,0,1,0,1,11,18,372,3.79,0,0,0,5,0,27,0,0
xss-unescaped,CWE-79,0,1,0,0,0,5,12,390,4.13,1,0,0,2,1,49,0,0
hardcoded-secret,CWE-798,0,1,1,0,0,3,20,294,4.02,1,0,1,7,0,43,1,0
xss-unescaped,CWE-79,0,0,1,0,0,1,6,260,4.05,1,1,0,5,1,7,0,0
insecure-deserialize,CWE-502,0,0,0,0,0,1,25,21,4.12,1,0,1,10,1,32,1,0
insecure-deserialize,CWE-502,0,1,0,0,0,6,30,298,3.05,0,1,0,1,0,1,1,0
sqli-concat,CWE-89,1,0,0,0,0,20,16,53,2.93,1,0,0,7,0,24,1,1
hardcoded-secret,CWE-798,1,0,1,0,1,15,13,140,3.7,0,0,1,5,1,29,0,0
insecure-deserialize,CWE-502,1,0,0,0,0,20,3,204,3.37,0,1,0,10,0,33,1,0
sqli-concat,CWE-89,1,0,1,0,0,7,11,58,3.74,0,0,0,6,0,33,1,0
ssrf-request,CWE-918,1,0,0,0,0,16,11,305,3.86,1,1,0,3,0,38,1,0
xss-unescaped,CWE-79,0,1,1,0,0,3,25,286,3.6,1,0,0,1,0,4,0,1
hardcoded-secret,CWE-798,0,1,0,0,0,14,10,128,1.78,1,0,0,1,1,25,1,0
xss-unescaped,CWE-79,0,0,0,0,0,1,19,295,2.84,1,1,0,0,0,38,1,1
path-traversal,CWE-22,0,0,0,1,0,8,12,147,4.18,1,1,0,7,1,45,0,0
ssrf-request,CWE-918,1,0,0,1,0,13,10,268,3.36,0,1,0,2,0,23,0,0
xss-unescaped,CWE-79,0,0,0,0,0,2,6,131,3.24,0,1,0,7,0,13,0,0
sqli-concat,CWE-89,1,0,0,0,0,19,26,223,1.97,1,0,0,6,1,45,0,1
insecure-deserialize,CWE-502,1,0,1,0,0,7,26,345,3.96,1,0,0,4,1,34,1,1
ssrf-request,CWE-918,0,0,0,0,0,18,6,297,2.04,0,1,1,1,0,6,0,0
path-traversal,CWE-22,1,0,1,0,0,11,25,318,4.2,0,0,0,4,0,12,1,0
sqli-concat,CWE-89,0,1,0,0,0,8,7,351,2.79,0,1,0,6,1,41,1,0
sqli-concat,CWE-89,1,0,0,0,0,11,13,98,2.63,1,1,1,1,0,29,1,1
hardcoded-secret,CWE-798,0,0,0,0,0,2,24,344,1.91,0,0,1,10,0,46,1,0
sqli-concat,CWE-89,0,1,1,0,0,4,28,326,4.46,1,1,0,5,0,42,0,0
insecure-deserialize,CWE-502,0,1,1,0,1,6,24,154,2.13,1,0,1,5,0,41,1,0
insecure-deserialize,CWE-502,0,0,1,0,0,12,23,295,2.64,1,0,0,10,0,19,0,0
insecure-deserialize,CWE-502,0,1,0,1,0,16,12,373,4.35,0,1,0,2,0,5,0,0
sqli-concat,CWE-89,0,0,0,0,1,10,8,380,1.88,0,1,0,0,1,7,1,0
sqli-concat,CWE-89,1,0,1,0,1,10,4,68,3.63,1,0,0,8,0,5,1,0
hardcoded-secret,CWE-798,0,0,0,0,0,18,8,360,1.81,1,0,0,5,1,38,0,1
ssrf-request,CWE-918,0,0,0,0,0,8,6,161,1.69,0,0,0,8,1,35,1,0
hardcoded-secret,CWE-798,0,1,0,0,0,19,29,173,2.47,1,0,1,9,1,48,1,0
xss-unescaped,CWE-79,0,0,1,0,0,1,15,245,3.07,1,1,0,0,0,6,0,0
hardcoded-secret,CWE-798,0,0,1,0,0,8,19,252,3.49,0,0,0,4,0,6,0,0
hardcoded-secret,CWE-798,1,0,1,0,0,18,21,242,3.88,1,0,0,3,0,25,0,1
hardcoded-secret,CWE-798,1,0,1,0,0,6,11,161,4.18,0,1,1,1,0,6,1,0
ssrf-request,CWE-918,1,0,0,0,0,6,14,127,2.63,1,1,0,5,0,13,1,1
xss-unescaped,CWE-79,1,0,0,0,0,19,19,291,4.27,1,1,0,0,0,42,1,1
hardcoded-secret,CWE-798,1,0,1,1,0,5,17,224,3.16,1,0,0,4,0,41,1,0
sqli-concat,CWE-89,0,1,0,0,0,17,8,141,2.62,1,1,0,4,0,35,1,0
sqli-concat,CWE-89,1,0,1,0,0,20,22,186,4.07,0,1,0,9,0,23,0,0
xss-unescaped,CWE-79,0,1,0,0,0,4,16,262,3.44,1,1,0,6,1,33,1,0
ssrf-request,CWE-918,0,0,1,0,0,18,11,247,1.68,1,0,0,9,0,46,0,0
path-traversal,CWE-22,1,0,0,1,0,20,21,38,1.89,1,1,1,2,0,26,0,0
xss-unescaped,CWE-79,1,0,1,0,1,15,20,380,2.61,0,1,1,7,0,18,0,0
sqli-concat,CWE-89,1,0,0,0,0,8,12,333,2.74,0,0,1,3,1,28,1,0
sqli-concat,CWE-89,1,0,0,1,0,16,29,59,2.25,1,0,0,0,0,49,0,1
sqli-concat,CWE-89,1,0,0,0,0,17,26,261,1.66,0,0,0,0,1,46,1,1
xss-unescaped,CWE-79,1,0,0,1,1,8,29,112,2.69,1,1,0,0,0,42,0,0
path-traversal,CWE-22,0,0,0,0,0,11,26,392,3.81,1,0,0,3,0,26,0,1
ssrf-request,CWE-918,0,1,0,0,1,1,23,162,3.27,1,0,0,0,0,31,0,1
sqli-concat,CWE-89,0,0,0,0,0,11,18,35,3.25,0,1,0,6,0,20,1,0
ssrf-request,CWE-918,0,1,0,0,0,1,7,292,3.13,0,1,0,1,0,20,0,0
hardcoded-secret,CWE-798,1,0,0,0,0,12,6,355,1.82,0,0,1,4,0,29,0,1
ssrf-request,CWE-918,0,0,0,0,0,4,2,74,1.74,0,1,0,0,0,18,0,0
insecure-deserialize,CWE-502,1,0,1,0,0,13,24,115,1.75,1,1,1,7,0,29,1,0
sqli-concat,CWE-89,1,0,1,0,0,8,17,243,2.73,0,0,1,8,0,20,0,1
ssrf-request,CWE-918,0,1,0,0,1,6,9,145,3.18,0,0,0,0,0,44,1,0
path-traversal,CWE-22,0,1,0,0,0,20,20,260,2.72,0,1,0,2,0,8,0,0
hardcoded-secret,CWE-798,1,0,0,0,0,19,21,241,3.6,0,0,0,2,0,29,1,1
sqli-concat,CWE-89,1,0,1,0,0,6,2,251,2.24,1,1,1,0,0,41,0,0
ssrf-request,CWE-918,1,0,1,0,0,4,7,343,1.71,1,1,1,7,1,44,0,1
insecure-deserialize,CWE-502,1,0,0,0,0,8,26,29,3.5,1,0,1,3,1,37,1,1
insecure-deserialize,CWE-502,1,0,1,0,0,17,9,199,2.88,0,1,0,0,0,7,0,0
insecure-deserialize,CWE-502,1,0,1,0,0,18,27,246,3.81,1,0,0,7,1,44,0,1
sqli-concat,CWE-89,0,0,1,0,0,2,9,260,3.67,0,0,0,8,1,6,0,0
ssrf-request,CWE-918,0,1,0,0,0,20,18,79,3.17,0,0,1,10,0,3,0,0
insecure-deserialize,CWE-502,1,0,1,0,0,20,27,129,4.16,1,0,1,2,0,16,1,1
path-traversal,CWE-22,0,1,1,0,0,16,3,150,3.82,1,1,0,3,0,31,0,0
path-traversal,CWE-22,0,0,0,0,0,11,14,311,4.09,1,0,0,6,1,38,1,0
path-traversal,CWE-22,0,1,0,1,0,13,26,232,3.43,0,1,0,9,0,0,0,0
xss-unescaped,CWE-79,0,0,0,0,0,4,30,189,2.96,1,0,0,1,1,41,0,1
ssrf-request,CWE-918,1,0,1,0,0,6,19,278,3.61,0,0,0,7,0,42,1,1
sqli-concat,CWE-89,0,1,1,1,0,17,21,269,3.15,0,0,0,3,1,11,0,0
xss-unescaped,CWE-79,1,0,0,1,0,8,20,232,2.45,1,0,0,7,1,26,1,0
insecure-deserialize,CWE-502,1,0,0,0,0,3,14,294,4.12,0,0,1,6,0,17,0,1
ssrf-request,CWE-918,1,0,1,1,1,17,19,137,3.93,1,1,1,0,0,0,1,0
path-traversal,CWE-22,0,1,0,1,0,3,19,128,3.37,0,1,1,3,1,19,0,0
ssrf-request,CWE-918,0,1,0,0,0,14,16,200,2.2,1,1,0,5,0,27,0,0
sqli-concat,CWE-89,0,0,1,0,0,13,1,93,1.53,1,0,1,1,0,6,1,0
hardcoded-secret,CWE-798,1,0,0,0,0,3,24,96,3.1,0,0,1,9,1,3,1,1
ssrf-request,CWE-918,0,1,0,0,0,9,22,352,3.33,0,0,0,0,0,15,0,0
hardcoded-secret,CWE-798,0,0,0,0,0,19,24,45,3.58,0,1,0,0,0,41,0,0
ssrf-request,CWE-918,1,0,0,0,0,6,12,362,4.17,0,0,0,6,0,20,1,1
hardcoded-secret,CWE-798,0,0,1,0,0,14,2,177,1.81,0,1,1,4,0,27,0,0
sqli-concat,CWE-89,1,0,1,0,0,13,30,382,2.77,1,1,0,10,1,30,1,0
sqli-concat,CWE-89,0,0,1,0,0,9,10,210,1.97,0,1,0,1,0,47,0,0
hardcoded-secret,CWE-798,0,1,1,0,0,4,20,91,3.27,1,1,0,6,0,6,0,0
sqli-concat,CWE-89,0,1,1,0,0,19,6,348,1.81,0,1,0,10,0,7,1,0
path-traversal,CWE-22,0,1,0,0,0,16,12,92,2.17,1,0,1,0,0,50,1,0
ssrf-request,CWE-918,1,0,1,0,0,8,22,197,4.21,1,1,0,2,1,43,0,1
path-traversal,CWE-22,0,1,0,0,0,11,8,128,4.13,1,0,0,3,1,46,1,0
xss-unescaped,CWE-79,0,1,0,0,0,7,14,186,4.17,0,0,0,2,0,38,0,0
path-traversal,CWE-22,0,1,1,0,0,3,2,369,1.53,0,0,0,2,0,37,0,0
path-traversal,CWE-22,0,1,1,0,0,20,28,110,3.86,0,1,0,2,0,32,0,0
xss-unescaped,CWE-79,0,1,1,0,0,3,16,57,3.92,0,0,0,1,1,30,1,0
hardcoded-secret,CWE-798,0,1,1,1,0,3,29,236,2.35,1,0,0,5,0,7,1,0
xss-unescaped,CWE-79,1,0,0,0,0,4,18,68,3.68,1,1,1,5,0,0,0,1
insecure-deserialize,CWE-502,0,1,1,0,0,15,7,331,2.52,0,0,1,8,0,10,1,0
insecure-deserialize,CWE-502,1,0,1,1,0,2,4,223,3.8,1,0,0,7,0,22,1,0
sqli-concat,CWE-89,0,1,1,0,1,6,18,246,2.07,1,1,1,1,0,43,0,0
sqli-concat,CWE-89,0,0,0,0,0,17,11,321,3.65,0,0,1,10,0,20,0,0
xss-unescaped,CWE-79,1,0,1,0,0,19,25,321,4.08,0,0,0,5,0,17,0,0
xss-unescaped,CWE-79,1,0,1,0,0,8,12,271,3.05,0,0,0,4,0,5,1,0
ssrf-request,CWE-918,1,0,1,1,1,20,17,391,3.32,0,1,1,5,1,45,0,0
path-traversal,CWE-22,0,1,0,0,0,20,6,382,1.98,1,0,0,6,0,49,1,0
hardcoded-secret,CWE-798,0,0,0,0,0,16,2,132,3.87,1,0,0,4,0,12,0,1
hardcoded-secret,CWE-798,1,0,0,0,0,15,24,49,3.89,1,1,0,3,0,12,1,1
sqli-concat,CWE-89,0,1,1,1,0,19,24,299,1.75,1,1,0,8,1,15,0,0
ssrf-request,CWE-918,0,1,1,0,0,16,2,72,2.87,0,1,0,3,0,34,0,0
xss-unescaped,CWE-79,1,0,1,0,0,2,29,253,3.34,1,1,0,1,1,11,0,1
sqli-concat,CWE-89,0,1,0,0,1,5,29,312,3.02,1,0,0,5,1,40,0,0
hardcoded-secret,CWE-798,1,0,1,1,0,15,5,279,1.8,0,1,1,7,0,28,0,0
insecure-deserialize,CWE-502,1,0,1,0,0,7,29,116,1.85,1,1,0,8,0,26,0,1
path-traversal,CWE-22,0,1,0,0,0,3,10,159,3.72,1,1,0,3,0,11,1,0
path-traversal,CWE-22,1,0,0,0,1,3,25,219,1.56,0,0,0,6,0,20,0,1
sqli-concat,CWE-89,0,0,0,0,0,9,9,329,2.91,0,1,1,2,1,48,0,0
insecure-deserialize,CWE-502,0,1,0,1,0,3,9,144,4.1,1,1,0,0,1,6,0,0
xss-unescaped,CWE-79,1,0,0,1,1,2,1,59,3.31,0,0,0,2,0,44,0,0
sqli-concat,CWE-89,0,1,1,0,0,12,13,334,1.77,1,1,0,6,0,10,0,0
sqli-concat,CWE-89,1,0,0,0,0,18,3,214,2.03,0,0,0,1,1,18,1,1
xss-unescaped,CWE-79,1,0,0,0,0,10,8,241,2.8,0,1,0,2,0,33,0,0
xss-unescaped,CWE-79,0,0,1,0,0,20,12,42,1.55,0,0,0,9,1,6,1,0
ssrf-request,CWE-918,0,0,1,1,0,7,3,109,3.87,0,0,1,4,1,22,0,0
path-traversal,CWE-22,0,1,1,0,1,17,13,117,3.3,1,1,0,5,0,7,0,0
sqli-concat,CWE-89,0,0,0,0,0,16,23,390,3.72,0,1,0,3,1,15,1,0
xss-unescaped,CWE-79,1,0,1,0,0,3,15,61,3.48,1,1,0,7,0,17,0,1
xss-unescaped,CWE-79,1,0,1,0,0,9,28,281,3.8,0,0,0,7,1,22,1,0
insecure-deserialize,CWE-502,0,1,0,0,0,5,11,80,4.25,0,1,1,6,1,41,0,0
path-traversal,CWE-22,1,0,0,0,0,9,16,256,2.84,1,0,1,4,0,22,0,1
ssrf-request,CWE-918,1,0,1,0,1,13,9,250,3.69,0,1,0,7,0,8,1,0
sqli-concat,CWE-89,1,0,0,0,0,11,6,279,3.29,1,1,0,5,1,10,0,1
path-traversal,CWE-22,0,0,1,0,0,15,20,79,1.59,1,1,1,9,1,30,0,0
insecure-deserialize,CWE-502,0,0,1,0,0,18,6,128,1.59,0,0,0,9,0,28,0,1
hardcoded-secret,CWE-798,0,0,0,0,0,14,9,218,2.69,1,1,0,2,0,46,0,0
hardcoded-secret,CWE-798,1,0,1,0,0,4,12,374,3.79,1,0,0,4,1,14,1,1
hardcoded-secret,CWE-798,0,0,1,0,0,8,8,376,4.37,1,1,0,7,1,9,1,0
insecure-deserialize,CWE-502,0,1,1,0,0,12,18,190,3.21,0,1,0,0,0,0,1,0
path-traversal,CWE-22,0,0,1,0,0,19,17,398,3.03,0,1,1,7,0,18,1,0
xss-unescaped,CWE-79,0,0,1,0,0,18,5,148,4.14,1,1,1,4,0,35,1,0
hardcoded-secret,CWE-798,1,0,0,0,0,15,22,282,3.88,1,1,1,9,1,18,1,0
ssrf-request,CWE-918,0,1,1,0,1,4,29,41,2.81,0,1,0,6,0,6,0,0
ssrf-request,CWE-918,0,0,1,1,0,3,1,287,4.39,0,1,0,9,0,43,1,0
xss-unescaped,CWE-79,0,1,1,0,0,20,12,108,4.35,0,1,1,0,0,14,0,0
path-traversal,CWE-22,0,1,0,0,0,10,30,225,2.69,0,1,1,5,0,50,0,0
hardcoded-secret,CWE-798,0,1,0,0,0,7,20,193,3.3,0,0,1,5,1,37,1,0
hardcoded-secret,CWE-798,0,0,1,0,0,15,2,256,2.92,1,0,0,6,1,45,0,0
xss-unescaped,CWE-79,1,0,0,0,0,3,19,244,3.53,1,0,0,4,0,47,0,1
ssrf-request,CWE-918,1,0,0,0,0,12,16,173,2.92,1,1,1,0,0,2,0,1
insecure-deserialize,CWE-502,1,0,0,0,0,6,16,388,2.87,0,1,1,2,0,14,0,0
insecure-deserialize,CWE-502,1,0,1,0,0,18,23,53,3.87,1,1,0,0,1,27,0,1
hardcoded-secret,CWE-798,0,0,1,0,0,15,8,306,2.38,1,0,0,2,0,50,1,0
hardcoded-secret,CWE-798,0,0,1,0,0,4,28,138,3.2,0,0,1,8,1,23,0,0
insecure-deserialize,CWE-502,1,0,0,0,0,5,26,287,1.85,0,1,0,10,0,42,0,1
xss-unescaped,CWE-79,0,1,0,0,0,9,13,21,3.6,1,0,0,1,0,29,1,0
hardcoded-secret,CWE-798,0,1,0,0,0,1,11,23,2.99,0,1,0,2,1,36,1,0
path-traversal,CWE-22,1,0,0,0,0,14,8,83,3.69,1,0,0,8,1,33,0,1
insecure-deserialize,CWE-502,0,0,0,1,0,5,6,140,3.04,1,0,1,2,0,48,1,0
xss-unescaped,CWE-79,1,0,1,0,0,13,27,92,2.8,1,0,0,7,1,3,1,0
insecure-deserialize,CWE-502,0,1,0,0,0,3,16,151,1.86,0,1,0,0,1,48,1,0
ssrf-request,CWE-918,0,0,0,0,0,19,16,75,2.76,1,1,0,8,0,9,0,1
hardcoded-secret,CWE-798,1,0,1,0,0,1,18,304,2.76,1,0,0,2,0,32,1,1
sqli-concat,CWE-89,1,0,0,0,0,2,21,366,3.33,0,0,1,4,0,3,0,1
sqli-concat,CWE-89,1,0,0,0,0,20,4,113,3.4,1,1,0,8,0,10,0,1
insecure-deserialize,CWE-502,0,0,0,0,0,7,20,398,3.17,0,0,0,7,0,11,0,1
sqli-concat,CWE-89,1,0,1,0,0,16,8,139,4.29,0,1,0,2,0,15,0,0
insecure-deserialize,CWE-502,0,0,0,0,0,1,21,326,3.13,1,0,0,10,0,15,1,1
hardcoded-secret,CWE-798,1,0,1,0,0,7,9,153,3.96,1,1,0,8,0,50,0,1
ssrf-request,CWE-918,0,0,0,0,0,17,5,238,3.45,1,1,0,10,0,14,1,0
sqli-concat,CWE-89,1,0,1,0,0,8,8,309,2.85,0,1,0,8,0,21,1,0
insecure-deserialize,CWE-502,1,0,0,0,0,5,7,171,1.73,1,0,1,4,0,44,1,1
sqli-concat,CWE-89,1,0,0,0,0,15,25,272,3.59,0,0,0,5,0,2,0,1
hardcoded-secret,CWE-798,1,0,1,0,0,7,16,114,4.4,0,0,1,5,0,2,0,1
insecure-deserialize,CWE-502,1,0,0,0,0,14,21,70,2.18,0,1,0,10,1,8,0,0
insecure-deserialize,CWE-502,0,1,1,0,0,16,29,69,2.64,1,0,0,6,0,20,0,1
ssrf-request,CWE-918,0,1,0,0,1,13,16,327,2.37,0,0,0,7,1,40,1,0
path-traversal,CWE-22,1,0,0,0,0,8,8,397,3.22,0,0,0,8,0,30,1,1
xss-unescaped,CWE-79,1,0,1,0,0,12,22,149,2.61,1,0,0,6,0,49,1,1
xss-unescaped,CWE-79,1,0,0,0,0,19,12,63,2.95,0,1,0,1,0,47,1,1
path-traversal,CWE-22,0,0,1,0,0,4,14,297,2.12,0,1,0,9,0,10,1,0
ssrf-request,CWE-918,1,0,0,0,1,7,6,35,3.56,0,0,0,3,0,15,0,0
path-traversal,CWE-22,0,0,0,0,1,8,4,240,4.27,0,1,1,3,0,34,0,0
xss-unescaped,CWE-79,1,0,1,0,0,3,18,360,4.0,1,1,1,10,0,8,1,1
xss-unescaped,CWE-79,0,1,1,0,0,14,1,70,2.18,1,0,0,10,0,0,1,0
sqli-concat,CWE-89,1,0,1,0,0,20,8,109,4.28,1,0,0,3,1,45,0,1
insecure-deserialize,CWE-502,0,1,0,0,0,12,3,392,4.23,0,1,0,8,1,22,1,0
insecure-deserialize,CWE-502,0,1,1,0,0,2,24,228,1.78,0,0,0,9,0,7,0,0
xss-unescaped,CWE-79,0,1,0,0,0,7,20,274,3.42,0,0,1,2,1,13,0,0
xss-unescaped,CWE-79,1,0,1,0,0,1,2,236,1.62,0,1,1,8,0,37,0,1
path-traversal,CWE-22,0,1,0,0,0,20,23,385,3.15,1,0,0,1,1,34,1,0
hardcoded-secret,CWE-798,0,0,1,0,0,12,13,206,1.88,0,0,0,6,0,21,0,0
hardcoded-secret,CWE-798,1,0,0,0,0,16,18,386,3.21,0,0,1,9,0,25,1,0
ssrf-request,CWE-918,0,0,0,0,1,15,23,75,3.95,0,0,1,5,1,6,1,0
hardcoded-secret,CWE-798,1,0,1,0,0,11,26,132,2.18,0,1,0,7,0,13,0,0
sqli-concat,CWE-89,0,1,0,0,0,15,25,125,4.18,1,1,1,1,0,48,0,0
sqli-concat,CWE-89,1,0,1,1,0,10,12,335,2.58,0,0,0,7,1,17,0,0
ssrf-request,CWE-918,1,0,0,0,0,17,22,120,4.38,0,0,0,8,1,1,0,1
path-traversal,CWE-22,0,0,0,0,0,18,22,139,2.93,0,1,0,3,0,14,0,0
xss-unescaped,CWE-79,1,0,0,0,0,2,10,330,4.45,0,0,0,5,0,44,0,1
xss-unescaped,CWE-79,0,1,0,0,0,5,15,265,1.93,1,0,0,1,0,31,0,0
xss-unescaped,CWE-79,0,1,1,1,0,5,29,298,2.63,0,0,1,6,1,7,1,0
ssrf-request,CWE-918,1,0,0,0,0,17,20,76,2.91,1,1,1,5,0,32,0,1
hardcoded-secret,CWE-798,0,0,0,0,0,18,5,337,1.76,0,1,0,7,0,48,1,0
hardcoded-secret,CWE-798,1,0,1,1,0,4,21,145,3.25,0,1,1,4,0,45,0,0
ssrf-request,CWE-918,1,0,1,0,0,9,12,279,4.22,0,0,1,10,0,42,1,0
xss-unescaped,CWE-79,1,0,0,1,0,8,6,271,3.54,0,0,0,3,0,42,1,0
path-traversal,CWE-22,1,0,0,1,0,10,22,178,3.26,0,0,0,3,0,6,1,0
hardcoded-secret,CWE-798,1,0,0,0,0,11,24,255,2.28,1,0,0,6,0,28,1,1
hardcoded-secret,CWE-798,1,0,1,1,0,9,13,306,1.88,0,1,0,4,0,50,1,0
ssrf-request,CWE-918,1,0,1,0,0,18,13,30,3.91,1,0,0,9,0,26,0,1
xss-unescaped,CWE-79,0,1,0,0,0,1,9,341,4.09,1,0,0,7,0,26,0,1
xss-unescaped,CWE-79,1,0,0,0,0,14,13,248,1.84,0,0,0,6,0,21,1,1
path-traversal,CWE-22,0,1,1,0,0,15,23,121,3.16,0,0,1,1,0,11,1,0
sqli-concat,CWE-89,1,0,1,1,0,16,27,56,3.34,1,1,0,2,0,23,1,0
ssrf-request,CWE-918,0,0,1,0,0,6,16,213,3.57,0,0,0,9,0,48,0,0
sqli-concat,CWE-89,0,0,1,0,0,15,17,372,4.14,1,1,0,8,1,23,0,0
path-traversal,CWE-22,1,0,0,0,0,5,12,187,2.28,1,0,0,0,1,21,0,1
ssrf-request,CWE-918,1,0,0,0,0,3,30,158,3.66,0,0,0,10,1,42,0,1
sqli-concat,CWE-89,0,0,1,0,1,18,1,89,3.48,1,1,0,2,0,14,0,0
sqli-concat,CWE-89,0,0,0,0,0,6,14,352,4.18,0,1,0,6,0,41,1,0
path-traversal,CWE-22,0,1,0,0,0,18,21,151,2.02,1,0,0,8,1,43,0,0
path-traversal,CWE-22,1,0,0,1,0,16,12,111,3.95,0,1,0,8,0,12,0,0
sqli-concat,CWE-89,1,0,0,0,0,8,23,374,4.34,1,1,0,9,0,14,1,1
path-traversal,CWE-22,0,0,0,0,1,12,6,273,3.5,1,1,0,6,0,38,0,0
ssrf-request,CWE-918,0,1,0,1,0,5,20,388,3.96,1,1,1,3,1,47,0,0
hardcoded-secret,CWE-798,1,0,0,0,0,4,2,211,3.78,1,1,0,8,0,13,1,1
sqli-concat,CWE-89,0,1,0,0,0,12,18,208,1.8,0,1,0,0,0,40,1,0
ssrf-request,CWE-918,0,1,1,0,0,2,20,195,4.29,1,0,0,9,1,43,1,0
path-traversal,CWE-22,1,0,1,0,0,6,10,138,4.38,1,0,0,3,0,27,1,1
insecure-deserialize,CWE-502,0,1,0,0,0,8,9,305,2.1,1,0,0,7,0,21,1,0
insecure-deserialize,CWE-502,1,0,1,0,0,3,25,379,4.35,1,0,1,0,0,49,0,1
ssrf-request,CWE-918,0,0,1,0,0,18,8,109,3.64,0,0,0,3,0,36,0,0
sqli-concat,CWE-89,1,0,1,0,1,16,18,336,3.76,1,1,0,1,0,21,1,0
ssrf-request,CWE-918,1,0,1,0,0,3,16,377,4.49,0,0,0,10,0,5,0,1
ssrf-request,CWE-918,0,0,0,0,0,15,28,278,2.36,1,1,0,7,1,34,0,0
xss-unescaped,CWE-79,0,1,0,0,0,5,21,261,4.46,1,1,0,9,0,28,0,0
sqli-concat,CWE-89,1,0,1,0,0,15,11,239,1.82,0,1,0,5,0,23,0,0
sqli-concat,CWE-89,0,0,1,0,0,12,9,33,1.68,0,1,0,8,0,5,0,0
ssrf-request,CWE-918,1,0,0,0,0,13,25,399,1.67,1,1,0,1,0,35,1,1
insecure-deserialize,CWE-502,1,0,0,0,0,14,25,293,3.79,0,0,0,5,0,50,0,1
insecure-deserialize,CWE-502,0,1,0,0,0,6,26,213,3.91,0,0,0,5,0,36,0,0
insecure-deserialize,CWE-502,0,1,0,1,0,2,19,22,1.72,0,0,1,6,0,0,0,0
insecure-deserialize,CWE-502,0,1,0,0,0,9,27,95,3.84,1,1,0,10,0,5,0,0
ssrf-request,CWE-918,0,0,0,0,0,9,8,148,2.88,0,0,0,3,0,5,0,0
ssrf-request,CWE-918,1,0,0,0,0,19,18,20,3.25,1,1,0,4,1,37,1,1
path-traversal,CWE-22,0,0,0,0,0,9,9,29,3.12,0,1,1,7,1,22,1,0
insecure-deserialize,CWE-502,1,0,1,0,0,16,20,149,1.92,0,0,1,9,0,18,1,0
hardcoded-secret,CWE-798,1,0,0,0,0,12,12,368,2.54,1,0,1,1,0,48,0,1
xss-unescaped,CWE-79,0,0,0,0,0,18,28,83,3.71,0,1,0,8,1,31,0,0
xss-unescaped,CWE-79,0,1,1,0,0,5,16,261,4.26,1,0,0,6,0,6,0,0
ssrf-request,CWE-918,0,1,0,0,0,16,18,236,4.4,1,0,1,4,0,42,1,0
hardcoded-secret,CWE-798,1,0,1,0,0,13,1,291,3.37,1,1,1,2,1,42,0,1
xss-unescaped,CWE-79,0,0,0,1,0,11,11,34,4.0,0,0,1,0,0,49,1,0
sqli-concat,CWE-89,1,0,0,0,0,18,10,95,2.79,1,1,0,6,0,35,1,1
hardcoded-secret,CWE-798,0,0,0,0,0,10,26,309,1.65,1,0,0,5,1,19,1,0
sqli-concat,CWE-89,1,0,0,0,0,14,8,320,3.96,0,0,0,6,0,17,1,1
xss-unescaped,CWE-79,0,0,1,0,1,11,2,263,3.75,1,0,0,9,0,38,0,0
path-traversal,CWE-22,1,0,0,0,0,4,10,128,1.68,0,0,0,6,0,26,0,1
insecure-deserialize,CWE-502,0,0,0,0,1,12,18,178,2.15,0,1,0,1,0,38,1,0
ssrf-request,CWE-918,0,1,1,0,0,14,10,117,2.98,0,1,0,4,0,19,0,0
path-traversal,CWE-22,1,0,1,0,0,3,10,214,3.63,1,1,1,5,0,32,1,0
ssrf-request,CWE-918,0,0,1,0,0,4,7,190,4.3,1,1,0,5,0,21,1,0
xss-unescaped,CWE-79,0,1,1,1,0,1,18,380,3.62,0,0,0,1,0,17,0,0
hardcoded-secret,CWE-798,1,0,0,0,0,6,19,230,3.1,0,0,0,8,1,16,0,0
path-traversal,CWE-22,1,0,1,0,0,15,15,94,3.95,0,0,1,2,0,39,0,0
path-traversal,CWE-22,0,0,0,0,0,3,4,306,3.55,0,0,0,2,0,21,1,0
xss-unescaped,CWE-79,1,0,0,0,0,15,14,363,2.35,1,1,0,5,0,13,0,1
sqli-concat,CWE-89,1,0,1,0,0,18,24,244,3.93,0,0,0,1,0,17,0,1
xss-unescaped,CWE-79,0,1,1,1,0,2,17,76,4.41,1,0,0,1,0,10,1,0
sqli-concat,CWE-89,1,0,0,0,0,7,3,383,3.07,1,0,0,5,1,9,0,1
ssrf-request,CWE-918,1,0,0,0,0,1,7,124,2.8,0,1,0,9,1,28,0,0
ssrf-request,CWE-918,1,0,1,0,0,4,21,285,3.13,1,0,0,5,1,23,1,1
xss-unescaped,CWE-79,1,0,0,1,0,6,18,34,3.26,0,1,0,0,0,33,1,0
xss-unescaped,CWE-79,1,0,1,0,0,2,25,259,4.29,0,1,0,6,0,12,0,1
ssrf-request,CWE-918,0,0,0,0,0,2,21,377,2.29,0,1,0,8,0,36,0,1
insecure-deserialize,CWE-502,0,1,1,0,0,6,19,155,4.09,0,0,0,9,0,7,1,0
xss-unescaped,CWE-79,1,0,1,0,0,20,5,283,2.01,0,0,1,4,0,33,0,1
path-traversal,CWE-22,0,1,1,0,0,2,29,273,4.09,0,1,0,4,0,4,0,0
insecure-deserialize,CWE-502,0,1,0,0,0,13,1,367,2.8,1,0,0,6,0,41,1,0
xss-unescaped,CWE-79,0,0,0,0,0,3,1,185,4.23,0,0,0,6,0,49,1,1
hardcoded-secret,CWE-798,0,1,1,0,0,13,21,188,4.08,1,0,0,0,0,44,0,1
ssrf-request,CWE-918,0,1,1,0,0,6,20,374,3.23,0,1,0,4,0,26,0,0
sqli-concat,CWE-89,0,0,0,0,0,10,17,380,2.11,0,1,1,6,0,25,0,0
xss-unescaped,CWE-79,1,0,1,0,0,12,11,70,2.9,1,1,0,5,0,27,1,0
insecure-deserialize,CWE-502,1,0,0,0,0,5,6,364,3.12,0,0,0,3,1,12,0,0
xss-unescaped,CWE-79,0,0,1,0,0,6,16,80,3.76,0,0,0,10,1,6,1,0
ssrf-request,CWE-918,0,1,0,1,0,20,12,347,3.72,1,1,1,0,0,33,1,0
path-traversal,CWE-22,1,0,1,1,0,13,16,205,3.82,1,1,0,3,0,23,0,0
path-traversal,CWE-22,1,0,1,0,0,13,7,383,2.52,1,0,0,5,0,6,1,1
xss-unescaped,CWE-79,1,0,0,1,0,8,19,198,2.25,0,0,1,4,0,9,0,0
path-traversal,CWE-22,1,0,0,1,0,6,4,56,2.04,0,1,0,4,0,9,1,0
path-traversal,CWE-22,0,0,0,0,0,7,24,30,4.41,0,0,0,8,0,1,0,1
insecure-deserialize,CWE-502,0,1,1,0,0,3,17,347,3.25,1,1,1,9,0,5,0,0
xss-unescaped,CWE-79,1,0,1,0,0,20,5,375,3.08,0,1,0,0,0,14,1,0
ssrf-request,CWE-918,0,1,0,0,0,19,4,286,1.59,0,0,1,9,0,1,1,0
sqli-concat,CWE-89,1,0,1,0,0,14,14,31,2.78,0,1,0,5,0,29,1,0
sqli-concat,CWE-89,1,0,1,0,0,7,22,22,2.64,1,0,1,9,0,43,1,1
ssrf-request,CWE-918,1,0,0,0,0,12,29,202,2.05,0,1,0,5,0,9,1,0
ssrf-request,CWE-918,0,0,1,1,0,2,20,344,2.99,1,0,0,6,0,32,0,0
hardcoded-secret,CWE-798,0,0,1,0,0,2,2,168,2.71,1,1,0,6,1,26,0,1
path-traversal,CWE-22,1,0,1,0,1,8,20,341,1.79,0,1,1,6,0,25,1,0
ssrf-request,CWE-918,0,1,1,0,0,20,11,152,2.53,1,0,0,3,1,5,1,0
sqli-concat,CWE-89,0,0,1,0,0,18,15,156,3.23,1,0,0,7,0,6,1,0
sqli-concat,CWE-89,0,0,1,0,0,9,2,214,4.29,0,1,0,6,1,28,1,0
ssrf-request,CWE-918,1,0,0,0,0,11,11,269,1.56,0,0,0,0,0,26,1,0
path-traversal,CWE-22,0,1,0,0,0,18,25,110,3.35,0,1,0,8,0,42,0,0
hardcoded-secret,CWE-798,1,0,0,0,0,15,8,366,1.6,0,0,0,9,0,31,0,0
hardcoded-secret,CWE-798,1,0,0,0,0,8,5,361,2.75,1,0,0,2,0,12,1,1
ssrf-request,CWE-918,0,1,1,0,0,16,2,380,2.76,0,0,0,5,0,13,0,0
ssrf-request,CWE-918,0,0,1,1,0,3,10,240,2.05,0,1,1,1,1,48,1,0
ssrf-request,CWE-918,1,0,1,0,0,8,19,27,3.94,0,1,0,6,0,11,1,0
sqli-concat,CWE-89,0,1,1,0,0,12,16,129,3.66,1,0,0,7,0,4,1,0
xss-unescaped,CWE-79,1,0,0,0,0,19,17,106,3.39,0,1,1,3,0,17,1,0
insecure-deserialize,CWE-502,1,0,1,0,0,12,15,227,4.11,0,1,0,7,0,43,1,0
hardcoded-secret,CWE-798,0,1,0,1,0,12,30,280,3.28,0,0,0,1,0,50,1,0
path-traversal,CWE-22,1,0,1,0,0,17,27,169,2.53,0,1,0,2,1,5,1,0
hardcoded-secret,CWE-798,1,0,0,0,0,10,16,192,3.5,1,0,0,7,0,9,0,1
xss-unescaped,CWE-79,0,1,1,0,0,20,5,161,2.94,0,1,0,6,0,18,0,0
hardcoded-secret,CWE-798,0,1,0,1,0,1,14,335,3.76,1,1,0,8,1,19,0,0
sqli-concat,CWE-89,0,1,1,0,0,6,26,87,1.78,1,1,0,8,0,17,1,0
hardcoded-secret,CWE-798,0,1,1,0,0,18,10,334,1.97,1,1,0,5,1,29,0,0
path-traversal,CWE-22,1,0,0,0,0,5,27,183,2.9,1,1,0,2,0,36,1,1
ssrf-request,CWE-918,0,0,1,0,0,17,24,243,2.66,0,1,0,2,0,31,0,0
hardcoded-secret,CWE-798,0,1,0,1,0,15,18,234,4.12,1,0,0,4,0,29,0,0
path-traversal,CWE-22,1,0,1,0,0,15,12,56,2.11,0,0,1,0,1,7,0,1
sqli-concat,CWE-89,1,0,0,0,0,3,8,57,1.85,1,1,0,7,0,45,0,1
xss-unescaped,CWE-79,0,0,1,0,0,15,1,137,3.22,1,0,0,6,0,1,1,0
xss-unescaped,CWE-79,1,0,1,0,0,19,29,223,2.5,0,1,0,0,0,5,1,0
ssrf-request,CWE-918,0,1,1,0,0,5,18,199,3.5,0,0,0,0,0,48,0,0
hardcoded-secret,CWE-798,0,1,0,0,0,4,10,330,2.96,1,1,0,5,0,18,1,0
xss-unescaped,CWE-79,1,0,0,0,0,11,14,26,3.03,0,1,0,1,0,25,0,0
xss-unescaped,CWE-79,1,0,1,0,1,3,12,53,2.51,1,0,0,1,0,20,1,1
hardcoded-secret,CWE-798,0,0,0,0,1,18,7,225,2.07,1,0,1,5,0,19,1,0
hardcoded-secret,CWE-798,0,1,0,0,0,3,15,381,3.92,1,0,1,2,0,45,1,0
sqli-concat,CWE-89,1,0,1,0,0,16,4,268,2.53,1,0,0,7,0,35,0,1
sqli-concat,CWE-89,0,0,0,0,1,10,7,147,3.0,0,1,0,2,0,11,0,0
path-traversal,CWE-22,1,0,1,0,0,8,23,133,2.68,0,0,0,9,0,7,1,1
insecure-deserialize,CWE-502,1,0,1,0,0,4,12,261,1.82,1,0,0,2,0,28,0,1
path-traversal,CWE-22,1,0,1,0,0,11,19,212,1.76,0,0,0,9,0,45,1,1
path-traversal,CWE-22,1,0,1,0,0,17,12,64,2.06,1,0,0,7,0,39,0,1
sqli-concat,CWE-89,0,1,1,0,0,11,11,197,3.89,0,1,0,9,0,17,1,0
sqli-concat,CWE-89,0,0,0,0,0,15,2,106,2.65,1,1,0,3,0,12,0,1
sqli-concat,CWE-89,0,1,0,1,0,15,1,79,4.29,0,1,0,3,0,25,0,0
sqli-concat,CWE-89,0,0,0,0,0,14,5,99,2.73,0,1,0,9,1,35,1,0
sqli-concat,CWE-89,1,0,1,0,0,13,29,269,4.44,1,0,0,9,0,50,0,1
path-traversal,CWE-22,0,0,0,0,0,14,22,378,3.15,0,1,0,6,0,45,1,0
path-traversal,CWE-22,0,0,0,0,0,11,1,351,4.05,0,1,0,2,0,39,1,0
path-traversal,CWE-22,1,0,1,0,0,11,22,278,4.47,1,0,0,10,0,27,0,1
hardcoded-secret,CWE-798,0,1,1,0,0,7,14,323,3.61,0,1,1,5,0,14,0,0
hardcoded-secret,CWE-798,1,0,0,0,1,15,5,231,4.21,0,1,1,6,0,3,1,0
insecure-deserialize,CWE-502,1,0,0,0,0,19,17,360,4.32,0,1,0,2,1,47,0,1
insecure-deserialize,CWE-502,0,0,0,0,1,5,13,378,2.26,0,1,0,5,1,34,0,0
insecure-deserialize,CWE-502,1,0,0,0,0,20,19,54,4.4,1,0,1,2,1,9,0,1
path-traversal,CWE-22,1,0,0,0,0,14,9,294,3.45,1,0,1,5,0,13,1,1
insecure-deserialize,CWE-502,1,0,0,0,1,1,28,201,2.0,0,1,0,8,0,7,0,0
xss-unescaped,CWE-79,1,0,1,1,0,8,28,104,4.22,1,1,0,9,1,37,0,0
path-traversal,CWE-22,0,0,0,0,0,12,11,58,4.1,0,1,0,3,0,24,1,0
ssrf-request,CWE-918,0,1,0,0,0,1,16,327,4.31,0,1,0,5,0,9,0,0
ssrf-request,CWE-918,1,0,0,1,0,4,22,25,4.4,0,1,0,5,0,50,0,1
path-traversal,CWE-22,0,1,1,1,1,15,17,159,2.04,0,0,0,10,0,32,0,0
hardcoded-secret,CWE-798,0,1,1,1,0,6,1,361,3.81,0,1,1,9,0,30,0,0
hardcoded-secret,CWE-798,0,0,0,0,0,12,15,164,3.44,1,1,0,0,1,47,0,0
ssrf-request,CWE-918,0,1,0,0,0,11,17,26,2.35,0,0,0,9,1,28,1,0
hardcoded-secret,CWE-798,1,0,0,0,0,6,29,276,2.7,0,0,1,5,0,2,0,0
xss-unescaped,CWE-79,0,1,0,0,0,2,3,195,2.69,1,0,0,10,0,32,0,1
xss-unescaped,CWE-79,0,0,0,1,1,10,26,84,2.96,0,0,0,6,0,16,0,0
hardcoded-secret,CWE-798,0,1,0,1,0,4,1,300,2.39,1,1,0,2,0,19,1,0
hardcoded-secret,CWE-798,1,0,1,0,0,20,3,126,3.9,1,1,0,7,0,7,0,1
xss-unescaped,CWE-79,1,0,0,1,0,12,19,319,3.45,0,0,0,1,0,27,1,0
xss-unescaped,CWE-79,1,0,1,1,1,16,20,117,3.0,0,1,1,7,0,22,1,0
insecure-deserialize,CWE-502,0,1,0,1,0,13,10,241,2.64,0,1,0,0,0,24,1,0
xss-unescaped,CWE-79,0,0,1,1,0,5,19,396,3.55,1,0,0,4,0,38,0,0
path-traversal,CWE-22,1,0,1,1,0,1,1,332,2.12,1,0,0,6,0,26,1,0
ssrf-request,CWE-918,1,0,1,0,0,14,19,115,3.94,0,0,0,10,0,3,1,0
xss-unescaped,CWE-79,0,1,0,1,0,1,4,255,2.43,0,0,0,2,0,7,0,0
xss-unescaped,CWE-79,1,0,1,0,0,17,2,273,2.15,1,1,0,7,0,22,0,0
hardcoded-secret,CWE-798,0,1,1,1,0,14,1,210,2.28,0,1,0,5,0,38,1,0
insecure-deserialize,CWE-502,0,0,1,0,1,19,10,317,4.45,0,1,1,0,0,23,0,0
hardcoded-secret,CWE-798,1,0,1,0,0,15,8,61,2.89,1,0,0,6,0,10,0,1
ssrf-request,CWE-918,1,0,1,1,0,11,3,241,1.79,0,0,0,6,0,1,0,0
sqli-concat,CWE-89,1,0,0,0,1,1,5,132,2.65,0,0,0,10,1,22,1,0
ssrf-request,CWE-918,0,1,0,0,1,5,1,310,3.32,0,0,0,5,0,24,0,0
insecure-deserialize,CWE-502,0,0,1,0,0,7,6,296,3.56,0,1,0,10,1,16,0,0
ssrf-request,CWE-918,0,1,1,0,0,11,26,370,1.57,1,0,1,0,0,19,0,0
ssrf-request,CWE-918,0,0,0,0,0,10,7,204,1.57,0,0,1,3,1,34,0,0
sqli-concat,CWE-89,0,1,0,0,0,20,24,195,3.96,1,1,1,5,1,20,0,0
sqli-concat,CWE-89,0,1,1,0,0,20,18,62,3.0,0,1,0,4,0,23,0,0
sqli-concat,CWE-89,1,0,0,0,0,9,30,312,2.55,1,1,0,8,0,4,0,1
hardcoded-secret,CWE-798,1,0,0,0,0,10,1,189,2.02,1,0,0,1,1,15,0,1
sqli-concat,CWE-89,0,0,1,0,0,19,20,168,3.8,0,1,0,2,1,49,0,0
xss-unescaped,CWE-79,1,0,0,0,1,11,4,328,3.71,0,1,0,8,0,6,1,0
xss-unescaped,CWE-79,1,0,1,0,0,19,12,226,1.72,0,0,0,2,1,16,1,0
ssrf-request,CWE-918,0,0,1,0,0,18,7,264,3.51,1,0,0,2,1,17,1,0
sqli-concat,CWE-89,1,0,0,1,1,13,11,294,2.76,0,0,0,1,0,3,0,0
hardcoded-secret,CWE-798,1,0,1,0,0,8,10,275,2.46,0,1,0,9,0,12,1,0
sqli-concat,CWE-89,0,0,1,0,0,1,19,293,2.91,0,1,0,7,1,50,0,0
path-traversal,CWE-22,1,0,0,1,0,15,20,242,1.81,0,0,0,3,1,8,0,0
sqli-concat,CWE-89,0,1,0,0,0,3,29,83,2.92,1,1,0,7,0,12,0,1
ssrf-request,CWE-918,1,0,1,0,0,10,25,37,1.82,1,0,1,10,1,28,0,0
xss-unescaped,CWE-79,1,0,0,0,0,14,3,98,3.65,0,1,0,4,1,45,0,0
sqli-concat,CWE-89,0,1,1,0,0,4,6,217,2.54,1,1,0,3,0,50,0,0
hardcoded-secret,CWE-798,1,0,1,1,0,4,4,314,2.89,0,1,0,7,1,0,1,0
hardcoded-secret,CWE-798,1,0,0,1,0,20,28,171,3.24,1,0,0,0,0,6,0,1
ssrf-request,CWE-918,1,0,1,1,0,5,30,185,2.04,0,0,0,7,1,48,0,0
insecure-deserialize,CWE-502,1,0,1,0,0,7,26,274,3.61,1,0,0,4,0,14,0,1
insecure-deserialize,CWE-502,1,0,1,0,0,20,22,172,4.37,0,0,0,6,0,23,0,1
xss-unescaped,CWE-79,0,0,1,0,0,2,1,362,1.63,1,1,0,6,0,45,1,0
insecure-deserialize,CWE-502,0,1,1,0,0,19,4,370,1.73,0,0,0,5,1,15,0,0
path-traversal,CWE-22,0,0,0,0,0,20,17,285,2.48,1,1,0,3,0,46,1,1
hardcoded-secret,CWE-798,1,0,1,0,0,11,19,115,3.69,1,0,0,10,1,23,0,1
insecure-deserialize,CWE-502,1,0,1,0,0,20,28,247,3.06,0,0,0,9,0,43,0,1
ssrf-request,CWE-918,0,1,1,0,0,20,5,32,2.43,0,1,0,7,0,48,0,0
xss-unescaped,CWE-79,0,0,0,0,1,9,11,241,4.07,1,1,0,4,0,42,0,0
xss-unescaped,CWE-79,1,0,0,0,0,13,7,316,2.85,1,0,0,10,0,35,1,1
path-traversal,CWE-22,0,1,0,1,0,18,21,266,4.45,1,1,0,5,1,7,0,0
sqli-concat,CWE-89,0,0,0,0,1,4,9,328,1.72,1,1,0,7,0,45,0,0
xss-unescaped,CWE-79,0,0,0,1,0,18,9,152,4.14,1,1,0,7,1,41,1,0
path-traversal,CWE-22,1,0,0,0,0,3,25,184,2.59,0,0,1,10,0,14,1,1
hardcoded-secret,CWE-798,1,0,1,0,0,18,9,273,4.38,0,1,0,2,0,21,1,0
sqli-concat,CWE-89,0,0,0,0,0,8,6,262,2.01,0,1,0,10,1,7,0,0
hardcoded-secret,CWE-798,0,1,1,1,0,15,22,242,4.08,1,0,1,7,1,30,0,0
ssrf-request,CWE-918,1,0,0,0,0,15,14,162,1.53,0,1,1,7,1,15,1,0
sqli-concat,CWE-89,1,0,0,1,0,5,14,162,4.33,1,0,1,8,1,24,1,0
insecure-deserialize,CWE-502,1,0,0,0,0,20,28,106,4.4,1,0,0,2,1,35,0,1
ssrf-request,CWE-918,0,0,1,0,0,18,1,334,2.8,1,0,1,3,1,43,0,0
xss-unescaped,CWE-79,0,0,1,0,0,15,23,105,4.3,0,0,0,7,0,33,0,0
hardcoded-secret,CWE-798,0,1,0,0,0,8,28,152,3.77,0,0,0,3,0,47,1,0
ssrf-request,CWE-918,0,0,0,0,1,6,7,53,1.61,0,1,0,9,0,18,0,0
xss-unescaped,CWE-79,0,1,1,0,0,5,6,50,3.02,0,0,0,2,0,46,0,0
sqli-concat,CWE-89,0,1,1,0,0,11,21,141,2.71,1,1,0,6,0,10,1,0
hardcoded-secret,CWE-798,0,1,1,1,0,14,14,117,2.45,0,0,1,1,0,42,0,0
ssrf-request,CWE-918,0,0,1,0,0,4,3,318,1.87,0,0,1,3,1,10,0,0
sqli-concat,CWE-89,1,0,0,0,0,4,1,291,2.3,0,0,0,10,0,42,0,1
sqli-concat,CWE-89,0,1,1,0,0,12,10,164,3.98,1,1,1,1,0,6,1,0
insecure-deserialize,CWE-502,0,1,0,0,0,5,17,103,2.54,1,0,0,5,0,2,0,0
hardcoded-secret,CWE-798,1,0,0,0,0,20,18,361,4.18,1,1,0,4,0,41,0,1
path-traversal,CWE-22,0,1,0,0,0,20,7,398,3.94,0,1,1,10,1,32,0,0
hardcoded-secret,CWE-798,0,0,0,0,0,16,2,88,3.13,1,0,0,5,0,12,0,1
insecure-deserialize,CWE-502,1,0,1,0,0,9,20,181,4.2,0,1,0,4,1,34,0,0
ssrf-request,CWE-918,1,0,1,0,0,3,22,222,2.06,1,0,0,7,1,19,0,1
hardcoded-secret,CWE-798,1,0,0,0,0,6,4,72,3.54,0,0,0,2,0,23,0,1
sqli-concat,CWE-89,0,0,0,0,0,14,12,236,3.63,1,0,0,7,0,47,1,1
sqli-concat,CWE-89,0,1,1,0,0,15,6,264,1.7,1,1,0,8,0,28,1,0
ssrf-request,CWE-918,0,1,0,0,0,17,10,226,4.05,1,1,0,7,0,20,1,0
insecure-deserialize,CWE-502,0,0,1,0,0,14,24,181,3.0,1,1,0,6,1,6,0,0
hardcoded-secret,CWE-798,0,0,0,0,0,1,19,29,1.91,1,0,0,7,0,33,0,1
insecure-deserialize,CWE-502,1,0,0,0,0,10,22,22,3.21,0,1,0,4,0,24,1,0
ssrf-request,CWE-918,0,0,1,0,1,13,2,327,2.79,1,0,0,0,0,31,1,0
sqli-concat,CWE-89,1,0,1,0,0,12,7,309,2.11,0,1,0,7,0,23,1,0
xss-unescaped,CWE-79,0,0,0,0,0,15,17,246,2.42,1,1,0,2,1,47,1,0
xss-unescaped,CWE-79,1,0,1,1,0,20,8,384,3.11,1,0,0,0,0,14,1,0
xss-unescaped,CWE-79,1,0,1,0,0,20,12,196,3.37,1,1,0,6,0,14,1,1
insecure-deserialize,CWE-502,0,0,0,0,0,20,4,147,2.52,1,1,0,8,0,18,1,1
sqli-concat,CWE-89,1,0,0,0,0,17,12,181,2.58,1,1,0,4,0,29,0,1
ssrf-request,CWE-918,0,1,0,0,0,9,27,53,4.07,1,1,0,6,0,47,0,0
sqli-concat,CWE-89,1,0,1,0,0,17,22,313,4.29,0,0,0,4,0,42,1,0
xss-unescaped,CWE-79,0,0,1,0,0,14,6,98,2.75,1,0,0,1,1,2,0,0
path-traversal,CWE-22,0,1,0,0,0,1,12,109,3.8,0,0,0,0,0,13,0,0
sqli-concat,CWE-89,1,0,1,0,1,11,4,50,3.87,0,0,0,10,1,22,1,0
path-traversal,CWE-22,0,0,1,0,0,2,23,343,2.91,0,1,1,10,1,33,0,0
xss-unescaped,CWE-79,0,0,1,0,0,19,1,327,2.59,0,1,1,1,1,0,0,0
hardcoded-secret,CWE-798,1,0,1,0,0,19,18,187,3.2,0,1,0,10,0,46,1,0
sqli-concat,CWE-89,0,1,1,1,0,1,13,164,4.26,0,0,1,7,1,21,0,0
sqli-concat,CWE-89,1,0,1,0,0,6,15,251,1.84,1,0,0,8,0,20,0,1
xss-unescaped,CWE-79,1,0,0,0,0,14,7,130,2.71,0,0,1,6,0,49,0,1
hardcoded-secret,CWE-798,1,0,1,0,0,12,21,213,2.15,0,1,0,2,0,32,0,0
hardcoded-secret,CWE-798,0,1,1,0,0,17,9,263,4.15,0,0,0,0,0,50,0,0
path-traversal,CWE-22,0,0,1,1,0,6,7,41,4.02,1,1,0,1,1,11,0,0
insecure-deserialize,CWE-502,1,0,1,0,0,5,3,93,4.05,1,0,0,2,0,27,1,1
insecure-deserialize,CWE-502,0,0,1,0,0,7,21,80,2.03,1,0,0,6,1,46,1,0
path-traversal,CWE-22,0,1,0,0,0,11,14,319,2.74,1,1,0,2,0,21,0,0
hardcoded-secret,CWE-798,0,0,0,0,0,12,13,210,2.83,1,1,0,0,0,13,0,0
insecure-deserialize,CWE-502,1,0,0,0,0,17,23,223,2.33,0,0,1,5,0,12,1,1
path-traversal,CWE-22,1,0,1,1,0,16,3,175,1.88,1,0,0,1,0,17,0,0
path-traversal,CWE-22,1,0,0,0,0,12,30,356,2.1,0,1,0,8,0,6,1,1
insecure-deserialize,CWE-502,1,0,0,0,0,8,10,58,3.39,0,0,0,4,0,11,1,1
hardcoded-secret,CWE-798,0,0,0,0,0,3,28,239,1.56,1,1,0,5,0,11,0,0
ssrf-request,CWE-918,1,0,1,0,0,15,11,277,1.92,0,0,1,4,1,9,0,0
path-traversal,CWE-22,0,0,0,0,0,9,5,83,4.26,0,0,0,1,0,38,1,1
ssrf-request,CWE-918,1,0,0,0,0,18,10,167,2.55,1,1,0,10,0,40,0,1
insecure-deserialize,CWE-502,1,0,0,0,1,11,1,44,2.36,1,0,0,6,0,29,0,1
insecure-deserialize,CWE-502,1,0,0,0,0,10,20,112,3.65,0,1,0,0,0,0,1,0
path-traversal,CWE-22,0,1,1,0,0,9,11,353,3.95,1,0,0,0,0,30,0,0
hardcoded-secret,CWE-798,0,1,0,0,0,5,13,330,1.88,1,1,0,9,0,4,1,0
sqli-concat,CWE-89,0,1,1,0,0,13,7,71,1.99,1,0,1,5,1,29,0,0
path-traversal,CWE-22,1,0,1,0,0,9,14,331,4.18,0,0,0,10,1,9,1,0
sqli-concat,CWE-89,1,0,0,0,0,6,22,165,4.14,1,0,0,9,0,35,0,1
ssrf-request,CWE-918,0,1,1,0,0,2,29,98,3.74,1,0,0,1,0,38,1,0
sqli-concat,CWE-89,1,0,1,0,1,13,30,211,2.92,0,0,0,2,0,43,0,0
ssrf-request,CWE-918,0,0,0,0,0,11,25,302,3.55,0,0,0,7,0,21,0,1
path-traversal,CWE-22,1,0,0,0,0,20,22,324,2.95,1,0,0,10,0,6,1,1
path-traversal,CWE-22,0,0,0,0,0,20,9,39,4.25,1,0,0,7,1,9,0,0
path-traversal,CWE-22,1,0,1,0,0,17,28,356,1.56,0,0,0,4,1,50,0,1
ssrf-request,CWE-918,1,0,1,0,0,15,14,26,4.4,0,1,0,8,0,47,1,0
path-traversal,CWE-22,1,0,1,0,0,5,24,53,3.87,0,1,0,7,1,36,0,0
xss-unescaped,CWE-79,1,0,1,0,0,12,5,180,3.37,0,1,0,6,0,5,1,0
ssrf-request,CWE-918,0,0,1,0,1,17,3,386,2.57,1,0,1,4,0,2,0,0
xss-unescaped,CWE-79,0,0,1,0,0,10,9,212,2.84,1,1,1,1,0,31,1,0
ssrf-request,CWE-918,0,1,1,0,0,19,21,20,1.96,1,0,0,9,1,23,0,0
insecure-deserialize,CWE-502,0,0,0,0,0,16,26,250,3.7,0,0,0,5,0,2,0,0
path-traversal,CWE-22,1,0,0,0,0,4,15,178,3.48,1,1,1,9,1,40,0,0
path-traversal,CWE-22,1,0,0,0,0,9,25,296,1.85,1,0,0,2,0,49,0,1
xss-unescaped,CWE-79,0,0,1,0,1,2,20,261,2.57,1,0,0,3,0,2,1,0
insecure-deserialize,CWE-502,0,1,0,0,0,19,3,79,3.95,0,0,1,2,0,41,0,0
xss-unescaped,CWE-79,1,0,0,0,0,17,17,111,3.5,0,0,0,4,1,2,0,1
hardcoded-secret,CWE-798,1,0,1,0,0,18,14,295,3.33,0,0,0,2,0,31,0,0
insecure-deserialize,CWE-502,0,1,0,0,0,10,25,287,3.63,0,0,0,2,1,47,0,0
ssrf-request,CWE-918,0,1,1,0,0,1,7,232,3.21,0,1,0,0,0,10,1,0
sqli-concat,CWE-89,1,0,1,0,1,15,22,147,1.73,1,0,1,7,1,3,1,0
hardcoded-secret,CWE-798,1,0,0,0,0,1,7,252,2.38,0,0,0,10,1,49,1,0
path-traversal,CWE-22,0,0,1,0,0,20,25,130,3.91,0,0,1,7,0,10,1,0
hardcoded-secret,CWE-798,0,0,0,0,0,8,12,343,3.37,0,1,0,5,1,12,0,0
insecure-deserialize,CWE-502,0,1,1,0,0,13,8,364,1.67,1,0,0,2,1,0,0,0
sqli-concat,CWE-89,1,0,1,0,0,15,18,306,1.65,1,0,0,8,0,28,0,1
hardcoded-secret,CWE-798,0,0,0,0,0,16,25,38,2.25,0,1,1,7,0,28,1,0
hardcoded-secret,CWE-798,1,0,1,0,0,10,17,361,2.22,1,1,0,3,1,15,0,0
xss-unescaped,CWE-79,1,0,1,0,0,20,2,267,4.16,0,0,1,10,0,7,1,0
insecure-deserialize,CWE-502,1,0,1,0,0,9,24,156,3.49,0,1,1,6,1,25,0,0
sqli-concat,CWE-89,1,0,0,0,1,4,13,211,3.91,1,0,0,4,0,2,0,1
xss-unescaped,CWE-79,0,0,0,1,0,16,1,276,3.69,0,0,1,0,0,18,0,0
hardcoded-secret,CWE-798,1,0,1,1,0,4,15,258,1.57,1,1,0,2,0,16,1,0
sqli-concat,CWE-89,0,1,0,0,0,7,1,158,3.08,0,0,0,0,0,30,1,0
ssrf-request,CWE-918,0,1,0,1,0,18,16,150,3.68,1,1,1,2,0,28,0,0
insecure-deserialize,CWE-502,0,0,0,0,1,18,24,153,1.86,1,1,0,8,1,19,0,0
hardcoded-secret,CWE-798,0,0,0,0,0,12,18,291,3.13,1,0,0,0,1,42,1,1
path-traversal,CWE-22,1,0,1,0,0,18,10,370,1.58,0,0,0,2,0,0,0,1
insecure-deserialize,CWE-502,0,1,1,0,0,7,6,201,1.71,0,0,0,0,0,18,0,0
hardcoded-secret,CWE-798,0,0,0,0,0,4,9,392,1.83,0,1,0,1,0,3,1,0
xss-unescaped,CWE-79,0,0,0,0,0,2,14,142,2.26,1,0,0,0,1,47,1,1
ssrf-request,CWE-918,0,0,0,0,0,19,16,236,2.26,0,0,0,1,1,34,1,0
xss-unescaped,CWE-79,0,0,1,0,0,3,19,149,4.29,0,0,1,1,0,33,0,1
sqli-concat,CWE-89,1,0,0,1,0,14,7,346,4.33,0,1,1,1,0,9,0,0
hardcoded-secret,CWE-798,0,1,1,0,0,7,19,333,4.36,1,1,1,10,1,1,0,0
insecure-deserialize,CWE-502,0,1,0,0,0,11,28,236,4.01,0,1,0,8,1,11,1,0
xss-unescaped,CWE-79,1,0,0,0,0,17,28,375,2.87,0,1,0,3,0,5,1,1
xss-unescaped,CWE-79,1,0,1,0,1,17,22,244,1.81,0,0,0,7,0,46,1,0
ssrf-request,CWE-918,0,1,0,0,0,12,22,277,4.36,1,0,0,5,0,25,1,0
ssrf-request,CWE-918,1,0,1,0,0,16,12,218,1.9,0,1,1,4,0,38,0,0
xss-unescaped,CWE-79,0,0,1,0,0,16,22,333,2.86,1,0,0,7,0,39,1,1
xss-unescaped,CWE-79,1,0,0,0,0,6,5,397,1.57,1,0,0,4,0,9,0,1
path-traversal,CWE-22,0,1,1,0,0,16,20,107,2.97,1,1,0,7,0,41,1,0
path-traversal,CWE-22,0,0,0,0,0,3,10,237,2.99,0,0,0,5,0,34,0,0
hardcoded-secret,CWE-798,1,0,0,0,0,17,20,167,4.19,1,1,0,1,0,35,1,1
xss-unescaped,CWE-79,1,0,0,0,0,14,21,310,3.33,0,1,0,3,0,40,1,0
sqli-concat,CWE-89,1,0,1,0,0,7,19,62,3.12,1,0,0,5,0,20,1,1
path-traversal,CWE-22,0,1,0,1,0,14,9,348,3.33,1,0,0,4,0,39,1,0
sqli-concat,CWE-89,1,0,0,0,0,11,30,382,2.33,0,0,0,10,0,37,1,1
insecure-deserialize,CWE-502,1,0,0,0,0,17,10,308,4.1,0,1,0,10,0,11,0,0
sqli-concat,CWE-89,1,0,1,0,0,5,27,294,2.91,0,0,0,5,0,38,0,1
insecure-deserialize,CWE-502,0,0,1,0,0,8,6,348,2.1,1,0,0,10,0,6,0,0
path-traversal,CWE-22,1,0,1,0,0,9,7,334,3.86,0,1,0,1,1,17,1,0
hardcoded-secret,CWE-798,1,0,0,0,0,11,15,292,4.15,1,1,0,1,0,43,0,1
xss-unescaped,CWE-79,1,0,1,0,0,2,18,173,3.77,0,1,0,9,0,10,1,1
hardcoded-secret,CWE-798,1,0,1,0,0,2,16,51,3.26,1,0,0,8,1,47,1,1
path-traversal,CWE-22,0,1,1,0,0,12,18,30,3.91,1,0,0,1,0,38,1,0
ssrf-request,CWE-918,0,1,1,0,0,3,3,306,3.82,0,0,1,2,1,27,1,0
sqli-concat,CWE-89,1,0,0,0,0,20,17,345,3.41,1,0,0,2,0,6,0,1
xss-unescaped,CWE-79,1,0,1,0,0,3,7,221,3.62,0,1,0,7,0,11,0,1
insecure-deserialize,CWE-502,1,0,0,0,0,10,30,296,2.15,0,0,1,10,0,14,0,1
insecure-deserialize,CWE-502,1,0,0,0,0,17,25,142,3.02,0,0,0,8,0,26,0,1
path-traversal,CWE-22,1,0,0,0,0,2,24,119,2.69,1,0,0,0,1,43,1,1
path-traversal,CWE-22,1,0,0,1,0,16,23,199,2.04,0,0,0,0,0,29,1,0
ssrf-request,CWE-918,0,1,0,0,0,16,2,345,2.88,0,0,1,5,1,35,0,0
hardcoded-secret,CWE-798,1,0,0,0,0,11,9,228,2.9,0,0,0,2,1,37,0,1
hardcoded-secret,CWE-798,0,0,0,0,0,18,20,231,2.95,0,0,0,9,0,8,1,0
ssrf-request,CWE-918,1,0,1,0,1,11,7,87,4.05,1,0,0,6,1,32,0,0
path-traversal,CWE-22,0,0,0,1,0,14,16,240,3.94,0,1,0,1,1,36,1,0
insecure-deserialize,CWE-502,1,0,0,0,0,4,21,182,3.31,0,1,0,8,0,48,0,1
path-traversal,CWE-22,1,0,0,0,0,1,16,380,3.07,1,1,0,2,0,46,0,1
hardcoded-secret,CWE-798,1,0,1,1,0,18,17,240,2.15,0,1,0,10,1,45,1,0
insecure-deserialize,CWE-502,0,0,1,0,0,18,24,52,3.51,1,0,1,1,0,49,1,1
hardcoded-secret,CWE-798,1,0,0,0,0,14,30,287,3.04,0,1,0,1,0,42,0,1
path-traversal,CWE-22,0,0,1,0,0,10,17,198,1.82,0,1,0,5,0,27,1,0
path-traversal,CWE-22,0,1,0,1,0,13,30,335,3.67,0,0,0,1,0,5,1,0
sqli-concat,CWE-89,1,0,0,0,1,8,17,278,1.95,1,1,0,1,1,9,0,1
xss-unescaped,CWE-79,0,1,1,1,0,10,17,303,4.36,1,1,0,1,1,41,1,0
ssrf-request,CWE-918,0,0,0,1,0,14,16,263,1.91,1,1,1,6,0,44,0,0
sqli-concat,CWE-89,1,0,1,1,0,7,15,178,2.7,0,1,1,7,1,16,0,0
hardcoded-secret,CWE-798,0,1,1,0,0,18,26,147,2.07,0,0,0,10,0,2,1,0
hardcoded-secret,CWE-798,1,0,0,0,0,6,1,119,2.28,1,0,1,8,1,42,1,1
hardcoded-secret,CWE-798,1,0,1,0,0,13,25,36,2.29,1,0,0,8,0,22,1,1
ssrf-request,CWE-918,0,0,1,0,0,11,15,43,3.26,0,0,0,2,0,13,0,0
ssrf-request,CWE-918,0,0,1,0,0,18,21,68,1.56,0,0,1,9,0,0,0,0
xss-unescaped,CWE-79,1,0,1,1,0,17,14,173,3.42,1,1,1,6,0,42,1,0
insecure-deserialize,CWE-502,0,1,0,0,0,11,16,333,4.17,1,0,0,5,0,9,1,0
sqli-concat,CWE-89,1,0,1,0,0,10,11,40,3.27,0,0,1,5,0,8,1,0
sqli-concat,CWE-89,0,1,1,0,0,6,16,213,2.23,1,0,0,9,0,22,0,0
ssrf-request,CWE-918,0,1,1,0,0,2,15,235,3.23,0,1,0,9,0,10,1,0
ssrf-request,CWE-918,0,0,1,1,0,16,2,133,3.86,0,0,1,2,1,43,1,0
ssrf-request,CWE-918,0,1,1,0,0,12,11,309,1.67,0,1,0,7,0,30,0,0
insecure-deserialize,CWE-502,0,1,0,0,0,19,26,156,1.71,1,1,1,9,0,28,0,0
insecure-deserialize,CWE-502,0,0,1,0,0,18,2,285,4.4,0,1,1,2,1,7,0,0
insecure-deserialize,CWE-502,0,0,0,0,0,14,20,202,1.99,0,1,0,8,0,21,0,0
path-traversal,CWE-22,0,0,0,0,0,20,21,269,4.11,1,0,0,9,0,48,1,1
hardcoded-secret,CWE-798,1,0,0,0,0,8,17,247,3.27,0,0,0,9,0,6,0,1
path-traversal,CWE-22,0,0,1,0,0,14,9,211,2.63,0,0,1,2,0,25,1,0
xss-unescaped,CWE-79,1,0,1,0,0,2,9,229,2.31,0,1,0,8,0,20,1,0
hardcoded-secret,CWE-798,0,0,1,1,0,2,30,232,1.89,0,0,0,1,0,34,1,0
path-traversal,CWE-22,0,0,0,0,0,13,12,240,4.01,0,0,1,7,0,50,0,0
path-traversal,CWE-22,0,1,1,1,0,13,20,169,3.11,0,0,0,7,0,34,1,0
xss-unescaped,CWE-79,1,0,1,0,0,12,27,252,2.8,1,0,0,8,0,38,0,1
insecure-deserialize,CWE-502,1,0,0,0,0,4,13,66,3.6,1,1,0,8,0,39,0,1
hardcoded-secret,CWE-798,1,0,1,0,1,19,6,348,3.45,0,0,1,6,0,48,0,0
ssrf-request,CWE-918,1,0,1,0,0,20,21,172,1.6,1,1,0,1,1,25,0,1
sqli-concat,CWE-89,1,0,0,0,0,10,27,369,2.31,1,0,0,0,1,18,0,1
path-traversal,CWE-22,0,1,0,0,0,18,23,360,3.08,1,0,0,10,1,45,0,0
path-traversal,CWE-22,0,0,0,0,0,14,19,44,3.7,1,1,0,10,1,8,0,0
hardcoded-secret,CWE-798,1,0,1,0,0,13,14,118,1.56,0,0,0,1,0,5,1,0
xss-unescaped,CWE-79,0,0,1,0,0,8,23,268,3.88,0,0,1,0,0,16,1,0
sqli-concat,CWE-89,0,0,0,0,0,6,9,376,2.48,0,0,1,9,0,0,1,0
xss-unescaped,CWE-79,0,1,0,1,0,10,21,313,4.16,0,0,0,3,1,0,0,0
hardcoded-secret,CWE-798,1,0,0,0,0,12,1,27,4.0,1,1,1,8,1,14,1,0
hardcoded-secret,CWE-798,1,0,0,0,0,18,25,82,2.43,1,1,0,7,0,7,1,1
sqli-concat,CWE-89,1,0,0,1,0,9,8,99,2.68,0,0,0,6,0,15,1,0
ssrf-request,CWE-918,0,1,1,0,0,13,8,33,3.79,1,0,0,4,0,46,0,0
xss-unescaped,CWE-79,1,0,1,0,0,15,21,41,3.15,1,1,1,9,0,0,0,1
hardcoded-secret,CWE-798,1,0,0,0,0,16,26,144,3.13,1,1,0,3,0,22,1,1
insecure-deserialize,CWE-502,0,0,1,0,0,17,13,66,3.83,1,1,0,0,0,21,0,0
hardcoded-secret,CWE-798,0,1,0,0,0,5,19,36,3.62,0,1,0,9,0,14,1,0
xss-unescaped,CWE-79,1,0,1,0,0,12,27,64,2.15,0,1,0,2,0,14,1,0
hardcoded-secret,CWE-798,1,0,1,0,1,14,22,228,4.39,1,1,0,1,0,10,0,1
ssrf-request,CWE-918,1,0,1,0,1,2,5,31,2.47,1,0,1,4,0,26,1,1
insecure-deserialize,CWE-502,1,0,0,0,0,2,8,82,3.38,1,1,0,3,0,6,0,1
xss-unescaped,CWE-79,0,0,1,0,0,6,10,177,3.66,0,1,0,9,0,12,0,0
insecure-deserialize,CWE-502,0,0,1,0,0,18,4,221,4.34,0,0,1,6,0,17,0,0
insecure-deserialize,CWE-502,0,1,1,0,0,20,3,395,3.49,1,0,0,1,0,42,0,0
xss-unescaped,CWE-79,0,0,0,0,0,14,17,298,3.07,0,1,0,7,0,19,0,0
path-traversal,CWE-22,1,0,1,0,0,2,7,202,1.58,1,1,0,6,0,27,1,1
xss-unescaped,CWE-79,0,0,0,0,0,7,22,195,2.3,1,0,0,1,0,34,0,1
sqli-concat,CWE-89,1,0,0,1,0,20,29,114,1.71,1,0,0,9,0,47,0,1
insecure-deserialize,CWE-502,0,1,0,1,0,9,5,368,1.67,0,0,0,9,0,19,1,0
xss-unescaped,CWE-79,1,0,0,0,0,14,10,287,4.33,1,1,0,5,0,42,0,1
xss-unescaped,CWE-79,1,0,0,0,0,7,6,327,1.71,1,1,1,5,0,47,1,0
path-traversal,CWE-22,1,0,1,0,0,2,12,316,2.66,0,0,1,7,1,6,1,0
insecure-deserialize,CWE-502,1,0,0,1,0,8,8,90,3.82,0,1,0,0,0,25,0,0
sqli-concat,CWE-89,0,1,0,0,0,12,12,204,4.23,1,0,0,5,0,40,0,1
hardcoded-secret,CWE-798,1,0,1,1,0,16,22,213,3.67,0,1,0,7,0,38,0,0
hardcoded-secret,CWE-798,1,0,0,1,0,1,1,303,3.96,0,1,0,9,1,7,1,0
insecure-deserialize,CWE-502,1,0,0,0,0,6,15,62,3.75,1,0,0,9,1,39,0,1
xss-unescaped,CWE-79,0,1,1,0,0,3,13,226,4.05,0,0,1,1,1,42,1,0
ssrf-request,CWE-918,0,0,1,0,1,3,20,246,4.44,1,1,1,6,0,48,0,0
ssrf-request,CWE-918,1,0,0,0,0,2,10,183,4.14,0,1,0,4,1,41,1,0
path-traversal,CWE-22,0,1,0,0,0,7,21,96,2.78,1,0,0,6,0,2,0,1
hardcoded-secret,CWE-798,0,1,1,0,0,14,23,118,1.97,0,0,0,9,0,17,1,0
ssrf-request,CWE-918,1,0,1,0,0,19,5,334,3.88,0,1,1,9,1,12,1,0
path-traversal,CWE-22,1,0,1,0,0,19,9,82,1.9,1,0,0,7,0,31,1,1
xss-unescaped,CWE-79,1,0,1,0,0,7,1,328,3.02,0,0,0,6,1,23,0,0
sqli-concat,CWE-89,0,0,1,0,1,18,22,327,3.84,1,0,1,5,1,12,1,0
insecure-deserialize,CWE-502,0,0,1,0,0,1,1,389,4.11,1,0,0,0,0,13,1,0
insecure-deserialize,CWE-502,1,0,1,0,0,14,17,106,1.73,1,1,0,5,1,13,0,1
sqli-concat,CWE-89,1,0,1,0,0,20,25,350,2.2,1,1,1,6,0,45,0,1
xss-unescaped,CWE-79,0,0,0,0,0,14,4,135,2.16,1,1,1,6,0,17,0,0
insecure-deserialize,CWE-502,1,0,1,0,0,11,21,82,3.76,0,0,0,8,0,27,1,1
hardcoded-secret,CWE-798,0,1,1,0,0,2,11,222,3.88,1,1,0,7,0,19,0,0
path-traversal,CWE-22,1,0,0,0,0,11,9,194,2.18,0,1,0,6,0,31,0,1
hardcoded-secret,CWE-798,0,1,1,0,0,18,17,236,2.72,0,1,0,8,0,21,0,0
path-traversal,CWE-22,0,1,0,0,0,6,7,217,2.79,0,0,1,10,0,26,0,0
path-traversal,CWE-22,1,0,0,0,0,2,21,106,4.15,0,0,0,10,1,5,0,1
path-traversal,CWE-22,0,0,1,0,0,6,5,139,2.49,0,0,0,8,0,36,1,0
insecure-deserialize,CWE-502,0,1,1,1,0,8,5,338,3.25,0,0,1,4,1,47,0,0
insecure-deserialize,CWE-502,1,0,0,0,1,13,13,313,3.19,1,0,0,4,1,14,0,0
insecure-deserialize,CWE-502,1,0,1,0,0,13,23,265,2.14,0,1,0,1,0,34,1,0
insecure-deserialize,CWE-502,0,0,1,0,0,17,11,311,3.61,0,0,0,3,0,34,1,0
hardcoded-secret,CWE-798,1,0,1,0,0,15,30,326,1.87,0,0,0,6,0,2,0,0
ssrf-request,CWE-918,1,0,1,0,0,8,22,202,2.72,1,1,0,7,0,34,1,1
ssrf-request,CWE-918,1,0,0,0,0,15,20,43,2.81,1,1,1,6,1,36,1,1
hardcoded-secret,CWE-798,1,0,1,1,0,11,4,211,2.73,0,0,0,7,0,12,1,0
insecure-deserialize,CWE-502,0,0,1,0,0,2,23,374,4.05,1,1,0,0,0,49,1,0
insecure-deserialize,CWE-502,1,0,0,0,0,13,29,321,1.71,1,1,1,8,0,16,1,1
sqli-concat,CWE-89,0,1,0,0,0,14,14,237,3.8,0,1,1,7,0,8,1,0
xss-unescaped,CWE-79,1,0,1,0,1,8,20,263,3.17,0,0,0,0,0,33,0,0
ssrf-request,CWE-918,1,0,1,0,0,13,15,207,2.22,0,1,0,1,1,10,1,0
sqli-concat,CWE-89,1,0,1,0,0,9,15,232,1.57,0,1,0,7,0,35,0,0
hardcoded-secret,CWE-798,0,0,0,0,0,18,2,77,2.28,1,1,0,10,0,19,1,0
hardcoded-secret,CWE-798,1,0,0,0,0,11,19,292,2.66,0,1,0,8,0,38,0,0
insecure-deserialize,CWE-502,0,0,1,0,0,13,28,230,2.28,1,1,1,0,0,11,1,0
ssrf-request,CWE-918,1,0,0,0,0,2,26,197,2.91,1,1,0,5,0,7,0,1
ssrf-request,CWE-918,0,0,1,0,0,4,11,127,3.09,1,0,0,4,0,30,1,1
insecure-deserialize,CWE-502,1,0,1,0,1,4,19,110,2.29,1,0,0,8,0,9,0,1
insecure-deserialize,CWE-502,0,0,0,0,1,16,12,50,2.01,0,1,1,6,0,0,0,0
xss-unescaped,CWE-79,1,0,1,0,0,6,17,229,2.42,1,0,1,10,0,4,0,1
ssrf-request,CWE-918,1,0,0,0,0,12,11,155,4.27,1,0,1,7,0,30,1,1
hardcoded-secret,CWE-798,0,0,0,1,0,13,26,56,3.75,0,1,0,1,0,32,0,0
hardcoded-secret,CWE-798,1,0,0,0,0,10,24,93,2.88,1,1,1,4,1,23,0,1
path-traversal,CWE-22,0,0,1,0,0,2,6,37,3.57,0,1,0,4,1,29,1,0
hardcoded-secret,CWE-798,1,0,0,0,0,4,20,153,1.83,0,1,0,6,0,45,0,1
hardcoded-secret,CWE-798,0,1,0,1,0,19,4,330,2.76,1,0,0,4,0,44,0,0
xss-unescaped,CWE-79,0,0,1,0,0,9,9,393,1.8,0,1,0,2,0,17,0,0
path-traversal,CWE-22,1,0,1,0,0,19,24,325,2.03,0,1,0,1,0,14,0,0
sqli-concat,CWE-89,0,0,0,0,0,7,7,353,3.19,1,0,0,5,1,23,1,0
path-traversal,CWE-22,1,0,0,0,0,13,9,397,1.95,0,1,0,1,1,20,1,0
ssrf-request,CWE-918,1,0,0,1,0,2,28,307,4.29,1,1,0,9,0,45,0,1
path-traversal,CWE-22,0,1,1,0,0,10,8,277,3.69,0,0,1,10,0,9,0,0
sqli-concat,CWE-89,0,1,0,0,0,9,13,356,3.91,0,0,0,10,1,50,0,0
path-traversal,CWE-22,0,0,0,0,0,20,15,378,4.01,1,1,0,9,0,44,0,1
sqli-concat,CWE-89,1,0,1,0,0,12,6,301,1.62,0,0,1,1,1,11,1,0
ssrf-request,CWE-918,1,0,1,0,0,7,18,368,3.92,0,0,1,3,1,7,1,0
sqli-concat,CWE-89,1,0,1,0,0,18,4,101,3.66,1,0,0,8,0,43,0,1
hardcoded-secret,CWE-798,0,0,1,0,1,14,3,81,4.26,1,1,1,9,1,6,0,0
insecure-deserialize,CWE-502,1,0,0,0,0,20,22,302,3.85,0,0,0,0,0,7,0,1
xss-unescaped,CWE-79,1,0,1,0,0,13,9,157,2.05,1,0,0,7,1,10,0,1
sqli-concat,CWE-89,1,0,1,0,0,2,28,85,1.94,0,1,1,0,0,26,0,0
path-traversal,CWE-22,0,0,1,0,0,5,24,196,2.63,1,0,0,3,0,6,0,1
xss-unescaped,CWE-79,0,0,0,0,1,12,18,72,1.59,1,1,0,8,0,15,1,0
sqli-concat,CWE-89,0,0,1,0,0,4,17,185,2.9,1,0,0,7,0,42,0,1
ssrf-request,CWE-918,0,0,1,0,0,17,11,44,3.44,0,0,0,2,0,28,0,0
sqli-concat,CWE-89,1,0,1,1,0,19,28,274,2.48,1,0,0,0,0,1,0,1
hardcoded-secret,CWE-798,0,1,1,0,0,18,19,353,3.78,0,0,0,8,0,29,1,0
xss-unescaped,CWE-79,0,1,1,0,0,6,8,249,1.73,1,1,1,7,0,41,1,0
xss-unescaped,CWE-79,0,0,0,0,0,3,7,37,3.76,1,1,1,4,0,35,1,1
ssrf-request,CWE-918,1,0,1,0,0,15,12,52,2.29,1,1,1,9,0,48,0,0
sqli-concat,CWE-89,0,1,1,0,1,20,7,187,2.49,1,0,0,5,0,40,1,0
path-traversal,CWE-22,0,1,0,0,0,5,29,347,3.76,1,1,0,4,0,35,0,0
hardcoded-secret,CWE-798,1,0,0,0,0,5,4,236,3.87,0,0,0,0,0,47,0,1
path-traversal,CWE-22,1,0,0,0,1,18,15,54,1.74,0,1,0,8,0,43,1,0
hardcoded-secret,CWE-798,1,0,1,0,1,5,8,273,4.41,0,0,0,3,0,24,1,0
ssrf-request,CWE-918,0,0,0,0,0,20,2,314,3.5,0,1,1,4,0,6,0,0
xss-unescaped,CWE-79,0,1,1,0,0,8,16,35,2.88,1,1,0,10,1,1,1,0
hardcoded-secret,CWE-798,1,0,1,0,1,7,15,63,1.67,0,1,0,10,0,29,0,0
insecure-deserialize,CWE-502,0,0,0,0,0,7,25,205,2.06,1,0,0,6,0,21,1,1
ssrf-request,CWE-918,0,1,0,0,0,1,13,175,4.32,1,0,0,3,0,44,0,1
xss-unescaped,CWE-79,1,0,1,0,0,2,24,225,3.21,1,1,0,1,1,22,1,1
path-traversal,CWE-22,0,0,1,1,0,7,12,71,2.88,0,1,1,3,0,40,0,0
xss-unescaped,CWE-79,0,1,0,0,0,18,23,131,3.82,0,1,0,7,1,4,1,0
hardcoded-secret,CWE-798,1,0,0,0,0,5,9,307,2.31,0,1,0,3,1,48,0,0
insecure-deserialize,CWE-502,1,0,1,0,0,2,26,363,1.83,0,0,0,7,0,14,1,1
xss-unescaped,CWE-79,0,1,0,0,0,15,17,180,4.1,1,0,0,3,0,12,0,0
path-traversal,CWE-22,0,0,0,0,0,2,6,325,3.02,0,0,0,6,0,15,0,1
path-traversal,CWE-22,0,0,0,0,0,1,4,151,3.78,0,0,0,5,1,28,1,0
insecure-deserialize,CWE-502,0,0,0,0,0,6,13,379,3.73,1,0,1,0,1,33,0,1
ssrf-request,CWE-918,1,0,1,0,0,12,9,307,1.99,1,1,0,1,0,41,0,1
path-traversal,CWE-22,1,0,0,0,1,1,4,391,3.44,0,0,0,9,0,50,0,1
xss-unescaped,CWE-79,1,0,0,0,0,12,16,381,2.68,0,1,0,10,0,25,0,1
hardcoded-secret,CWE-798,0,1,0,0,0,6,26,254,4.49,1,0,0,0,0,50,0,1
hardcoded-secret,CWE-798,1,0,0,0,0,11,28,330,1.78,1,0,0,4,0,17,0,1
sqli-concat,CWE-89,1,0,1,0,0,20,22,265,3.78,0,1,0,3,0,8,1,0
hardcoded-secret,CWE-798,1,0,0,0,0,6,15,58,2.51,1,0,1,1,0,1,0,1
sqli-concat,CWE-89,1,0,1,0,0,8,2,198,4.36,1,1,0,4,1,7,0,1
hardcoded-secret,CWE-798,0,1,1,0,0,5,6,45,4.37,0,1,0,1,0,48,1,0
ssrf-request,CWE-918,1,0,1,0,0,5,9,198,4.09,1,0,0,0,0,1,1,1
path-traversal,CWE-22,1,0,0,0,0,17,7,331,1.9,0,1,1,0,0,20,0,0
insecure-deserialize,CWE-502,1,0,1,0,0,16,30,319,3.24,0,0,0,1,1,25,0,1
insecure-deserialize,CWE-502,1,0,0,0,0,17,20,113,3.42,0,0,1,4,0,49,0,1
insecure-deserialize,CWE-502,1,0,1,0,0,9,20,294,1.99,0,1,0,6,1,16,0,0
insecure-deserialize,CWE-502,1,0,1,1,0,20,27,359,2.92,1,0,1,9,1,22,1,0
hardcoded-secret,CWE-798,1,0,1,0,0,9,3,328,3.36,1,1,0,4,1,26,1,0
sqli-concat,CWE-89,0,1,1,0,0,16,15,50,1.74,0,0,0,4,0,24,1,0
ssrf-request,CWE-918,0,0,0,0,0,16,3,322,2.86,1,1,0,8,1,7,0,0
xss-unescaped,CWE-79,0,1,1,0,1,20,23,135,2.16,1,1,0,7,0,43,0,0
hardcoded-secret,CWE-798,1,0,1,0,1,4,26,316,3.1,0,0,1,6,1,15,0,0
sqli-concat,CWE-89,0,0,0,0,0,2,20,76,4.31,0,1,0,7,0,32,0,0
xss-unescaped,CWE-79,0,1,1,0,1,4,3,132,3.04,0,1,0,0,0,26,1,0
hardcoded-secret,CWE-798,0,1,1,0,0,12,11,167,2.74,1,1,1,6,0,10,1,0
ssrf-request,CWE-918,1,0,1,0,0,7,24,37,2.26,1,0,0,0,0,9,0,1
hardcoded-secret,CWE-798,0,0,1,1,0,19,2,276,2.53,1,1,1,4,0,1,0,0
sqli-concat,CWE-89,0,1,1,0,1,13,3,63,2.19,0,0,0,6,1,26,1,0
insecure-deserialize,CWE-502,0,0,1,1,0,3,30,60,3.71,1,0,1,1,0,33,0,0
hardcoded-secret,CWE-798,0,0,0,0,0,14,19,208,3.89,0,0,0,6,0,14,0,1
sqli-concat,CWE-89,0,0,0,1,0,1,1,106,4.14,0,1,0,0,0,43,1,0
path-traversal,CWE-22,0,0,1,1,0,3,7,287,2.68,0,1,0,7,1,49,1,0
xss-unescaped,CWE-79,0,1,0,0,0,3,9,185,1.78,1,0,0,10,0,37,0,0
ssrf-request,CWE-918,1,0,0,0,0,17,17,154,4.48,0,1,0,0,0,49,0,1
xss-unescaped,CWE-79,1,0,0,0,0,11,10,190,1.67,0,0,0,10,0,40,0,1
hardcoded-secret,CWE-798,0,0,1,0,0,19,27,168,2.93,1,0,0,2,0,18,1,1
sqli-concat,CWE-89,1,0,1,0,1,2,10,330,2.21,1,0,0,4,0,41,0,1
xss-unescaped,CWE-79,0,1,0,0,1,7,13,340,2.38,0,1,1,5,1,20,0,0
insecure-deserialize,CWE-502,0,1,0,0,0,16,16,142,4.08,0,0,1,2,0,40,0,0
ssrf-request,CWE-918,1,0,0,0,0,18,7,237,2.42,0,0,0,9,0,47,1,1
hardcoded-secret,CWE-798,1,0,1,0,0,16,21,257,2.4,0,1,0,9,0,5,0,0
sqli-concat,CWE-89,1,0,1,0,0,3,23,75,2.48,0,0,0,10,0,2,0,1
hardcoded-secret,CWE-798,1,0,1,1,0,17,25,394,3.02,0,1,0,10,1,23,1,0
sqli-concat,CWE-89,0,1,1,0,1,17,1,247,3.69,0,0,1,0,0,17,1,0
path-traversal,CWE-22,0,1,1,1,0,9,6,342,2.58,1,0,0,8,1,18,1,0
insecure-deserialize,CWE-502,0,1,0,0,0,6,29,166,3.84,1,1,0,1,0,40,1,0
hardcoded-secret,CWE-798,0,1,1,0,0,20,27,150,1.91,0,0,1,9,1,34,0,0
insecure-deserialize,CWE-502,0,0,1,0,0,19,18,65,3.48,0,1,1,7,0,45,0,0
insecure-deserialize,CWE-502,1,0,0,0,0,10,15,321,2.08,0,1,0,5,1,42,1,0
xss-unescaped,CWE-79,0,0,0,0,0,15,27,283,3.35,0,1,0,4,0,50,1,0
hardcoded-secret,CWE-798,1,0,1,1,0,15,1,352,2.96,0,1,0,3,1,1,1,0
hardcoded-secret,CWE-798,1,0,1,0,0,6,16,144,3.91,1,0,0,9,1,41,0,1
xss-unescaped,CWE-79,0,1,0,0,0,17,17,143,3.49,1,1,0,10,0,28,0,0
path-traversal,CWE-22,0,1,0,1,0,19,18,248,3.54,0,0,0,1,0,20,0,0
hardcoded-secret,CWE-798,0,1,0,0,0,18,19,366,1.89,1,1,0,10,0,22,0,0
sqli-concat,CWE-89,1,0,1,1,0,1,22,202,4.08,0,1,1,4,0,22,0,0
hardcoded-secret,CWE-798,1,0,1,1,1,9,15,184,1.77,0,0,0,2,0,36,0,0
path-traversal,CWE-22,1,0,1,0,0,6,14,204,3.6,0,0,0,0,1,46,1,0
insecure-deserialize,CWE-502,0,0,0,0,0,17,29,197,3.87,0,0,0,8,0,7,1,0
sqli-concat,CWE-89,0,0,0,1,0,5,23,263,1.77,1,1,0,1,1,13,1,0
xss-unescaped,CWE-79,0,0,1,0,0,4,30,316,3.73,1,1,0,8,0,34,1,0
xss-unescaped,CWE-79,1,0,0,0,0,14,28,72,2.04,0,0,0,0,0,45,0,1
path-traversal,CWE-22,1,0,1,0,0,7,24,331,3.11,0,1,0,0,0,4,1,0
sqli-concat,CWE-89,0,0,1,0,0,3,3,317,3.8,0,0,0,4,1,21,0,0
ssrf-request,CWE-918,1,0,1,0,0,15,26,349,1.78,0,0,0,3,0,10,0,1
path-traversal,CWE-22,1,0,0,0,0,3,1,387,4.33,1,1,1,9,1,7,1,0
xss-unescaped,CWE-79,0,0,1,0,0,9,22,233,4.04,1,1,1,9,0,36,0,0
insecure-deserialize,CWE-502,0,1,0,0,0,13,23,191,2.12,0,0,1,1,0,39,1,0
hardcoded-secret,CWE-798,1,0,0,0,0,14,24,257,2.34,1,0,0,6,0,26,0,1
insecure-deserialize,CWE-502,1,0,0,0,0,4,8,285,4.5,1,0,0,0,0,17,0,1
xss-unescaped,CWE-79,0,1,0,0,0,16,9,157,4.41,0,1,0,9,1,35,0,0
insecure-deserialize,CWE-502,0,1,1,1,0,11,15,254,4.36,0,1,0,9,0,7,1,0
hardcoded-secret,CWE-798,0,1,0,0,0,18,18,269,2.29,0,1,0,5,0,23,1,0
insecure-deserialize,CWE-502,1,0,1,0,0,12,24,152,1.79,0,1,1,4,1,18,0,0
hardcoded-secret,CWE-798,0,0,0,0,1,11,13,53,3.58,0,1,0,2,0,28,0,0
ssrf-request,CWE-918,0,0,0,0,1,13,28,151,1.58,1,1,1,5,1,48,0,0
xss-unescaped,CWE-79,1,0,1,0,0,1,29,50,1.55,0,1,0,3,0,22,0,1
hardcoded-secret,CWE-798,1,0,1,0,0,4,29,168,3.73,0,0,0,3,0,38,0,1
ssrf-request,CWE-918,1,0,1,0,0,8,24,232,3.74,1,1,1,7,1,27,1,0
sqli-concat,CWE-89,1,0,1,1,0,14,26,201,1.82,1,0,0,1,0,38,1,0
sqli-concat,CWE-89,1,0,1,0,0,11,12,356,2.33,0,1,0,2,0,45,0,0
insecure-deserialize,CWE-502,1,0,1,0,0,10,13,360,3.59,0,1,0,1,1,21,0,0
ssrf-request,CWE-918,1,0,0,0,0,12,3,44,3.82,0,1,0,0,0,12,0,0
xss-unescaped,CWE-79,1,0,0,0,0,2,16,322,3.76,0,0,0,8,0,50,0,1
hardcoded-secret,CWE-798,1,0,0,0,0,12,23,361,2.73,1,0,0,1,0,22,1,1
path-traversal,CWE-22,1,0,1,0,1,16,8,146,2.99,0,1,1,10,0,3,1,0
xss-unescaped,CWE-79,0,0,0,0,0,15,26,164,2.88,1,0,0,3,0,32,0,1
ssrf-request,CWE-918,0,0,0,0,0,20,15,109,2.0,1,0,1,1,0,37,0,1
sqli-concat,CWE-89,1,0,1,0,0,1,19,174,2.62,1,0,1,1,0,45,1,1
path-traversal,CWE-22,1,0,1,0,0,7,24,295,3.16,0,1,0,3,0,0,1,0
xss-unescaped,CWE-79,1,0,0,0,0,6,23,318,2.0,0,0,0,8,1,4,0,1
insecure-deserialize,CWE-502,0,0,0,0,0,7,22,265,3.05,1,1,0,4,1,33,0,0
hardcoded-secret,CWE-798,1,0,0,0,0,11,23,326,3.26,1,0,0,7,1,15,0,1
path-traversal,CWE-22,0,0,0,0,0,20,26,291,3.32,0,1,0,5,1,21,1,0
path-traversal,CWE-22,1,0,0,0,0,10,7,172,2.67,0,0,1,2,0,38,1,1
insecure-deserialize,CWE-502,0,1,1,0,0,16,13,389,3.04,0,1,0,8,0,31,1,0
hardcoded-secret,CWE-798,0,0,0,0,0,1,7,364,2.41,1,1,1,9,0,6,1,1
xss-unescaped,CWE-79,1,0,1,0,0,9,2,50,3.64,1,0,0,8,0,18,1,1
sqli-concat,CWE-89,1,0,0,0,0,17,19,228,3.88,0,0,0,9,1,41,0,1
insecure-deserialize,CWE-502,0,1,0,0,1,4,1,153,2.7,1,0,0,0,0,15,0,0
sqli-concat,CWE-89,1,0,0,0,0,13,19,119,4.33,0,1,0,10,1,18,1,0
ssrf-request,CWE-918,0,0,1,0,0,11,19,313,1.84,1,1,0,6,0,37,0,0
insecure-deserialize,CWE-502,0,0,0,0,0,13,4,114,2.14,1,1,1,1,0,33,1,0
xss-unescaped,CWE-79,0,1,1,0,0,18,29,169,2.05,0,0,0,5,0,42,1,0
hardcoded-secret,CWE-798,0,0,0,0,0,7,13,290,2.57,1,0,0,10,0,30,1,1
xss-unescaped,CWE-79,1,0,0,0,0,16,11,311,2.95,1,0,0,3,0,38,0,1
hardcoded-secret,CWE-798,0,0,1,0,0,19,3,378,2.32,1,1,0,6,1,40,0,0
hardcoded-secret,CWE-798,1,0,0,0,0,17,27,336,4.28,0,0,0,3,0,24,1,1
xss-unescaped,CWE-79,0,1,1,1,1,12,10,350,1.57,0,1,0,0,0,29,0,0
insecure-deserialize,CWE-502,0,0,0,0,0,19,11,337,2.7,1,0,0,4,0,39,1,0
ssrf-request,CWE-918,1,0,1,0,0,14,4,366,3.98,0,1,0,1,0,23,0,0
insecure-deserialize,CWE-502,0,1,0,0,0,12,30,217,2.89,0,1,0,1,1,3,0,0
insecure-deserialize,CWE-502,0,1,0,0,0,19,23,70,2.65,1,1,0,6,0,1,0,0
ssrf-request,CWE-918,0,0,0,0,0,20,6,356,2.63,0,1,0,3,0,34,0,0
sqli-concat,CWE-89,0,0,1,0,0,3,26,370,2.22,1,1,0,3,1,46,0,1
hardcoded-secret,CWE-798,0,0,1,0,0,10,16,243,3.85,1,0,1,6,0,16,0,1
insecure-deserialize,CWE-502,1,0,1,1,0,6,1,159,4.24,1,1,1,0,0,48,1,0
hardcoded-secret,CWE-798,1,0,1,0,0,7,16,100,3.51,1,0,1,8,0,42,0,1
sqli-concat,CWE-89,1,0,0,0,1,15,27,293,2.02,0,1,1,2,1,33,0,0
sqli-concat,CWE-89,1,0,1,0,0,7,17,46,1.87,1,1,0,10,1,50,1,0
sqli-concat,CWE-89,0,1,0,1,1,15,13,151,1.76,0,0,0,0,0,33,0,0
insecure-deserialize,CWE-502,0,1,0,0,0,19,16,393,2.19,0,0,0,6,1,29,0,0
path-traversal,CWE-22,0,1,1,0,0,15,23,276,3.78,0,0,0,9,0,45,1,0
sqli-concat,CWE-89,1,0,0,1,0,11,27,39,4.09,1,1,1,6,0,31,0,0
ssrf-request,CWE-918,1,0,0,1,0,20,16,272,1.54,1,0,0,0,1,31,1,1
sqli-concat,CWE-89,1,0,1,0,0,5,30,201,3.07,0,0,0,1,1,23,1,0
path-traversal,CWE-22,1,0,1,0,0,12,25,141,3.17,1,1,1,7,0,2,0,0
sqli-concat,CWE-89,1,0,0,0,0,14,12,26,4.38,1,0,1,10,1,32,1,1
ssrf-request,CWE-918,1,0,1,0,0,9,7,83,2.56,1,1,0,9,0,31,0,1
sqli-concat,CWE-89,1,0,0,0,1,14,5,248,2.41,0,0,0,0,0,44,1,0
hardcoded-secret,CWE-798,0,1,1,0,0,3,5,399,3.78,1,1,1,4,0,17,0,0
xss-unescaped,CWE-79,1,0,1,0,0,8,2,90,1.53,1,1,0,7,0,5,0,0
sqli-concat,CWE-89,1,0,1,0,1,9,27,269,3.88,0,0,0,9,0,21,0,0
hardcoded-secret,CWE-798,1,0,0,0,0,6,28,330,3.8,1,1,0,0,1,2,1,1
insecure-deserialize,CWE-502,0,1,1,0,0,16,1,149,1.96,1,0,0,8,0,25,1,0
insecure-deserialize,CWE-502,0,0,0,0,0,4,30,394,4.19,1,1,0,6,0,23,1,1
path-traversal,CWE-22,0,1,1,0,0,13,12,389,4.33,1,0,0,4,0,25,1,0
insecure-deserialize,CWE-502,0,1,1,0,0,12,21,89,3.38,0,0,1,3,0,6,1,0
insecure-deserialize,CWE-502,0,1,1,0,0,17,27,240,4.08,0,1,0,9,0,41,0,0
xss-unescaped,CWE-79,0,1,1,0,0,1,26,89,3.27,0,1,0,4,0,18,1,0
path-traversal,CWE-22,1,0,0,0,0,20,14,299,4.36,0,0,0,1,0,20,0,1
hardcoded-secret,CWE-798,0,1,1,0,1,5,26,289,3.05,0,0,1,6,0,14,0,0
sqli-concat,CWE-89,0,0,1,0,0,14,25,51,1.94,0,0,0,5,1,17,1,0
insecure-deserialize,CWE-502,0,0,0,0,0,7,13,46,3.63,0,1,0,10,0,4,0,0
sqli-concat,CWE-89,1,0,0,0,0,7,30,84,2.5,0,0,1,2,0,21,0,1
insecure-deserialize,CWE-502,1,0,1,0,0,1,7,62,4.36,0,0,1,7,0,9,0,1
sqli-concat,CWE-89,0,1,0,0,0,6,8,390,2.31,0,0,0,9,0,5,0,0
hardcoded-secret,CWE-798,1,0,1,0,0,6,16,192,3.61,1,1,0,6,0,39,1,0
hardcoded-secret,CWE-798,0,0,1,0,1,15,14,337,3.16,1,1,0,2,0,16,0,0
sqli-concat,CWE-89,0,0,1,0,0,1,5,81,2.51,0,1,0,4,0,21,0,0
ssrf-request,CWE-918,1,0,1,0,0,15,24,234,4.39,0,1,0,7,0,12,1,0
sqli-concat,CWE-89,0,1,0,0,0,10,7,124,3.63,0,1,1,3,0,13,0,0
insecure-deserialize,CWE-502,1,0,0,0,0,5,14,117,1.6,1,1,0,9,1,20,1,0
ssrf-request,CWE-918,0,0,1,0,0,19,26,21,2.91,0,1,0,3,0,41,0,0
sqli-concat,CWE-89,0,1,1,0,0,18,30,33,3.98,0,0,0,5,1,21,1,0
hardcoded-secret,CWE-798,1,0,1,0,0,17,17,202,2.3,0,0,0,7,0,43,1,0
xss-unescaped,CWE-79,1,0,1,0,0,12,16,249,2.65,0,1,1,3,0,7,0,0
sqli-concat,CWE-89,0,0,0,0,0,6,11,125,2.03,0,1,1,10,0,30,1,0
path-traversal,CWE-22,0,0,0,0,0,15,24,82,3.51,0,0,0,2,1,18,1,0
insecure-deserialize,CWE-502,0,0,1,0,0,3,15,145,3.47,0,0,0,6,1,4,1,0
path-traversal,CWE-22,0,1,0,0,0,2,28,400,2.16,1,1,0,1,0,50,1,0
ssrf-request,CWE-918,0,1,1,0,0,5,25,51,3.5,0,1,0,3,0,33,0,0
ssrf-request,CWE-918,0,0,1,0,0,16,4,344,3.88,1,1,0,9,0,50,0,0
hardcoded-secret,CWE-798,1,0,0,0,0,11,29,208,1.98,0,1,0,5,0,10,1,1
xss-unescaped,CWE-79,0,0,0,0,0,19,2,225,3.08,0,1,0,9,0,12,0,0
sqli-concat,CWE-89,1,0,0,0,0,17,10,58,3.11,1,0,1,1,0,34,1,1
xss-unescaped,CWE-79,1,0,0,0,0,15,6,222,2.31,0,0,0,5,0,14,1,1
insecure-deserialize,CWE-502,0,1,1,0,0,17,26,308,4.22,0,0,0,5,0,45,0,0
xss-unescaped,CWE-79,1,0,1,0,0,20,30,362,2.69,1,0,1,4,1,25,1,1
path-traversal,CWE-22,1,0,1,1,0,15,18,236,2.3,1,1,0,4,0,43,1,0
xss-unescaped,CWE-79,0,1,0,0,0,19,4,60,3.36,0,0,1,8,0,50,0,0
path-traversal,CWE-22,1,0,1,0,0,15,23,192,2.95,1,1,1,9,0,8,1,0
sqli-concat,CWE-89,1,0,0,0,1,4,24,249,3.8,0,1,1,1,1,8,1,0
ssrf-request,CWE-918,0,1,0,0,0,2,21,31,1.88,1,1,0,9,0,35,1,0
sqli-concat,CWE-89,1,0,0,0,0,12,18,215,4.01,0,0,0,3,1,5,0,1
path-traversal,CWE-22,1,0,1,0,0,16,13,308,3.04,0,1,0,5,1,41,1,0
xss-unescaped,CWE-79,0,0,0,0,1,11,8,130,2.15,0,0,0,4,1,10,1,0
hardcoded-secret,CWE-798,1,0,1,0,0,20,19,319,4.35,0,0,1,6,1,50,0,0
insecure-deserialize,CWE-502,0,1,1,0,0,17,24,228,4.26,1,1,0,7,0,17,0,0
insecure-deserialize,CWE-502,1,0,0,1,0,4,28,63,3.94,0,1,0,8,0,23,1,0
path-traversal,CWE-22,0,0,1,0,1,19,21,28,3.72,1,1,0,0,0,17,0,0
path-traversal,CWE-22,1,0,1,0,0,6,16,309,2.75,0,1,0,2,0,1,1,0
hardcoded-secret,CWE-798,0,0,1,0,0,18,19,296,2.05,1,1,0,7,1,28,1,0
sqli-concat,CWE-89,1,0,0,0,0,1,25,216,2.18,1,0,1,4,0,11,1,1
sqli-concat,CWE-89,1,0,0,0,0,3,15,244,3.54,1,0,0,6,0,34,1,1
path-traversal,CWE-22,0,0,0,0,0,4,4,172,3.41,1,1,0,6,0,26,1,0
ssrf-request,CWE-918,1,0,0,0,0,11,2,111,4.5,0,1,0,3,0,34,0,1
insecure-deserialize,CWE-502,0,1,1,0,0,4,22,175,2.26,0,0,1,10,0,17,0,0
insecure-deserialize,CWE-502,0,0,0,0,0,18,8,157,3.16,0,1,1,8,1,19,0,0
sqli-concat,CWE-89,0,1,1,0,0,9,12,129,4.23,0,1,1,7,1,0,0,0
insecure-deserialize,CWE-502,1,0,1,0,0,18,23,99,4.19,1,0,0,2,0,5,0,1
path-traversal,CWE-22,0,0,1,1,1,5,25,274,2.91,1,0,0,5,1,49,0,0
hardcoded-secret,CWE-798,0,0,0,0,0,19,19,253,3.87,1,0,0,6,0,17,1,1
ssrf-request,CWE-918,0,0,0,0,0,6,20,395,3.1,1,0,0,1,0,15,0,1
ssrf-request,CWE-918,0,0,1,0,0,5,23,163,4.31,0,1,0,1,0,16,1,0
xss-unescaped,CWE-79,1,0,0,0,0,11,14,103,4.03,0,0,0,3,0,9,0,1
sqli-concat,CWE-89,1,0,1,0,0,7,10,160,2.91,1,1,0,2,0,14,1,0
xss-unescaped,CWE-79,1,0,0,0,0,8,30,26,3.71,1,1,0,5,0,8,0,1
xss-unescaped,CWE-79,1,0,0,0,0,7,13,178,3.97,0,0,0,10,0,15,1,1
sqli-concat,CWE-89,0,0,0,0,0,5,10,289,3.5,1,0,0,7,1,14,1,1
path-traversal,CWE-22,1,0,1,0,1,18,21,230,4.34,1,0,0,8,1,8,0,0
ssrf-request,CWE-918,1,0,0,0,0,8,1,125,4.37,1,0,0,10,0,48,0,1
xss-unescaped,CWE-79,0,1,0,0,0,17,27,291,3.48,0,0,0,8,0,23,1,0
ssrf-request,CWE-918,1,0,1,0,0,15,1,197,1.5,1,0,0,7,0,43,0,1
sqli-concat,CWE-89,0,1,1,0,1,13,16,351,3.2,1,1,1,4,0,22,0,0
sqli-concat,CWE-89,1,0,0,0,0,15,19,159,3.31,1,0,0,2,0,41,0,1
hardcoded-secret,CWE-798,0,0,0,0,0,7,1,357,3.25,1,1,0,1,0,17,1,0
xss-unescaped,CWE-79,1,0,0,0,0,7,2,118,1.85,0,1,0,1,1,39,1,0
sqli-concat,CWE-89,1,0,0,0,0,16,19,124,4.25,0,0,0,6,0,50,0,1
xss-unescaped,CWE-79,1,0,1,0,0,5,6,169,2.15,0,0,1,0,1,7,0,0
sqli-concat,CWE-89,1,0,0,0,0,10,12,126,1.54,1,1,0,1,1,20,0,1
insecure-deserialize,CWE-502,0,1,1,0,0,20,18,210,4.31,0,0,0,5,1,49,0,0
sqli-concat,CWE-89,1,0,1,0,0,4,21,100,2.18,1,1,1,9,0,21,0,1
sqli-concat,CWE-89,1,0,0,0,0,3,16,59,3.02,1,1,0,9,1,1,1,1
xss-unescaped,CWE-79,1,0,1,0,0,5,2,222,1.75,1,1,0,6,1,46,0,0
path-traversal,CWE-22,1,0,0,0,0,10,4,117,3.45,1,1,0,7,0,30,1,1
hardcoded-secret,CWE-798,1,0,1,1,0,6,28,339,2.03,0,1,1,9,0,48,1,0
ssrf-request,CWE-918,1,0,0,0,0,10,20,57,3.73,0,0,0,7,1,20,1,0
ssrf-request,CWE-918,1,0,1,0,0,15,13,26,1.84,0,0,0,2,0,32,0,1
ssrf-request,CWE-918,1,0,0,0,0,3,14,194,4.19,1,0,0,3,1,22,1,1
insecure-deserialize,CWE-502,1,0,0,0,1,6,21,61,3.54,1,1,1,1,0,14,0,0
hardcoded-secret,CWE-798,1,0,0,1,0,14,26,61,3.4,0,0,0,0,0,8,0,0
hardcoded-secret,CWE-798,1,0,1,0,0,15,22,166,3.4,1,0,0,7,0,37,1,1
path-traversal,CWE-22,0,1,1,0,0,9,20,126,3.35,1,1,0,7,0,16,0,0
xss-unescaped,CWE-79,1,0,1,0,0,10,9,86,2.19,0,1,0,5,0,42,1,0
xss-unescaped,CWE-79,1,0,0,0,0,5,19,281,3.37,0,0,0,0,0,12,1,0
ssrf-request,CWE-918,1,0,0,0,0,17,9,112,2.95,0,1,1,6,1,2,0,0
ssrf-request,CWE-918,0,1,0,0,0,19,27,218,2.38,1,0,0,3,0,2,0,1
path-traversal,CWE-22,0,1,0,0,0,16,7,44,2.46,0,0,0,9,0,50,0,0
hardcoded-secret,CWE-798,0,0,0,1,0,16,24,318,4.48,0,0,1,4,0,32,0,0
xss-unescaped,CWE-79,0,0,0,0,0,18,21,299,2.17,1,0,0,6,0,41,0,1
path-traversal,CWE-22,0,1,1,0,0,4,26,125,4.21,1,1,0,4,0,27,1,0
sqli-concat,CWE-89,1,0,0,0,0,14,4,344,4.44,0,1,0,4,1,1,0,0
hardcoded-secret,CWE-798,0,1,1,0,0,11,8,196,2.19,1,1,0,1,0,46,1,0
sqli-concat,CWE-89,1,0,1,0,0,3,29,305,4.18,1,1,1,8,0,33,1,1
path-traversal,CWE-22,1,0,0,1,0,1,20,46,1.53,1,0,1,4,0,42,1,1
sqli-concat,CWE-89,1,0,1,0,0,19,2,89,3.55,1,0,0,10,0,3,1,1
ssrf-request,CWE-918,1,0,1,0,0,9,10,378,2.27,1,0,0,3,0,8,1,1
sqli-concat,CWE-89,0,1,1,1,0,12,24,343,2.23,1,1,0,0,1,42,0,0
sqli-concat,CWE-89,1,0,1,0,0,6,22,267,3.42,0,1,0,10,0,6,0,0
path-traversal,CWE-22,1,0,0,0,1,2,19,206,2.86,1,1,1,8,0,42,0,1
sqli-concat,CWE-89,1,0,1,1,0,4,20,400,4.45,1,0,0,2,0,26,1,0
xss-unescaped,CWE-79,0,1,1,1,0,12,25,45,3.91,1,0,0,7,0,42,1,0
hardcoded-secret,CWE-798,1,0,0,1,0,4,15,43,3.8,1,0,0,9,0,41,1,1
insecure-deserialize,CWE-502,0,1,1,1,0,12,9,196,4.46,0,0,1,9,0,22,0,0
xss-unescaped,CWE-79,1,0,1,0,1,11,24,176,2.37,0,1,0,10,0,27,1,0
hardcoded-secret,CWE-798,0,1,0,0,0,6,26,27,4.18,1,0,0,7,1,12,1,0
xss-unescaped,CWE-79,0,0,0,0,0,14,20,67,3.91,1,1,1,4,0,44,0,1
xss-unescaped,CWE-79,1,0,0,0,0,5,6,89,2.47,0,0,0,10,1,26,0,0
path-traversal,CWE-22,0,0,0,0,0,15,1,222,2.9,0,0,0,1,0,43,0,1
sqli-concat,CWE-89,0,1,0,0,0,5,19,180,1.98,0,1,0,1,0,20,1,0
ssrf-request,CWE-918,0,1,1,0,0,20,9,251,1.55,0,0,0,9,0,1,1,0
insecure-deserialize,CWE-502,0,1,0,0,0,9,28,315,1.7,1,1,0,9,1,12,1,0
sqli-concat,CWE-89,1,0,1,1,0,16,14,147,2.37,0,1,0,4,0,46,0,0
hardcoded-secret,CWE-798,1,0,1,0,0,3,21,124,3.33,1,0,0,7,0,47,0,1
ssrf-request,CWE-918,1,0,1,0,0,15,16,96,2.88,0,1,0,4,0,33,1,0
ssrf-request,CWE-918,0,0,1,0,0,13,15,98,3.44,0,0,0,1,0,12,1,0
hardcoded-secret,CWE-798,0,0,1,0,0,1,6,394,3.45,1,1,0,4,1,40,1,0
hardcoded-secret,CWE-798,1,0,1,0,0,8,23,123,3.1,0,0,0,3,0,33,1,1
xss-unescaped,CWE-79,1,0,1,0,0,9,5,325,2.16,0,1,1,2,0,2,0,0
hardcoded-secret,CWE-798,0,1,0,0,0,10,25,249,4.3,1,0,0,9,0,8,1,0
sqli-concat,CWE-89,0,0,1,0,0,13,14,258,3.58,0,0,1,6,0,38,0,0
insecure-deserialize,CWE-502,0,1,0,1,1,2,17,256,2.85,1,1,0,4,0,26,0,0
ssrf-request,CWE-918,0,0,1,1,0,18,23,110,2.65,1,0,0,3,0,19,0,0
sqli-concat,CWE-89,0,0,1,0,0,11,11,247,3.23,0,1,1,8,0,15,0,0
insecure-deserialize,CWE-502,0,0,1,0,0,19,21,216,1.81,0,1,0,5,0,13,1,0
xss-unescaped,CWE-79,0,0,0,0,1,9,26,390,1.69,1,1,0,10,0,20,1,0
insecure-deserialize,CWE-502,1,0,0,0,1,17,29,190,3.4,0,1,0,2,0,36,1,0
sqli-concat,CWE-89,0,1,0,0,0,3,14,254,4.0,0,0,0,8,0,6,1,0
ssrf-request,CWE-918,1,0,1,0,0,9,12,201,1.61,1,1,1,1,1,27,1,0
path-traversal,CWE-22,1,0,1,0,0,19,19,249,3.26,1,1,0,8,0,33,1,1
hardcoded-secret,CWE-798,1,0,1,0,0,1,28,274,1.74,1,0,0,7,0,50,1,1
path-traversal,CWE-22,0,1,0,0,0,8,29,130,2.59,1,1,0,10,0,21,0,0
ssrf-request,CWE-918,1,0,1,0,0,17,30,275,3.04,1,0,0,6,0,22,0,1
hardcoded-secret,CWE-798,1,0,0,0,0,8,16,371,4.12,1,0,0,2,0,14,1,1
insecure-deserialize,CWE-502,0,0,1,0,0,16,2,368,2.35,1,0,0,8,0,6,0,1
xss-unescaped,CWE-79,0,1,0,0,0,1,14,235,3.13,0,0,0,1,0,50,0,0
sqli-concat,CWE-89,0,0,1,1,0,12,19,230,1.62,1,0,0,8,0,49,1,0
xss-unescaped,CWE-79,0,1,0,0,0,9,8,122,4.46,1,0,0,1,0,29,0,1
xss-unescaped,CWE-79,0,0,1,0,0,6,19,31,2.87,0,0,0,6,0,4,1,0
insecure-deserialize,CWE-502,0,0,0,0,0,6,7,261,3.09,0,0,0,1,0,30,1,0
insecure-deserialize,CWE-502,0,1,1,0,0,11,9,29,3.31,0,1,0,1,0,23,0,0
hardcoded-secret,CWE-798,1,0,1,0,1,4,1,253,3.58,0,0,0,8,1,24,0,0
path-traversal,CWE-22,1,0,0,0,0,13,5,33,1.67,0,0,0,8,0,3,0,1
path-traversal,CWE-22,1,0,1,0,0,19,28,56,4.01,1,0,0,5,1,27,0,1
insecure-deserialize,CWE-502,0,1,1,0,0,8,16,234,2.64,1,0,0,1,0,16,1,0
path-traversal,CWE-22,1,0,1,0,0,2,10,258,3.47,1,0,0,4,0,18,1,1
insecure-deserialize,CWE-502,1,0,1,1,0,19,27,381,2.63,0,1,0,6,1,49,1,0
sqli-concat,CWE-89,1,0,0,1,0,9,14,248,2.63,0,1,0,3,0,39,0,0
insecure-deserialize,CWE-502,0,1,1,1,0,2,9,124,4.03,1,0,0,6,0,39,1,0
ssrf-request,CWE-918,0,1,0,1,0,16,9,347,2.59,0,1,0,1,0,43,1,0
xss-unescaped,CWE-79,1,0,0,0,0,11,5,238,3.69,0,0,0,2,1,20,1,0
xss-unescaped,CWE-79,0,1,0,1,1,20,29,263,3.52,0,1,0,2,1,29,0,0
hardcoded-secret,CWE-798,0,0,1,0,0,12,2,324,1.8,0,0,0,1,1,34,0,0
hardcoded-secret,CWE-798,1,0,1,1,0,9,5,112,2.79,1,1,0,5,0,21,1,0
hardcoded-secret,CWE-798,1,0,0,0,0,18,11,147,3.68,1,0,0,6,0,39,1,1
hardcoded-secret,CWE-798,1,0,0,0,0,6,15,328,2.37,1,0,0,0,0,24,0,1
path-traversal,CWE-22,1,0,1,0,0,10,26,207,2.25,0,1,0,9,1,23,0,0
xss-unescaped,CWE-79,1,0,0,0,0,19,9,222,3.26,1,0,1,4,0,15,1,1
sqli-concat,CWE-89,1,0,0,0,1,12,1,227,3.91,0,0,1,9,1,34,0,0
hardcoded-secret,CWE-798,0,1,1,0,0,18,21,62,1.83,1,0,0,10,0,34,0,0
ssrf-request,CWE-918,0,0,0,0,0,4,20,341,4.24,0,1,0,6,0,11,1,0
insecure-deserialize,CWE-502,1,0,1,0,0,6,3,198,3.42,1,1,0,6,0,32,0,1
xss-unescaped,CWE-79,0,0,0,0,0,10,24,277,3.84,1,0,0,10,0,36,1,1
hardcoded-secret,CWE-798,0,1,0,0,0,20,10,105,2.98,1,0,0,5,0,27,0,0
hardcoded-secret,CWE-798,1,0,0,0,0,10,11,231,2.46,1,1,0,9,0,25,1,0
ssrf-request,CWE-918,1,0,0,0,0,9,10,390,4.22,1,1,0,1,0,47,0,1
path-traversal,CWE-22,0,1,1,0,0,6,24,190,3.21,0,1,0,0,0,36,1,0
insecure-deserialize,CWE-502,1,0,0,0,0,9,23,184,1.88,0,0,0,4,0,14,1,1
hardcoded-secret,CWE-798,1,0,0,0,0,14,9,154,2.75,1,0,0,3,0,4,0,1
path-traversal,CWE-22,1,0,1,0,0,11,5,193,2.1,1,0,0,1,0,18,1,1
xss-unescaped,CWE-79,0,1,1,0,0,20,8,245,4.09,1,1,0,3,0,48,0,0
path-traversal,CWE-22,1,0,1,0,0,20,23,386,2.83,0,1,0,4,0,11,1,0
ssrf-request,CWE-918,1,0,0,0,0,10,29,225,2.89,1,1,0,3,0,13,1,1
sqli-concat,CWE-89,0,0,0,0,0,9,6,45,3.96,0,1,0,6,0,48,1,0
path-traversal,CWE-22,1,0,1,0,0,4,26,80,2.86,0,1,0,10,0,42,0,1
ssrf-request,CWE-918,1,0,1,1,0,20,21,366,3.87,1,0,0,4,0,12,1,0
xss-unescaped,CWE-79,0,1,1,0,0,11,23,45,3.59,0,0,0,1,1,12,0,0
ssrf-request,CWE-918,1,0,1,0,0,7,22,289,4.35,1,1,0,4,0,50,1,0
hardcoded-secret,CWE-798,1,0,0,0,0,20,13,257,2.65,1,0,1,10,0,49,0,1
path-traversal,CWE-22,0,1,1,0,1,3,6,148,2.49,1,0,1,6,0,29,1,0
path-traversal,CWE-22,0,0,0,0,0,1,11,323,4.08,0,0,0,2,1,11,1,0
xss-unescaped,CWE-79,0,0,1,0,0,6,22,282,3.72,0,1,0,4,0,22,0,0
insecure-deserialize,CWE-502,1,0,1,0,0,13,27,143,2.77,0,1,0,5,0,31,1,0
hardcoded-secret,CWE-798,0,0,0,0,0,6,11,140,2.03,1,0,0,8,1,5,0,0
hardcoded-secret,CWE-798,0,1,0,0,1,19,10,266,3.3,0,1,1,10,1,22,1,0
ssrf-request,CWE-918,1,0,1,0,0,19,24,299,1.57,0,0,0,9,0,9,0,1
sqli-concat,CWE-89,1,0,0,0,0,15,17,273,1.59,0,0,0,10,0,7,1,1
path-traversal,CWE-22,0,1,0,1,0,12,23,346,3.83,0,1,1,4,0,16,0,0
ssrf-request,CWE-918,1,0,1,0,0,2,17,361,2.12,0,0,0,6,1,35,0,1
ssrf-request,CWE-918,1,0,1,0,0,11,29,214,1.57,1,0,0,10,0,38,0,1
xss-unescaped,CWE-79,0,1,1,0,0,14,10,153,2.09,0,1,1,8,0,24,1,0
path-traversal,CWE-22,1,0,1,0,0,8,14,261,2.97,0,0,0,3,0,8,1,0
sqli-concat,CWE-89,1,0,1,1,0,12,20,227,3.93,1,1,1,1,0,8,1,0
hardcoded-secret,CWE-798,0,0,0,0,0,16,17,399,2.52,1,0,0,2,1,2,1,1
xss-unescaped,CWE-79,1,0,0,0,0,10,28,175,4.46,0,0,0,4,0,22,1,1
xss-unescaped,CWE-79,0,1,0,0,0,7,19,108,1.97,1,1,0,9,1,32,1,0
sqli-concat,CWE-89,0,1,0,0,0,14,9,352,1.75,1,0,0,1,1,22,1,0
ssrf-request,CWE-918,1,0,0,0,0,7,10,354,2.25,1,0,0,7,1,39,0,1
hardcoded-secret,CWE-798,1,0,1,0,0,9,2,124,3.73,1,0,0,10,1,46,1,0
ssrf-request,CWE-918,0,1,0,0,0,9,17,223,1.93,1,0,1,0,0,1,0,0
ssrf-request,CWE-918,0,0,1,0,1,14,20,186,4.47,1,1,0,3,1,28,0,0
path-traversal,CWE-22,0,1,1,0,1,14,2,230,3.45,1,0,1,3,0,40,0,0
hardcoded-secret,CWE-798,0,1,0,0,0,6,11,395,4.25,1,0,1,9,0,44,1,1
ssrf-request,CWE-918,0,1,0,0,0,3,8,274,1.75,0,0,1,5,0,40,0,1
hardcoded-secret,CWE-798,0,1,1,0,0,10,19,294,2.95,1,0,0,3,0,20,1,0
hardcoded-secret,CWE-798,0,0,0,0,0,12,7,139,2.73,1,1,0,4,1,6,0,0
ssrf-request,CWE-918,1,0,0,0,1,11,22,132,4.48,0,0,0,1,1,0,1,0
ssrf-request,CWE-918,1,0,0,0,0,5,21,162,3.14,0,0,0,2,0,47,1,1
sqli-concat,CWE-89,0,0,1,0,0,7,6,374,1.7,1,0,1,6,1,21,1,0
hardcoded-secret,CWE-798,1,0,0,1,0,16,7,89,2.02,0,1,1,8,0,4,0,0
insecure-deserialize,CWE-502,0,0,0,0,0,20,12,311,3.48,1,0,0,1,0,6,0,0
hardcoded-secret,CWE-798,0,0,1,0,0,14,15,310,2.48,1,0,0,5,0,47,0,1
sqli-concat,CWE-89,0,0,1,0,0,2,7,400,3.58,0,0,0,5,0,12,1,0
xss-unescaped,CWE-79,1,0,0,0,0,19,7,58,3.61,0,1,0,4,0,16,0,0
insecure-deserialize,CWE-502,0,0,1,1,0,20,22,367,2.88,1,0,0,1,1,5,0,0
insecure-deserialize,CWE-502,0,0,1,0,0,10,1,161,2.21,0,1,0,3,0,28,0,0
hardcoded-secret,CWE-798,1,0,1,0,0,4,1,398,1.74,0,0,0,9,1,1,1,0
path-traversal,CWE-22,0,1,1,0,0,1,17,289,3.91,0,1,0,5,0,41,0,0
xss-unescaped,CWE-79,0,0,1,0,0,19,11,82,2.47,1,1,0,6,1,3,1,0
xss-unescaped,CWE-79,1,0,1,0,0,6,11,88,3.82,1,0,1,0,0,23,1,1
xss-unescaped,CWE-79,1,0,0,1,0,10,16,123,2.32,1,0,1,3,0,12,1,0
xss-unescaped,CWE-79,0,0,1,0,0,3,19,249,2.79,1,0,0,8,1,20,1,0
xss-unescaped,CWE-79,1,0,1,0,0,17,15,244,1.75,1,1,0,5,1,41,0,1
xss-unescaped,CWE-79,1,0,1,0,0,7,5,308,1.65,1,1,0,0,1,7,0,1
hardcoded-secret,CWE-798,0,1,0,0,0,12,21,156,2.61,1,1,1,8,0,24,1,0
ssrf-request,CWE-918,1,0,1,0,0,12,19,118,2.3,0,0,0,8,0,39,0,1
hardcoded-secret,CWE-798,0,1,0,0,0,2,6,106,4.22,1,1,0,6,1,25,1,0
xss-unescaped,CWE-79,1,0,1,0,0,12,26,168,3.13,1,0,1,0,1,0,1,1
ssrf-request,CWE-918,0,0,1,0,0,17,2,158,4.09,1,1,0,3,0,37,1,0
ssrf-request,CWE-918,0,0,0,0,0,16,11,98,3.89,0,0,0,0,0,18,0,0
sqli-concat,CWE-89,1,0,0,0,0,14,30,97,1.92,1,0,0,8,1,33,0,1
hardcoded-secret,CWE-798,0,0,0,0,0,15,18,214,3.05,0,0,0,1,0,15,1,0
insecure-deserialize,CWE-502,1,0,1,0,0,18,5,85,1.69,1,0,0,3,1,9,1,1
sqli-concat,CWE-89,0,0,1,0,0,6,30,269,1.72,1,1,0,9,1,43,1,0
ssrf-request,CWE-918,0,0,0,0,0,14,5,224,1.88,1,1,1,9,0,20,1,0
ssrf-request,CWE-918,0,1,1,0,0,5,30,159,4.38,1,1,1,6,0,19,1,0
insecure-deserialize,CWE-502,1,0,0,0,0,6,9,328,3.3,1,0,0,4,1,35,1,1
path-traversal,CWE-22,0,1,1,0,0,10,8,314,1.54,1,1,0,10,1,12,0,0
xss-unescaped,CWE-79,1,0,1,0,0,3,19,39,3.32,0,0,0,0,0,2,1,1
sqli-concat,CWE-89,0,0,1,1,0,13,19,254,3.06,1,1,0,0,1,4,1,0
xss-unescaped,CWE-79,0,0,0,0,0,13,17,261,2.41,0,0,0,3,1,32,1,0
hardcoded-secret,CWE-798,1,0,1,0,0,19,26,164,1.93,0,0,0,4,0,44,0,1
sqli-concat,CWE-89,1,0,0,0,0,4,15,345,1.86,0,1,0,9,0,44,0,1
ssrf-request,CWE-918,1,0,1,0,0,5,4,280,4.23,0,0,0,2,0,21,0,1
xss-unescaped,CWE-79,1,0,1,0,0,18,27,310,3.48,1,0,0,0,1,5,0,1
hardcoded-secret,CWE-798,0,1,1,0,0,20,20,334,2.81,1,1,0,10,1,18,0,0
insecure-deserialize,CWE-502,0,0,0,1,0,11,16,149,2.34,0,1,1,6,1,32,1,0
xss-unescaped,CWE-79,1,0,1,0,0,1,9,149,3.88,0,1,1,5,0,19,0,0
path-traversal,CWE-22,1,0,0,0,0,17,24,209,3.45,1,1,0,4,1,44,1,1
xss-unescaped,CWE-79,0,1,1,1,0,20,29,204,4.03,0,1,1,4,0,22,1,0
xss-unescaped,CWE-79,0,0,1,0,0,1,21,315,3.87,0,1,0,2,0,46,1,0
insecure-deserialize,CWE-502,0,0,1,0,0,15,27,275,4.5,1,0,0,1,0,40,0,1
insecure-deserialize,CWE-502,1,0,1,0,0,15,9,243,3.36,1,1,0,7,1,14,0,0
ssrf-request,CWE-918,1,0,0,0,0,10,5,358,1.51,1,0,1,4,0,45,0,1
path-traversal,CWE-22,0,1,1,0,0,9,29,391,3.0,0,0,0,9,0,0,1,0
hardcoded-secret,CWE-798,0,0,1,0,0,10,21,323,2.93,0,1,0,10,0,21,1,0
xss-unescaped,CWE-79,1,0,1,0,0,20,18,180,2.88,1,0,1,0,0,15,0,1
hardcoded-secret,CWE-798,0,0,0,0,0,8,22,295,1.77,1,0,0,9,1,30,1,0
ssrf-request,CWE-918,1,0,1,0,0,2,15,169,4.28,1,1,1,0,0,4,1,0
xss-unescaped,CWE-79,1,0,1,0,0,19,22,373,4.12,1,1,0,6,0,31,1,0
hardcoded-secret,CWE-798,1,0,1,0,0,8,23,313,1.55,1,0,0,8,1,21,0,1
hardcoded-secret,CWE-798,1,0,0,0,0,14,15,277,4.16,1,0,0,0,0,27,1,1
hardcoded-secret,CWE-798,1,0,0,1,0,20,11,241,4.43,1,0,0,7,0,0,1,0
path-traversal,CWE-22,1,0,0,1,0,11,29,241,2.83,1,0,1,6,1,34,0,0
xss-unescaped,CWE-79,0,0,1,0,0,13,24,84,3.31,0,1,0,2,1,9,0,0
hardcoded-secret,CWE-798,1,0,1,0,0,4,26,299,4.4,0,0,0,2,0,22,1,1
path-traversal,CWE-22,1,0,0,0,0,19,21,202,1.88,1,0,0,0,1,49,1,1
sqli-concat,CWE-89,1,0,0,0,0,8,23,265,4.38,0,0,0,3,1,6,0,1
sqli-concat,CWE-89,0,1,1,0,0,14,11,276,1.72,0,1,0,8,0,44,0,0
sqli-concat,CWE-89,1,0,0,1,0,1,9,73,3.76,1,1,0,8,0,20,0,1
path-traversal,CWE-22,1,0,1,1,1,16,29,215,1.65,1,0,1,6,0,28,0,0
sqli-concat,CWE-89,0,1,0,0,0,14,23,36,3.61,1,0,0,1,0,10,1,0
path-traversal,CWE-22,0,0,1,0,0,9,14,295,2.03,0,0,0,4,0,26,1,0
path-traversal,CWE-22,1,0,0,0,0,19,7,285,1.57,1,0,0,6,1,5,1,1
path-traversal,CWE-22,1,0,1,0,0,1,9,172,3.0,0,1,0,0,0,43,1,0
hardcoded-secret,CWE-798,0,0,1,0,0,18,2,50,2.07,0,1,0,8,1,17,0,0
ssrf-request,CWE-918,1,0,0,0,0,6,26,371,1.94,0,1,0,5,0,30,1,1
xss-unescaped,CWE-79,1,0,0,0,0,17,25,221,1.6,1,1,1,8,0,5,0,1
ssrf-request,CWE-918,1,0,0,0,0,15,4,317,2.81,1,0,0,3,0,21,1,1
sqli-concat,CWE-89,1,0,0,0,0,20,26,366,3.06,1,1,1,7,0,8,1,1
hardcoded-secret,CWE-798,0,0,0,1,0,2,24,179,1.69,1,0,0,1,1,17,1,0
xss-unescaped,CWE-79,1,0,1,0,0,19,2,58,2.1,0,0,1,10,0,5,0,0
sqli-concat,CWE-89,1,0,1,0,0,4,7,350,4.38,1,0,0,8,0,26,1,1
xss-unescaped,CWE-79,0,0,1,0,0,13,20,89,1.58,0,1,0,4,0,13,1,0
insecure-deserialize,CWE-502,0,1,1,1,0,9,24,207,2.55,0,1,0,7,0,47,1,0
insecure-deserialize,CWE-502,0,0,1,0,0,3,10,169,2.58,1,0,1,10,0,5,1,0
insecure-deserialize,CWE-502,0,1,0,1,0,18,13,347,2.9,0,0,0,5,0,8,1,0
xss-unescaped,CWE-79,0,0,0,0,0,3,19,337,4.26,0,0,0,8,1,45,0,0
xss-unescaped,CWE-79,0,1,0,0,0,10,29,211,3.93,0,0,0,4,0,42,1,0
insecure-deserialize,CWE-502,1,0,1,0,0,18,29,181,3.31,0,1,0,8,0,2,1,0
ssrf-request,CWE-918,0,1,1,0,0,14,21,136,4.16,1,1,0,6,0,0,1,0
hardcoded-secret,CWE-798,0,1,1,0,0,7,13,143,2.45,0,1,0,10,0,27,0,0
path-traversal,CWE-22,0,0,0,1,0,15,3,84,2.51,0,1,0,7,0,49,1,0
hardcoded-secret,CWE-798,1,0,0,0,0,1,10,150,4.22,1,0,0,1,1,17,0,1
hardcoded-secret,CWE-798,1,0,0,0,0,2,20,145,2.36,1,0,0,4,0,16,0,1
ssrf-request,CWE-918,0,1,1,0,0,3,8,63,3.66,0,0,1,8,1,0,0,0
insecure-deserialize,CWE-502,1,0,0,0,0,2,2,340,2.06,1,0,0,3,0,21,1,1
path-traversal,CWE-22,0,1,1,0,0,19,29,397,2.38,1,1,0,9,0,42,1,0
hardcoded-secret,CWE-798,1,0,0,0,0,8,2,119,2.17,0,1,0,9,0,20,1,0
hardcoded-secret,CWE-798,0,0,1,0,1,9,29,286,2.03,0,1,1,3,0,46,0,0
path-traversal,CWE-22,0,0,1,0,0,10,19,129,3.75,0,1,0,2,1,46,1,0
insecure-deserialize,CWE-502,0,0,1,0,0,15,8,306,3.61,0,1,1,3,0,7,1,0
hardcoded-secret,CWE-798,1,0,0,0,0,13,19,332,2.79,0,1,0,7,1,9,1,0
ssrf-request,CWE-918,1,0,1,0,0,9,19,77,3.88,1,0,0,4,0,11,1,0
path-traversal,CWE-22,1,0,1,1,0,1,28,94,3.05,1,0,0,4,0,44,1,1
path-traversal,CWE-22,0,0,0,0,0,19,8,258,3.3,1,0,1,9,0,34,1,0
hardcoded-secret,CWE-798,0,0,1,0,0,5,6,305,2.52,1,0,1,10,1,47,1,0
xss-unescaped,CWE-79,1,0,0,0,0,10,7,133,4.19,0,1,0,10,0,46,0,0
sqli-concat,CWE-89,0,0,0,0,0,17,2,89,3.08,1,0,0,4,0,38,0,1
xss-unescaped,CWE-79,1,0,0,0,0,2,28,230,3.67,0,1,0,7,0,25,0,1
hardcoded-secret,CWE-798,1,0,0,0,0,9,9,98,3.74,0,1,0,3,1,30,0,0
insecure-deserialize,CWE-502,0,0,1,0,0,3,16,398,1.98,0,0,1,9,1,25,1,0
hardcoded-secret,CWE-798,0,1,1,1,0,15,7,167,4.08,0,0,0,7,0,18,0,0
path-traversal,CWE-22,1,0,1,0,0,18,4,262,2.79,1,1,1,7,0,30,1,0
ssrf-request,CWE-918,0,1,0,0,0,15,8,240,2.24,1,0,1,9,0,38,0,0
hardcoded-secret,CWE-798,1,0,1,0,0,17,23,268,1.84,1,0,0,2,0,20,1,1
sqli-concat,CWE-89,1,0,0,0,0,11,12,345,3.4,1,1,1,8,0,6,1,1
ssrf-request,CWE-918,1,0,0,0,0,19,11,191,1.7,1,0,0,2,0,50,0,1
hardcoded-secret,CWE-798,0,0,0,0,0,4,8,72,2.23,1,1,0,6,1,41,1,0
xss-unescaped,CWE-79,0,0,0,0,0,18,27,98,2.57,0,1,0,9,1,24,1,0
xss-unescaped,CWE-79,1,0,1,0,0,1,13,252,3.64,1,0,0,7,0,5,0,1
ssrf-request,CWE-918,1,0,0,0,0,14,21,76,3.39,0,1,0,8,0,45,0,1
ssrf-request,CWE-918,1,0,0,0,0,8,29,183,4.13,1,1,0,5,0,37,1,1
ssrf-request,CWE-918,1,0,1,0,0,8,6,376,2.66,0,0,1,4,1,28,0,0
sqli-concat,CWE-89,0,1,0,0,1,14,18,370,3.68,1,1,1,0,1,40,1,0
xss-unescaped,CWE-79,1,0,1,0,0,10,6,298,3.06,1,0,0,8,1,7,1,0
hardcoded-secret,CWE-798,1,0,1,0,0,2,15,98,2.62,1,1,0,10,0,0,1,1
insecure-deserialize,CWE-502,0,1,1,0,0,15,2,131,1.77,0,0,0,1,0,47,1,0
sqli-concat,CWE-89,1,0,0,0,0,19,28,54,2.0,1,0,1,7,1,42,0,1
hardcoded-secret,CWE-798,1,0,0,0,0,2,12,349,3.51,0,1,0,6,0,35,0,1
path-traversal,CWE-22,1,0,0,0,0,20,27,257,2.69,1,1,0,3,0,29,1,1
insecure-deserialize,CWE-502,0,0,1,0,0,16,1,77,4.37,0,0,0,1,0,26,1,0
hardcoded-secret,CWE-798,0,1,0,0,0,19,21,350,2.73,1,1,0,7,0,13,1,0
insecure-deserialize,CWE-502,0,1,1,0,0,1,16,36,2.11,1,1,1,3,0,46,0,0
insecure-deserialize,CWE-502,0,1,0,0,0,5,13,122,2.58,1,0,0,6,0,3,0,0
ssrf-request,CWE-918,1,0,0,0,0,18,30,163,3.07,0,1,0,1,0,20,1,0
insecure-deserialize,CWE-502,1,0,1,0,0,15,23,381,3.94,1,1,1,0,1,42,1,1
path-traversal,CWE-22,0,0,1,0,0,18,15,389,3.67,0,0,0,4,1,36,1,0
hardcoded-secret,CWE-798,1,0,1,0,1,3,10,309,2.37,1,0,1,0,0,28,1,0
hardcoded-secret,CWE-798,1,0,1,0,0,4,21,318,2.16,0,0,0,8,0,35,1,1
path-traversal,CWE-22,0,0,1,0,0,15,25,296,2.5,1,1,0,8,1,17,1,0
hardcoded-secret,CWE-798,0,0,0,0,1,14,14,230,1.98,0,0,1,4,0,40,1,0
path-traversal,CWE-22,0,0,0,0,0,6,1,364,2.45,1,1,0,2,0,11,1,0
sqli-concat,CWE-89,0,0,1,0,0,16,14,373,3.6,1,1,0,4,1,15,1,0
path-traversal,CWE-22,1,0,0,0,0,1,29,185,3.45,0,1,0,4,1,36,1,1
path-traversal,CWE-22,0,1,1,0,0,5,24,321,4.16,0,0,0,2,1,15,0,0
sqli-concat,CWE-89,1,0,0,1,0,11,20,70,1.56,1,1,0,4,1,26,0,1
path-traversal,CWE-22,1,0,1,0,0,20,29,33,2.72,0,0,0,0,0,36,1,0
ssrf-request,CWE-918,1,0,0,0,0,20,5,100,3.91,0,1,0,7,0,39,1,1
xss-unescaped,CWE-79,1,0,0,0,0,6,2,238,4.19,1,1,0,0,0,35,0,1
xss-unescaped,CWE-79,1,0,0,0,0,19,23,31,3.81,1,1,0,9,0,7,0,1
insecure-deserialize,CWE-502,1,0,0,0,0,5,15,339,4.35,0,1,0,0,0,16,1,0
path-traversal,CWE-22,0,1,1,0,0,6,11,199,2.8,0,0,0,8,1,14,0,0
hardcoded-secret,CWE-798,1,0,0,0,0,17,20,146,4.33,0,0,1,0,0,41,1,1
insecure-deserialize,CWE-502,1,0,1,0,0,3,3,228,3.63,1,1,0,4,1,12,0,1
path-traversal,CWE-22,1,0,1,0,0,7,10,233,2.82,0,0,0,8,1,11,0,0
sqli-concat,CWE-89,0,0,1,0,0,5,8,279,2.31,1,0,0,10,0,28,0,1
xss-unescaped,CWE-79,1,0,0,0,0,6,23,374,3.63,1,0,1,9,1,29,1,1
xss-unescaped,CWE-79,1,0,1,0,0,19,25,104,3.06,1,0,0,6,1,15,0,1
sqli-concat,CWE-89,1,0,0,0,1,14,12,370,2.85,1,0,0,9,1,27,1,0
ssrf-request,CWE-918,1,0,0,1,0,7,10,327,2.0,0,1,0,9,0,35,1,0
sqli-concat,CWE-89,0,1,1,0,0,11,12,271,1.62,1,1,0,10,0,4,1,0
insecure-deserialize,CWE-502,0,1,1,0,0,8,17,252,1.97,1,0,0,6,0,50,0,0
insecure-deserialize,CWE-502,1,0,0,0,0,2,15,179,2.12,1,1,0,6,0,13,1,1
sqli-concat,CWE-89,1,0,0,0,0,15,25,292,3.08,1,1,1,7,0,50,0,1
sqli-concat,CWE-89,1,0,1,0,0,15,9,341,2.98,1,1,1,1,0,45,0,0
insecure-deserialize,CWE-502,0,0,1,0,0,17,8,127,2.24,0,1,0,0,0,46,0,0
path-traversal,CWE-22,0,1,1,0,0,10,1,314,1.55,0,0,0,10,0,15,1,0
sqli-concat,CWE-89,0,1,0,0,0,1,25,342,4.24,0,1,1,3,0,14,1,0
sqli-concat,CWE-89,0,1,1,0,0,4,17,205,2.9,1,0,1,1,0,17,1,0
sqli-concat,CWE-89,0,0,0,0,1,6,24,249,2.0,1,0,0,9,1,40,1,0
xss-unescaped,CWE-79,0,0,1,1,0,4,13,131,2.78,1,0,0,6,0,36,0,0
xss-unescaped,CWE-79,0,0,1,1,1,6,28,349,1.62,0,1,1,8,0,3,1,0
hardcoded-secret,CWE-798,0,0,1,0,0,10,22,209,1.73,1,1,0,8,0,9,1,0
hardcoded-secret,CWE-798,0,1,0,0,0,3,11,317,3.38,1,1,1,6,1,15,1,0
insecure-deserialize,CWE-502,1,0,0,0,0,18,12,140,4.24,0,0,0,10,0,27,0,1
hardcoded-secret,CWE-798,0,0,0,0,0,16,26,343,3.84,0,1,0,3,0,6,1,0
hardcoded-secret,CWE-798,0,0,0,0,1,2,18,66,2.38,0,0,0,9,1,39,1,0
ssrf-request,CWE-918,1,0,0,0,0,20,2,221,1.97,0,0,0,5,1,28,1,0
sqli-concat,CWE-89,0,1,1,1,0,19,8,230,3.25,0,1,0,5,1,41,0,0
xss-unescaped,CWE-79,1,0,0,0,0,1,18,255,4.17,0,0,1,2,0,29,0,1
path-traversal,CWE-22,0,1,0,0,0,5,20,318,2.9,0,1,0,4,0,20,1,0
sqli-concat,CWE-89,1,0,1,1,0,16,1,205,3.55,1,1,1,6,1,41,0,0
ssrf-request,CWE-918,1,0,1,0,0,13,29,94,2.76,0,1,0,1,1,0,1,0
hardcoded-secret,CWE-798,1,0,1,0,0,17,16,169,1.95,1,0,0,3,0,25,1,1
insecure-deserialize,CWE-502,1,0,0,1,0,4,18,267,2.56,1,1,0,9,0,22,0,1
xss-unescaped,CWE-79,0,0,1,1,0,11,30,128,3.36,1,0,1,2,0,39,0,0
insecure-deserialize,CWE-502,0,0,1,0,0,12,3,54,3.92,0,1,1,6,0,5,1,0
xss-unescaped,CWE-79,0,0,0,0,0,17,12,76,3.66,1,0,0,0,0,43,0,1
insecure-deserialize,CWE-502,0,0,0,0,1,9,16,215,3.57,1,0,1,5,0,37,0,0
xss-unescaped,CWE-79,1,0,0,0,0,1,12,44,3.27,1,0,0,3,0,26,0,1
path-traversal,CWE-22,1,0,1,0,0,7,3,226,2.25,0,1,0,6,0,6,0,0
xss-unescaped,CWE-79,1,0,0,0,1,1,6,149,2.16,1,1,0,9,1,43,0,1
ssrf-request,CWE-918,1,0,1,0,0,3,21,57,4.41,0,1,0,2,0,37,0,0
hardcoded-secret,CWE-798,0,1,1,0,0,14,23,330,2.63,1,1,0,10,0,34,1,0
ssrf-request,CWE-918,0,1,0,0,0,13,25,218,1.84,0,0,0,4,0,25,0,0
sqli-concat,CWE-89,0,1,0,0,0,18,13,63,2.28,0,1,1,2,0,34,1,0
ssrf-request,CWE-918,1,0,0,0,0,17,24,207,3.61,0,1,0,3,1,31,0,0
path-traversal,CWE-22,0,1,1,0,0,12,29,328,2.35,1,0,0,1,1,3,1,0
insecure-deserialize,CWE-502,1,0,0,0,0,17,9,72,3.2,0,1,0,10,0,43,0,0
insecure-deserialize,CWE-502,1,0,1,0,0,5,11,23,3.56,1,1,1,5,0,0,0,0
xss-unescaped,CWE-79,1,0,1,0,0,7,26,292,4.41,0,1,0,2,0,21,1,0
xss-unescaped,CWE-79,1,0,0,0,0,4,17,366,3.01,0,1,0,2,0,40,0,1
ssrf-request,CWE-918,0,0,1,0,0,2,8,24,2.96,1,0,0,10,1,35,0,0
ssrf-request,CWE-918,1,0,0,0,0,12,19,116,3.06,0,1,0,5,0,15,1,0
ssrf-request,CWE-918,0,1,1,0,0,8,25,334,3.0,0,0,0,8,0,8,0,0
hardcoded-secret,CWE-798,1,0,0,1,0,9,16,261,3.91,0,1,0,2,0,14,0,0
insecure-deserialize,CWE-502,1,0,1,0,0,1,25,299,4.5,1,0,1,5,0,36,1,1
path-traversal,CWE-22,0,1,1,0,0,10,24,322,3.24,1,0,1,7,0,27,1,0
insecure-deserialize,CWE-502,0,1,1,0,0,7,19,272,3.9,0,0,0,7,0,49,1,0
ssrf-request,CWE-918,1,0,1,0,0,12,24,154,4.1,0,0,0,9,1,27,0,0
sqli-concat,CWE-89,1,0,0,0,0,20,12,388,2.54,0,0,0,7,1,13,0,0
xss-unescaped,CWE-79,1,0,1,0,1,10,20,143,1.62,1,0,1,6,0,12,0,0
hardcoded-secret,CWE-798,0,0,0,0,0,18,29,390,1.75,1,1,1,5,0,7,1,0
hardcoded-secret,CWE-798,1,0,0,1,0,19,9,87,3.84,1,1,1,0,0,39,0,0
sqli-concat,CWE-89,0,1,0,0,0,10,24,395,2.46,1,0,0,6,0,31,0,1
hardcoded-secret,CWE-798,0,0,0,1,0,10,9,151,4.48,1,1,0,3,0,25,1,0
insecure-deserialize,CWE-502,1,0,1,1,0,11,20,243,3.7,1,1,0,6,0,47,0,0
xss-unescaped,CWE-79,0,1,1,0,0,14,9,230,1.56,1,1,0,6,0,18,1,0
xss-unescaped,CWE-79,1,0,1,0,1,5,10,339,3.89,1,0,0,8,0,25,1,0
xss-unescaped,CWE-79,0,1,1,0,0,10,29,184,3.71,0,0,0,2,0,2,0,0
hardcoded-secret,CWE-798,0,1,1,0,0,16,5,266,3.26,1,1,0,3,0,49,0,0
hardcoded-secret,CWE-798,0,1,0,0,0,4,13,140,2.55,0,1,0,7,0,29,1,0
insecure-deserialize,CWE-502,0,1,0,0,0,16,27,89,3.57,0,1,0,5,0,43,1,0
hardcoded-secret,CWE-798,0,0,1,0,0,8,12,210,2.86,0,1,0,9,1,7,0,0
path-traversal,CWE-22,0,0,0,0,0,9,18,361,3.07,1,0,1,7,0,22,0,1
insecure-deserialize,CWE-502,1,0,0,0,1,12,28,344,3.7,0,1,0,4,0,50,1,0
hardcoded-secret,CWE-798,0,1,0,1,0,5,7,28,4.44,0,0,0,1,1,22,0,0
xss-unescaped,CWE-79,1,0,0,0,0,10,13,297,1.81,0,1,1,0,0,43,0,1
insecure-deserialize,CWE-502,1,0,1,0,0,20,27,399,3.46,1,1,1,5,0,31,0,1
xss-unescaped,CWE-79,0,1,0,0,1,3,3,204,2.61,1,0,0,5,1,0,0,0
xss-unescaped,CWE-79,1,0,0,1,0,17,20,41,2.69,1,1,0,3,0,38,0,1
ssrf-request,CWE-918,0,1,0,0,0,20,18,345,1.84,1,1,0,5,0,21,0,0
insecure-deserialize,CWE-502,1,0,0,0,0,17,11,196,4.04,0,1,0,7,0,48,1,0
hardcoded-secret,CWE-798,1,0,0,0,0,7,25,117,3.33,1,0,1,10,0,23,1,1
path-traversal,CWE-22,1,0,0,1,0,15,8,344,1.6,1,1,0,3,0,44,0,0
sqli-concat,CWE-89,1,0,1,1,0,19,5,177,3.78,1,1,0,5,0,32,1,0
insecure-deserialize,CWE-502,0,0,1,0,0,3,12,137,3.4,0,0,0,1,0,29,0,0
insecure-deserialize,CWE-502,1,0,0,0,1,15,26,167,3.92,0,1,0,3,1,25,0,0
xss-unescaped,CWE-79,0,1,0,0,0,15,5,107,2.1,0,0,0,9,0,48,0,0
xss-unescaped,CWE-79,1,0,1,0,0,16,15,379,1.83,1,1,1,10,1,12,0,0
insecure-deserialize,CWE-502,0,0,0,1,0,16,18,270,3.76,1,0,0,1,0,31,1,0
hardcoded-secret,CWE-798,1,0,0,0,0,19,12,389,3.94,1,1,0,7,0,1,0,1
insecure-deserialize,CWE-502,0,0,1,0,0,6,27,215,1.73,0,1,0,6,0,50,0,0
sqli-concat,CWE-89,1,0,0,0,0,9,15,209,3.07,0,1,0,8,0,8,0,1
insecure-deserialize,CWE-502,0,1,0,0,0,4,11,77,3.86,0,0,1,4,1,50,0,0
xss-unescaped,CWE-79,1,0,0,1,0,4,9,283,2.28,0,0,1,4,0,27,1,0
xss-unescaped,CWE-79,0,0,1,0,0,19,17,257,3.22,0,1,1,8,0,31,0,0
hardcoded-secret,CWE-798,1,0,1,0,0,10,22,294,4.29,0,1,0,9,1,46,0,0
ssrf-request,CWE-918,0,1,1,1,0,18,17,189,2.58,1,0,1,1,0,35,0,0
xss-unescaped,CWE-79,1,0,0,0,0,1,7,269,2.05,0,0,0,10,1,48,0,0
insecure-deserialize,CWE-502,0,1,1,0,0,14,12,107,2.56,1,0,0,9,1,18,0,0
path-traversal,CWE-22,1,0,0,0,1,5,3,105,4.41,0,0,0,5,1,22,1,0
hardcoded-secret,CWE-798,0,0,1,1,0,19,15,285,3.99,1,1,0,6,0,25,1,0
ssrf-request,CWE-918,1,0,1,0,0,7,20,134,3.94,0,0,0,8,0,10,0,0
path-traversal,CWE-22,1,0,0,0,0,2,1,200,2.22,1,1,0,2,1,37,0,1
sqli-concat,CWE-89,0,0,0,0,0,19,2,261,4.32,1,1,0,4,0,22,1,1
path-traversal,CWE-22,0,0,0,0,0,18,1,245,2.33,0,1,1,6,0,9,1,0
ssrf-request,CWE-918,0,0,0,0,0,19,16,374,2.41,1,1,0,8,1,35,1,1
ssrf-request,CWE-918,1,0,0,0,0,12,19,90,2.79,1,0,0,10,0,18,0,1
path-traversal,CWE-22,0,1,0,0,0,7,14,72,3.28,0,1,1,4,0,36,0,0
xss-unescaped,CWE-79,0,1,0,0,0,15,25,308,2.7,0,0,0,5,0,49,1,0
hardcoded-secret,CWE-798,0,1,0,0,0,17,5,85,3.84,1,1,1,9,1,31,1,0
insecure-deserialize,CWE-502,0,0,1,1,0,8,28,269,2.16,1,1,1,6,0,27,0,0
xss-unescaped,CWE-79,1,0,0,0,0,9,23,387,3.9,1,0,0,6,0,45,0,1
sqli-concat,CWE-89,0,1,0,0,0,6,23,260,2.09,0,0,1,1,0,2,1,0
xss-unescaped,CWE-79,0,0,0,0,0,19,4,388,3.0,0,1,1,5,1,20,0,0
path-traversal,CWE-22,1,0,1,0,0,18,7,386,1.75,0,1,0,4,0,34,1,0
insecure-deserialize,CWE-502,0,1,0,1,0,3,21,93,2.79,0,1,0,3,0,40,1,0
insecure-deserialize,CWE-502,1,0,0,0,1,3,22,232,3.75,1,0,0,5,0,11,0,1
xss-unescaped,CWE-79,1,0,1,1,1,2,5,121,3.95,0,0,1,5,0,5,1,0
path-traversal,CWE-22,0,1,1,0,0,13,5,325,1.94,0,0,0,4,0,33,0,0
hardcoded-secret,CWE-798,0,1,0,0,0,18,29,59,2.41,0,0,0,3,0,17,1,0
sqli-concat,CWE-89,0,0,0,0,0,19,26,221,2.43,0,0,0,0,1,13,0,1
insecure-deserialize,CWE-502,0,0,1,0,0,17,28,263,3.88,0,0,0,4,0,8,0,0
sqli-concat,CWE-89,0,1,1,0,0,13,23,186,2.38,1,1,0,9,0,20,0,0
path-traversal,CWE-22,0,1,0,0,0,4,3,92,3.64,0,0,1,5,0,45,1,0
ssrf-request,CWE-918,1,0,0,0,0,6,17,23,2.3,1,1,0,9,0,44,1,1
xss-unescaped,CWE-79,1,0,0,0,0,19,15,211,1.99,1,1,0,0,0,33,0,1
path-traversal,CWE-22,1,0,0,0,0,1,25,290,1.73,1,0,0,5,0,23,0,1
insecure-deserialize,CWE-502,1,0,0,0,0,14,7,147,3.07,0,1,0,3,0,17,0,0
ssrf-request,CWE-918,1,0,1,0,0,7,18,339,2.24,1,1,1,2,0,23,1,1
hardcoded-secret,CWE-798,1,0,0,0,0,7,9,36,1.64,0,1,0,10,0,38,0,0
xss-unescaped,CWE-79,1,0,0,0,0,2,13,87,2.85,0,1,1,4,1,1,0,0
path-traversal,CWE-22,1,0,0,0,0,12,7,166,1.98,0,1,0,4,0,9,1,0
xss-unescaped,CWE-79,1,0,1,0,0,9,18,163,2.24,0,0,1,6,1,6,0,0
insecure-deserialize,CWE-502,0,0,1,0,0,1,25,361,4.3,0,0,0,1,0,24,0,1
insecure-deserialize,CWE-502,0,1,0,0,0,10,18,134,3.94,1,1,0,6,0,42,0,0
ssrf-request,CWE-918,0,0,1,0,0,15,19,167,3.8,1,0,0,6,0,46,0,0
ssrf-request,CWE-918,0,1,1,0,0,19,12,113,2.38,0,0,1,5,0,50,0,0
xss-unescaped,CWE-79,0,1,1,0,0,11,9,41,1.66,0,0,1,10,0,19,1,0
insecure-deserialize,CWE-502,1,0,1,0,0,18,7,272,2.5,1,1,0,2,0,38,1,0
sqli-concat,CWE-89,1,0,0,0,0,11,6,277,2.4,1,1,0,9,0,23,0,1
insecure-deserialize,CWE-502,0,0,0,1,0,8,25,395,2.14,1,1,0,4,1,32,0,0
xss-unescaped,CWE-79,1,0,0,0,0,10,3,25,2.91,0,1,0,10,1,38,0,0
insecure-deserialize,CWE-502,1,0,0,0,1,16,1,158,3.78,0,0,0,8,1,21,0,0
ssrf-request,CWE-918,1,0,1,0,0,2,28,211,3.91,0,0,0,3,1,6,1,1
insecure-deserialize,CWE-502,1,0,0,1,0,5,25,359,3.84,1,0,0,5,1,22,0,1
ssrf-request,CWE-918,1,0,1,0,0,3,7,233,2.54,1,1,0,6,0,2,1,1
ssrf-request,CWE-918,1,0,1,0,0,20,22,136,1.81,0,1,0,6,1,18,0,0
ssrf-request,CWE-918,1,0,0,0,0,6,13,92,1.61,1,0,0,3,0,40,0,1
hardcoded-secret,CWE-798,1,0,1,0,0,10,25,358,1.86,1,0,0,8,0,0,0,1
sqli-concat,CWE-89,0,0,1,0,0,12,22,289,3.24,0,0,0,1,1,30,1,0
insecure-deserialize,CWE-502,1,0,1,0,0,2,1,201,1.91,0,0,0,5,1,47,0,1
sqli-concat,CWE-89,1,0,1,1,0,5,3,291,2.99,0,0,0,2,0,7,1,0
xss-unescaped,CWE-79,1,0,1,0,0,4,7,353,3.3,0,1,0,10,0,4,1,0
insecure-deserialize,CWE-502,1,0,0,0,0,11,6,148,3.92,0,1,0,8,1,3,1,0
xss-unescaped,CWE-79,1,0,0,0,0,7,23,173,1.77,1,0,1,1,0,11,0,1
ssrf-request,CWE-918,0,0,0,0,0,20,24,201,4.04,0,0,0,4,1,33,1,0
insecure-deserialize,CWE-502,1,0,1,0,1,20,11,258,1.9,0,1,0,9,0,4,1,0
insecure-deserialize,CWE-502,0,1,0,1,0,13,18,156,4.13,1,0,0,10,1,42,1,0
sqli-concat,CWE-89,1,0,1,0,0,16,27,360,3.73,1,1,1,7,0,33,0,1
path-traversal,CWE-22,0,0,1,1,0,19,4,94,3.83,0,0,0,0,1,47,0,0
ssrf-request,CWE-918,1,0,1,0,0,2,8,126,2.61,1,1,0,10,1,16,1,0
xss-unescaped,CWE-79,1,0,1,0,0,4,18,118,3.31,1,0,0,10,0,23,1,1
hardcoded-secret,CWE-798,0,0,0,0,0,13,13,223,2.58,1,1,0,0,0,37,0,0
insecure-deserialize,CWE-502,0,0,0,0,0,6,30,365,4.32,1,1,0,0,0,46,0,1
insecure-deserialize,CWE-502,1,0,1,0,0,19,21,232,3.94,1,1,0,6,1,24,0,1
path-traversal,CWE-22,1,0,1,0,0,18,12,326,4.44,1,1,0,2,0,32,0,1
xss-unescaped,CWE-79,1,0,1,0,0,3,8,227,1.96,1,1,0,4,0,14,1,1
insecure-deserialize,CWE-502,0,0,1,0,0,18,12,118,4.09,0,1,0,0,1,2,0,0
ssrf-request,CWE-918,0,0,0,0,0,7,13,319,2.59,1,1,1,8,0,41,0,0
ssrf-request,CWE-918,1,0,1,0,0,16,13,145,4.2,1,0,0,1,0,42,1,1
path-traversal,CWE-22,0,0,1,0,0,19,29,107,2.85,0,1,0,7,0,47,1,0
xss-unescaped,CWE-79,0,1,1,0,0,6,19,30,1.55,0,0,0,3,1,50,1,0
insecure-deserialize,CWE-502,1,0,1,0,0,16,6,366,3.92,1,1,1,0,1,18,1,0
ssrf-request,CWE-918,0,0,1,0,0,6,26,88,4.4,0,0,0,4,0,44,0,0
xss-unescaped,CWE-79,1,0,0,1,0,6,21,30,3.06,0,1,0,0,1,41,1,0
path-traversal,CWE-22,1,0,0,0,0,8,5,289,2.26,0,0,0,2,0,41,0,1
hardcoded-secret,CWE-798,0,0,0,0,0,3,8,354,2.56,0,1,1,3,0,40,0,0
hardcoded-secret,CWE-798,0,0,0,0,0,6,15,337,3.26,1,0,0,7,0,12,0,1
path-traversal,CWE-22,1,0,0,0,0,19,18,76,4.13,0,0,0,4,0,1,0,1
sqli-concat,CWE-89,1,0,0,0,0,18,9,281,2.86,1,0,0,0,0,31,1,1
insecure-deserialize,CWE-502,1,0,0,0,0,10,2,145,3.7,0,0,0,6,0,21,1,1
hardcoded-secret,CWE-798,1,0,1,0,1,16,10,76,2.38,0,0,1,6,0,43,1,0
path-traversal,CWE-22,0,0,0,0,1,1,8,125,2.7,0,1,0,7,0,2,0,0
insecure-deserialize,CWE-502,0,0,1,0,0,3,22,92,3.19,0,0,0,7,0,8,0,1
ssrf-request,CWE-918,1,0,1,0,0,9,23,96,3.69,1,0,0,7,1,26,0,1
sqli-concat,CWE-89,0,0,0,0,0,12,3,279,2.17,0,1,1,10,0,5,1,0
hardcoded-secret,CWE-798,1,0,0,0,0,9,24,250,2.31,0,1,0,3,1,18,1,0
xss-unescaped,CWE-79,1,0,1,0,0,8,6,203,2.19,0,1,0,4,0,19,0,0
hardcoded-secret,CWE-798,1,0,1,0,0,5,13,373,2.25,0,1,0,2,0,9,0,0
hardcoded-secret,CWE-798,0,1,0,0,0,4,14,187,2.05,1,0,0,3,0,25,1,1
xss-unescaped,CWE-79,1,0,1,1,0,1,2,167,1.64,1,1,0,9,0,30,0,0
xss-unescaped,CWE-79,1,0,1,0,1,4,23,187,3.94,1,0,1,6,1,4,1,0
hardcoded-secret,CWE-798,0,1,0,0,1,1,16,131,2.37,0,1,1,3,0,8,0,0
path-traversal,CWE-22,0,1,0,0,0,11,14,235,3.26,1,0,0,0,1,1,1,0
ssrf-request,CWE-918,0,1,0,0,0,14,20,220,3.2,0,0,0,2,0,20,0,0
hardcoded-secret,CWE-798,1,0,1,0,0,11,12,167,4.12,1,0,0,10,0,13,0,1
ssrf-request,CWE-918,0,0,1,0,0,3,22,140,4.11,0,0,1,0,1,6,0,0
ssrf-request,CWE-918,0,1,0,0,0,16,1,99,2.24,1,1,1,3,0,41,1,0
xss-unescaped,CWE-79,1,0,0,0,0,19,27,367,1.73,0,0,0,1,0,31,1,1
ssrf-request,CWE-918,0,0,0,0,0,2,24,78,3.07,1,0,1,6,0,26,1,1
sqli-concat,CWE-89,1,0,1,1,0,18,8,329,4.39,1,0,0,4,0,3,1,0
xss-unescaped,CWE-79,0,1,1,0,0,18,3,211,1.64,0,1,0,0,1,43,0,0
path-traversal,CWE-22,1,0,1,0,0,11,8,375,4.39,1,1,0,9,0,45,0,1
path-traversal,CWE-22,0,0,1,1,0,3,9,231,2.53,0,0,0,3,0,10,0,0
path-traversal,CWE-22,0,1,0,0,0,17,3,335,2.77,0,0,0,8,1,41,1,0
hardcoded-secret,CWE-798,1,0,1,0,0,14,8,165,3.17,0,0,1,7,0,16,1,0
hardcoded-secret,CWE-798,1,0,1,0,1,16,4,55,3.5,0,0,1,9,0,20,1,0
xss-unescaped,CWE-79,0,0,1,0,0,19,25,39,3.14,0,0,0,10,0,22,1,0
insecure-deserialize,CWE-502,0,0,0,1,0,4,28,135,2.82,0,0,0,4,0,24,1,0
insecure-deserialize,CWE-502,1,0,1,0,0,7,8,342,3.02,1,1,0,8,1,4,0,0
insecure-deserialize,CWE-502,0,0,1,0,0,12,4,296,2.66,0,1,0,2,0,49,1,0
insecure-deserialize,CWE-502,1,0,0,0,0,2,14,178,3.83,1,1,1,4,0,12,1,1
hardcoded-secret,CWE-798,1,0,0,0,0,17,17,239,1.88,1,1,1,7,0,19,0,1
ssrf-request,CWE-918,1,0,1,0,0,4,7,319,1.63,1,1,1,8,0,35,0,1
insecure-deserialize,CWE-502,0,1,1,0,0,18,24,124,1.92,1,0,0,2,1,46,1,0
sqli-concat,CWE-89,1,0,1,0,1,3,9,266,2.45,0,1,0,10,0,31,1,0
sqli-concat,CWE-89,0,0,1,1,0,13,2,332,1.54,1,1,0,5,1,19,0,0
ssrf-request,CWE-918,1,0,1,0,0,16,17,60,2.68,0,1,0,5,0,40,0,0
path-traversal,CWE-22,1,0,1,0,0,8,20,153,3.74,0,0,1,6,0,42,0,1
xss-unescaped,CWE-79,1,0,1,0,0,10,6,291,3.72,1,1,0,6,1,39,0,0
ssrf-request,CWE-918,1,0,1,0,1,6,17,152,2.3,0,0,1,6,0,8,1,0
xss-unescaped,CWE-79,0,1,1,0,0,6,22,172,2.81,0,1,1,10,0,40,0,0
path-traversal,CWE-22,0,0,0,0,0,14,22,22,3.74,0,0,1,2,1,35,1,0
hardcoded-secret,CWE-798,0,1,1,0,0,13,7,386,4.35,0,0,1,1,0,36,0,0
ssrf-request,CWE-918,1,0,1,0,0,6,2,132,2.51,1,0,1,10,1,36,0,1
hardcoded-secret,CWE-798,0,1,1,0,0,16,2,80,2.84,0,0,0,4,1,27,0,0
sqli-concat,CWE-89,1,0,0,0,0,11,13,144,3.64,0,1,0,3,0,45,1,0
insecure-deserialize,CWE-502,1,0,0,0,0,8,20,129,3.45,0,0,0,3,0,49,1,1
hardcoded-secret,CWE-798,1,0,1,0,0,14,15,32,1.71,1,1,0,4,0,22,0,0
hardcoded-secret,CWE-798,1,0,1,0,1,20,3,75,3.32,1,1,0,10,0,36,1,0
insecure-deserialize,CWE-502,1,0,0,0,0,12,5,323,1.95,0,1,1,7,1,0,1,0
xss-unescaped,CWE-79,0,1,1,1,0,10,5,187,2.51,0,1,0,0,0,14,0,0
hardcoded-secret,CWE-798,0,1,0,1,0,17,22,180,3.4,0,1,1,10,0,23,0,0
xss-unescaped,CWE-79,1,0,1,0,0,13,4,397,3.9,0,0,1,6,0,5,0,0
xss-unescaped,CWE-79,1,0,0,1,0,8,25,82,3.95,1,0,0,4,0,34,1,1
path-traversal,CWE-22,1,0,1,0,0,13,25,333,4.2,1,1,0,8,1,2,1,0
hardcoded-secret,CWE-798,1,0,0,0,0,2,7,23,3.14,0,1,0,0,0,21,0,1
ssrf-request,CWE-918,0,1,0,0,1,13,28,368,3.58,0,1,0,8,1,13,0,0
hardcoded-secret,CWE-798,1,0,1,0,0,12,27,220,2.45,1,1,0,8,0,42,1,0
ssrf-request,CWE-918,1,0,0,1,0,5,22,230,4.37,1,0,0,2,0,22,1,0
path-traversal,CWE-22,0,1,0,0,0,9,13,209,2.32,1,0,0,4,0,30,1,0
ssrf-request,CWE-918,1,0,1,1,0,12,14,212,4.4,0,0,0,9,0,48,1,0
ssrf-request,CWE-918,1,0,1,0,0,7,24,305,3.64,1,1,0,0,1,6,1,0
ssrf-request,CWE-918,1,0,1,0,0,19,19,145,1.82,1,0,0,2,0,7,1,1
path-traversal,CWE-22,1,0,1,1,0,13,23,251,2.42,1,1,1,7,0,50,0,0
sqli-concat,CWE-89,0,0,0,1,0,11,19,248,2.13,1,1,0,5,0,7,0,0
insecure-deserialize,CWE-502,0,1,0,1,1,9,17,342,4.0,0,1,0,6,0,41,1,0
insecure-deserialize,CWE-502,0,1,1,0,0,15,25,160,4.18,0,0,0,0,0,48,1,0
hardcoded-secret,CWE-798,1,0,1,0,1,11,2,128,3.5,1,0,0,2,0,13,1,0
xss-unescaped,CWE-79,1,0,1,0,0,11,9,116,2.55,1,0,0,9,0,2,0,1
xss-unescaped,CWE-79,1,0,1,0,0,16,12,374,4.37,0,0,1,8,0,30,1,0
xss-unescaped,CWE-79,0,0,0,0,0,9,29,88,1.94,0,0,0,9,0,33,1,0
insecure-deserialize,CWE-502,0,0,1,0,0,19,14,97,3.44,0,1,0,1,1,11,0,0
hardcoded-secret,CWE-798,1,0,0,0,1,20,5,286,2.34,0,0,1,6,0,8,0,0
hardcoded-secret,CWE-798,1,0,1,0,0,19,14,329,4.4,0,1,1,5,0,47,0,0
sqli-concat,CWE-89,0,1,1,0,0,3,23,204,2.3,1,1,0,4,1,4,0,0
sqli-concat,CWE-89,1,0,1,0,0,4,28,385,3.54,0,1,0,5,0,2,0,0
hardcoded-secret,CWE-798,1,0,0,0,0,5,3,364,3.02,1,0,0,9,1,37,1,1
ssrf-request,CWE-918,0,0,0,0,0,6,13,334,3.07,0,1,0,10,0,28,1,0
xss-unescaped,CWE-79,0,1,1,1,0,8,12,213,2.62,0,1,0,10,1,47,0,0
path-traversal,CWE-22,0,0,1,0,0,18,23,230,4.34,0,0,0,2,0,25,1,0
path-traversal,CWE-22,1,0,1,0,0,20,27,153,2.94,1,0,0,6,0,40,1,1
xss-unescaped,CWE-79,0,1,1,0,0,9,1,315,3.43,0,0,0,1,1,41,0,0
sqli-concat,CWE-89,0,0,1,0,0,6,8,324,4.32,1,0,1,4,0,34,0,0
ssrf-request,CWE-918,0,0,1,0,0,5,18,31,3.75,1,1,0,1,0,6,1,0
path-traversal,CWE-22,0,1,1,0,0,14,13,145,3.39,1,1,0,2,0,21,1,0
insecure-deserialize,CWE-502,0,0,1,1,0,16,5,327,2.19,0,0,0,9,0,34,1,0
ssrf-request,CWE-918,0,0,1,0,0,11,13,74,2.37,1,0,1,4,0,50,1,0
ssrf-request,CWE-918,0,0,0,0,0,20,24,306,3.62,0,1,0,5,0,40,0,0
xss-unescaped,CWE-79,0,0,0,0,0,5,25,268,2.16,1,1,0,5,1,28,0,1
xss-unescaped,CWE-79,1,0,1,0,0,4,23,210,1.58,0,1,0,4,0,38,1,1
path-traversal,CWE-22,0,1,1,0,0,9,11,95,4.38,0,0,0,3,0,5,1,0
insecure-deserialize,CWE-502,1,0,1,0,0,16,14,96,2.69,1,1,1,6,1,43,1,0
hardcoded-secret,CWE-798,1,0,1,0,0,5,24,229,3.28,0,0,1,3,0,42,1,0
hardcoded-secret,CWE-798,1,0,0,0,1,4,10,49,2.1,0,0,0,9,0,31,1,1
ssrf-request,CWE-918,1,0,1,0,0,9,25,375,4.0,0,0,0,7,0,25,1,0
insecure-deserialize,CWE-502,1,0,0,1,0,10,29,344,3.48,1,1,0,4,0,7,1,1
ssrf-request,CWE-918,0,1,1,0,0,14,4,51,2.15,1,1,0,6,0,25,1,0
insecure-deserialize,CWE-502,1,0,0,0,0,20,29,98,3.08,1,0,0,4,0,49,1,1
xss-unescaped,CWE-79,1,0,1,0,0,7,28,395,1.79,1,0,1,4,0,34,0,1
insecure-deserialize,CWE-502,1,0,0,0,0,12,6,173,1.6,0,0,1,7,0,27,1,1
hardcoded-secret,CWE-798,1,0,0,0,0,5,18,286,4.23,1,1,0,4,0,12,0,1
sqli-concat,CWE-89,1,0,0,0,0,9,28,287,3.75,1,0,0,4,1,30,0,1
hardcoded-secret,CWE-798,0,1,0,1,0,3,15,61,2.12,1,1,1,8,0,16,0,0
ssrf-request,CWE-918,1,0,1,0,0,12,28,342,4.42,1,0,0,4,0,49,0,1
sqli-concat,CWE-89,0,1,1,0,0,14,5,189,4.47,0,1,0,1,1,48,1,0
ssrf-request,CWE-918,1,0,1,0,0,7,23,308,1.65,1,0,0,2,1,25,0,1
path-traversal,CWE-22,1,0,0,1,0,8,7,295,1.73,0,0,1,3,0,8,1,0
xss-unescaped,CWE-79,0,0,0,0,0,6,20,189,3.18,0,0,0,5,0,18,0,1
insecure-deserialize,CWE-502,1,0,0,0,0,4,27,293,4.43,1,1,0,8,1,39,0,1
insecure-deserialize,CWE-502,1,0,1,1,0,19,1,392,1.67,1,0,0,5,0,42,0,1
xss-unescaped,CWE-79,0,0,0,1,0,18,26,331,3.62,1,0,0,8,0,34,1,0
insecure-deserialize,CWE-502,0,1,0,0,0,16,17,47,4.34,1,0,0,1,0,40,0,0
sqli-concat,CWE-89,0,1,1,0,0,10,24,125,1.62,1,0,1,1,1,17,1,0
xss-unescaped,CWE-79,1,0,1,0,0,3,29,313,1.7,1,0,1,4,1,0,0,1
path-traversal,CWE-22,1,0,0,0,0,6,10,245,4.19,1,1,1,8,0,13,0,1
insecure-deserialize,CWE-502,1,0,1,0,0,13,17,242,2.54,0,0,0,2,0,45,0,1
path-traversal,CWE-22,0,0,1,0,0,6,3,270,3.64,0,1,1,8,0,25,0,0
sqli-concat,CWE-89,0,0,0,0,0,7,4,324,2.76,1,0,0,3,0,7,1,1
path-traversal,CWE-22,0,1,1,0,0,9,18,380,3.59,1,0,0,0,1,50,0,0
insecure-deserialize,CWE-502,0,1,1,0,0,17,5,338,3.04,1,1,0,3,0,22,0,0
ssrf-request,CWE-918,1,0,1,1,0,16,15,342,2.91,1,0,0,9,1,35,1,0
insecure-deserialize,CWE-502,0,1,1,0,0,4,26,363,1.89,0,1,1,4,1,10,0,0
sqli-concat,CWE-89,1,0,0,0,0,16,22,282,1.51,0,1,0,2,0,22,1,0
hardcoded-secret,CWE-798,1,0,0,0,0,7,22,179,3.96,1,1,1,2,0,36,1,1
xss-unescaped,CWE-79,0,1,1,0,0,3,30,32,4.04,1,1,0,10,0,25,0,0
insecure-deserialize,CWE-502,1,0,0,0,0,5,25,151,2.38,0,0,0,8,0,16,1,1
sqli-concat,CWE-89,0,0,1,0,0,9,19,266,3.87,1,0,0,4,0,40,0,1
ssrf-request,CWE-918,0,0,0,1,0,1,12,285,2.03,1,0,0,4,1,25,1,0
insecure-deserialize,CWE-502,0,0,1,0,0,10,23,310,3.67,0,1,0,6,0,22,0,0
path-traversal,CWE-22,0,1,1,0,0,14,26,354,3.82,0,0,0,6,1,27,1,0
xss-unescaped,CWE-79,0,0,0,0,0,3,5,322,1.99,0,0,0,1,0,15,0,1
hardcoded-secret,CWE-798,0,1,1,0,0,18,19,335,4.42,1,1,0,1,1,7,1,0
sqli-concat,CWE-89,1,0,1,1,0,1,17,379,3.48,1,0,0,9,1,49,1,0
ssrf-request,CWE-918,1,0,0,0,0,20,29,54,1.97,0,0,0,9,0,24,0,1
path-traversal,CWE-22,0,0,1,0,0,8,25,397,2.34,1,1,0,5,1,27,0,0
insecure-deserialize,CWE-502,0,0,0,0,0,16,30,71,4.32,1,0,0,10,0,23,0,1
ssrf-request,CWE-918,0,0,1,0,0,13,21,124,2.03,0,1,1,2,1,0,1,0
xss-unescaped,CWE-79,0,1,1,1,1,11,19,383,2.17,0,1,0,8,1,21,1,0
insecure-deserialize,CWE-502,1,0,0,0,1,2,16,136,3.18,0,0,0,3,0,30,0,1
hardcoded-secret,CWE-798,1,0,0,0,0,5,16,298,3.71,1,0,0,9,1,46,1,1
hardcoded-secret,CWE-798,1,0,1,1,0,8,12,72,3.59,1,1,0,4,0,26,0,0
sqli-concat,CWE-89,1,0,0,0,0,7,2,398,3.32,1,1,1,1,1,43,0,1
sqli-concat,CWE-89,1,0,1,0,0,20,25,348,4.21,1,1,0,10,1,1,1,0
sqli-concat,CWE-89,0,0,0,0,0,11,24,103,4.49,1,1,1,5,0,12,1,0
insecure-deserialize,CWE-502,0,1,1,0,0,13,10,27,1.54,0,1,0,7,0,28,0,0
insecure-deserialize,CWE-502,0,0,0,0,0,19,17,147,1.66,0,1,1,2,0,46,0,0
insecure-deserialize,CWE-502,0,0,1,0,0,6,26,164,4.36,1,1,0,3,0,32,0,0
insecure-deserialize,CWE-502,0,1,0,0,0,10,13,375,4.06,0,0,0,0,1,24,0,0
ssrf-request,CWE-918,0,1,0,0,1,6,16,295,2.91,1,0,0,4,0,40,1,0
path-traversal,CWE-22,1,0,0,0,0,14,2,40,4.08,0,1,0,9,0,28,0,0
hardcoded-secret,CWE-798,0,1,1,0,0,10,6,252,3.18,1,1,1,5,0,41,0,0
hardcoded-secret,CWE-798,1,0,0,0,0,1,10,302,3.91,1,0,0,5,0,38,0,1
insecure-deserialize,CWE-502,1,0,0,0,0,6,30,351,1.52,1,1,1,2,0,43,1,1
ssrf-request,CWE-918,1,0,1,0,0,5,29,234,2.11,1,0,0,7,0,44,0,1
hardcoded-secret,CWE-798,1,0,0,0,0,14,29,90,2.9,0,1,1,8,0,14,1,0
sqli-concat,CWE-89,0,1,1,0,0,19,16,319,2.58,0,1,0,8,1,15,1,0
path-traversal,CWE-22,0,0,1,0,0,4,2,348,2.91,0,1,1,1,0,19,1,0
hardcoded-secret,CWE-798,1,0,0,0,1,3,5,211,2.88,0,1,0,1,1,2,0,1
